Actual,Predicted,Placement_Probability
-1,0,7.721352205822963e-65
0,0,0.40099927641817706
0,0,2.4259165318935036e-23
-1,0,1.5422148276668458e-47
0,0,0.0067217673615464395
0,1,0.9992385207630193
0,0,2.7288389848682037e-05
0,0,4.504103341383476e-27
-1,0,3.0484237394138882e-37
0,0,2.4708944861349466e-15
-1,0,3.050906563390897e-40
0,0,1.833051734226253e-25
0,0,1.2459753509623552e-13
0,0,1.7085051752709348e-18
0,0,3.9368132159254926e-28
0,0,3.5573519670672507e-23
-1,0,2.1342284028137228e-48
0,0,1.4745909316855616e-13
0,0,8.233765155923364e-57
-1,0,1.7259868016417335e-48
0,0,8.405472868635131e-12
0,1,0.9999997544531459
-1,0,2.0393531310258143e-42
0,0,1.3828225274154256e-21
0,0,1.936826247563229e-21
0,0,2.2922013815935168e-21
0,0,3.2295190033169595e-05
0,0,6.02077258517588e-24
-1,0,1.4324262895575532e-65
0,1,0.9999999969244722
0,0,1.1732003907898239e-36
0,0,2.4180293347953594e-11
0,0,0.0007922964240675578
-1,0,5.3479180437441315e-39
0,0,4.327693188879387e-11
-1,0,3.391509569309257e-54
0,0,4.259305924737836e-28
0,0,4.774617383160802e-35
0,0,2.5805907104107215e-06
-1,0,1.8345446844149003e-28
-1,0,1.024366132663733e-71
0,0,5.040817129361416e-28
0,0,2.880396343114492e-35
0,0,8.881330911419466e-08
-1,0,5.673728419151599e-50
0,0,0.0005657986584487429
0,0,0.01618318896968751
0,0,1.3735294938812369e-34
-1,0,3.142387502838327e-63
-1,0,4.0442424505758574e-44
0,1,0.9999999956923156
0,0,4.6781568514504715e-43
0,0,5.066665722411517e-09
-1,0,6.658785895738872e-57
0,0,3.232253604199606e-08
0,0,2.3114705834987635e-14
-1,0,3.8182162984237416e-39
0,0,3.8284336306751185e-11
-1,0,2.1302661771615024e-79
0,0,2.7238471855427163e-36
0,0,7.161508972972662e-05
-1,0,5.930457065488258e-44
-1,0,1.2302860793919933e-42
0,0,2.4358117161707646e-38
-1,0,5.612705126401782e-48
0,0,5.670415072971314e-10
0,0,9.980183981957067e-24
0,0,0.00017405934728099065
0,0,1.635215449823595e-18
-1,0,2.1565619878031178e-41
0,0,1.107632123487792e-31
-1,0,6.189791665810509e-78
-1,0,6.589826801787502e-64
0,0,1.5488616054853637e-25
0,0,4.759094034523305e-23
0,1,0.9942793861958309
-1,0,7.94680872338537e-50
-1,0,4.007264512391281e-48
0,0,9.366708543593605e-35
0,1,0.9992385207630193
-1,0,3.786386353756625e-46
0,0,6.638662835252471e-08
0,0,2.17115286696547e-28
-1,0,4.7386708795088246e-45
0,0,3.796518511010118e-18
0,1,0.9992385207630193
0,0,8.362590651058703e-31
0,0,7.441840909878595e-15
0,0,2.446309799184008e-16
-1,0,2.4417681899416118e-47
0,0,2.17115286696547e-28
0,0,1.8222159257099913e-41
0,1,0.9990989279903383
-1,0,1.468262878707134e-35
0,0,1.0843716992868143e-36
-1,0,6.671171020457649e-26
-1,0,8.64143682125006e-66
0,0,5.86904062225726e-51
-1,0,5.603573618579088e-42
0,0,5.970581385081073e-31
0,0,2.286609762587253e-12
0,0,5.366596101360889e-14
0,0,1.5589823265453061e-49
0,0,1.393312311619446e-11
-1,0,2.4417681899416118e-47
0,0,4.281147042884141e-09
0,1,0.9999999999986742
0,0,3.389528996123036e-14
-1,0,1.2927734738033392e-63
-1,0,1.8033448640498184e-48
-1,0,1.240628377872175e-35
0,0,3.3291723129179982e-31
0,0,5.353218188306953e-05
0,0,1.6365472699619523e-21
0,0,1.7465749979403985e-16
0,1,0.9994562134587763
-1,0,1.025200439509799e-74
-1,0,1.3780097115535033e-46
-1,0,8.396701212753417e-46
0,1,0.996541059690448
-1,0,1.518457047683406e-73
-1,0,3.1713845931158585e-59
0,0,1.0510906014110416e-07
0,0,2.1894044845139006e-21
0,0,5.062516872574578e-06
-1,0,1.6165922038148684e-59
0,0,1.4733909111975146e-10
0,0,3.731951702383131e-38
-1,0,1.4670680081976434e-32
0,0,1.0357415715577405e-36
0,0,2.878052280143287e-32
0,0,7.272035496615256e-51
0,0,1.648961753639649e-11
0,0,9.818442758644385e-47
0,0,5.044922681181822e-31
0,0,2.2828843849918488e-06
0,0,2.158814385030491e-07
0,0,3.0640556381554443e-18
0,1,0.9999999999986742
0,0,4.774617383160802e-35
-1,0,7.434074866357561e-49
-1,0,7.077597730217313e-37
-1,0,4.673274891442517e-77
-1,0,2.663863208701377e-75
0,0,8.873316656122791e-05
-1,0,1.901900110853953e-75
0,0,8.355785185159647e-28
0,0,1.2946554049269326e-23
-1,0,1.300994983446306e-41
0,1,0.999858646546025
0,0,1.5606109252363924e-15
0,1,0.9999999999994289
0,1,0.999858646546025
0,0,6.236746049091733e-68
0,0,4.830459715033532e-40
-1,0,1.278869161096898e-61
-1,0,1.7926846632105335e-64
0,1,0.9984372666531405
0,0,1.2864739576259093e-45
0,0,2.2940682915236464e-24
-1,0,7.908084963093105e-32
0,0,5.353218188306953e-05
0,0,0.00047812109245648303
0,0,7.81030267911492e-24
-1,0,3.176552638579657e-65
0,0,2.139447392203599e-57
0,0,7.869549898623249e-14
0,1,0.6084988841347952
-1,0,7.721352205822963e-65
-1,0,7.792602726891841e-61
0,0,1.4385998907428366e-43
0,0,6.644070211626927e-11
0,0,5.016253883788931e-10
0,1,0.9999999992008601
0,0,2.1805055445694805e-06
0,0,2.4219697227722305e-17
0,0,1.2376019765853162e-26
-1,0,6.339485247177279e-45
0,1,0.9999998518682707
0,0,9.9558382212241e-15
-1,0,3.962537520977906e-52
-1,0,6.2917573747002364e-55
0,0,1.3140695966467455e-40
-1,0,7.508785110914479e-48
0,0,1.3186590962310795e-15
-1,0,1.5250014320596084e-51
0,0,1.0510906014110416e-07
0,0,4.284633890939898e-12
0,0,7.108101405034634e-15
0,0,5.03261604628071e-22
0,0,3.395052526757302e-20
0,0,1.4745909316855616e-13
0,0,7.167854559598812e-08
-1,0,6.5189504925269685e-62
0,0,5.960867635757781e-25
0,0,6.687484537196587e-35
-1,0,1.215564239035288e-43
0,0,1.2345829579320586e-17
0,0,1.7140780261733534e-30
0,0,1.1763397953153622e-08
-1,0,2.705542014246108e-49
-1,0,9.389613661172825e-44
0,0,4.666744908786741e-34
0,0,0.00010501250477294228
0,0,4.7552210897010193e-20
0,0,3.834672394515762e-17
-1,0,3.821326088854908e-42
0,0,4.7117424225198145e-24
0,0,2.719415662538704e-30
0,0,2.4443189953031675e-13
0,0,5.636895273757779e-26
-1,0,7.060332567449385e-28
0,0,1.8345446844149003e-28
0,1,0.9989337726694628
-1,0,7.3510996093745975e-53
-1,0,2.7327319079688738e-48
0,0,5.6185684669065964e-14
0,0,7.113890680446516e-18
0,0,3.4089007651205997e-35
0,0,3.023705443045253e-07
0,0,5.911175823616906e-32
0,0,7.888793901454001e-23
0,0,1.1646355662282207e-09
-1,0,2.6731669770256043e-50
-1,0,2.3982880989705128e-64
0,0,1.7334256166384623e-26
0,0,3.5901782356432154e-19
0,0,5.931817588182763e-07
0,0,1.4524711049629157e-33
0,1,0.8348283043581547
-1,0,1.8988058425200617e-69
0,0,2.4318488082253254e-32
0,0,8.903049889241954e-17
0,0,2.2758624382678524e-40
0,0,7.020205869383544e-07
0,0,3.805802423547981e-27
0,0,4.493115986594924e-18
0,0,2.4056932697883617e-30
0,0,4.4167022514309816e-38
-1,0,5.853377313270513e-79
-1,0,1.8266719274996128e-50
-1,0,6.184754421030379e-75
0,0,0.0005657986584487429
0,0,1.1615273855279242e-37
-1,0,3.9787005003962874e-67
-1,0,6.71476243030494e-50
0,0,2.7105742342037313e-18
0,1,0.9998805588889411
0,0,3.2295190033169595e-05
0,0,1.930529188663415e-09
0,0,1.5606109252363924e-15
-1,0,1.0896815751855777e-54
0,1,0.9999999986753256
0,0,1.5488616054853637e-25
0,0,1.0431774000828583e-17
0,0,3.429171796352796e-19
0,0,8.369401659748302e-34
0,0,8.376218215742594e-37
0,0,2.5674319311433604e-25
0,0,3.028633748331064e-13
-1,0,1.9100970930402845e-53
-1,0,8.286128528934137e-35
-1,0,1.8435279551986836e-46
0,0,6.351276483097178e-14
0,0,1.4548380322418274e-39
0,0,5.028520509584594e-19
0,0,1.1142186588304187e-15
0,0,3.059070618017825e-12
-1,0,9.76040251696739e-63
0,0,3.9496544255398e-40
0,0,1.6516488794508114e-17
0,0,8.405472868635131e-12
0,0,1.7390797537471444e-38
0,0,4.545665972055684e-23
0,1,0.9999999999956888
-1,0,2.7011402725704737e-43
-1,0,2.5758064538322005e-37
-1,0,3.1967542119246752e-43
-1,0,1.021867283663162e-62
0,0,4.248915731218496e-19
0,0,3.5989575687712366e-28
-1,0,7.434074866357561e-49
-1,0,5.293751723710831e-09
0,0,7.948636537916718e-13
-1,0,2.073784555611238e-28
0,0,2.6912531051143345e-37
0,1,0.995908998538239
-1,0,7.83577854712105e-36
-1,0,6.934610599416665e-45
0,0,6.727251669553515e-19
0,1,0.992005843600266
0,0,3.0540843807441115e-06
0,0,3.2053085466781307e-15
0,0,1.0457283603154467e-26
0,0,4.795195463685987e-13
-1,0,1.385075956313809e-27
0,0,1.1067307338395804e-28
-1,0,2.309058414068372e-48
0,0,7.895219020900152e-26
-1,0,1.6966332085560893e-68
-1,0,1.6281980935008012e-40
0,0,0.22380770318111992
0,0,1.8375342336341796e-34
0,0,7.895219020900152e-26
0,1,0.9998805588889411
-1,0,1.6057281592514359e-72
0,1,0.9932368483549658
0,1,0.9951619999287069
-1,0,3.9689948185585506e-58
-1,0,5.659887869237483e-41
-1,0,2.4298697726816042e-29
0,0,2.1605731223391352e-10
0,0,1.761257433540473e-09
0,0,5.6185684669065964e-14
-1,0,6.216468993253837e-56
-1,0,2.983720155278554e-79
0,0,5.627724410131669e-20
0,0,0.009389440805952186
-1,0,5.65067959814732e-35
-1,0,9.913113781274879e-37
0,0,8.328618659308255e-16
-1,0,4.9631634703849295e-54
0,0,1.0887947936713089e-51
-1,0,5.027364185119825e-56
0,0,9.328657446912176e-20
0,0,1.4518748960906822e-39
0,0,5.040817129361416e-28
-1,0,2.4602909005052567e-37
-1,0,2.88274231523498e-38
-1,0,8.879289409409737e-45
0,0,3.033569168948816e-19
0,0,5.317527416354666e-18
0,0,2.1640939635613518e-16
-1,0,1.644561000781062e-39
0,0,1.6312264862217223e-09
-1,0,3.6077583706634862e-37
-1,0,5.873820730281803e-54
0,0,1.113311909066677e-12
-1,0,6.692931236334951e-38
0,0,2.719415662538704e-30
0,0,4.252376309784844e-22
0,0,2.842465595544562e-24
-1,0,1.3130002084389378e-37
0,0,1.3076663072460286e-22
-1,0,1.6308513831048266e-46
-1,0,1.369301514922623e-68
-1,0,5.261248418401097e-62
-1,0,2.411576092654822e-39
0,0,4.943001231731042e-39
0,0,7.025928484669714e-10
0,0,1.936826247563229e-21
0,0,6.671171020457649e-26
-1,0,5.31197823170528e-52
0,1,0.9998805588889411
0,0,8.342190863693612e-22
-1,0,8.783788984113879e-43
0,0,2.3309012270508653e-07
0,1,0.9999999999995175
0,0,0.00010501250477294228
0,0,3.56605102764933e-32
0,0,5.9657225333556735e-28
0,0,4.288123560592953e-15
0,0,1.6378801748166153e-24
0,0,1.5606109252363924e-15
0,0,3.7802261483244655e-40
0,0,1.4622982420909946e-20
0,0,1.2480057755519856e-19
0,0,3.0385126322603096e-25
0,0,1.7119920689853283e-18
0,0,6.615557878652744e-33
-1,0,1.727392551557571e-51
-1,0,4.5261587212810526e-45
-1,0,2.6797038734852666e-59
-1,0,1.825185384150752e-47
-1,0,1.1770271692808314e-48
0,0,4.766849389830948e-29
0,0,7.9421679410601e-10
-1,0,1.8988058425200617e-69
0,0,1.1693860540113193e-24
0,0,5.012169152929402e-07
0,0,3.400585058462334e-26
0,0,1.2345829579320586e-17
-1,0,4.456433361920449e-71
0,0,1.392178416426274e-08
-1,0,1.3556773600771915e-69
0,0,2.719415662538704e-30
0,1,0.9998805588889411
0,0,2.5826991605847565e-09
0,0,5.716768061390195e-40
-1,0,3.2262529832870655e-39
-1,0,8.253899801742126e-66
0,1,0.9999999999995923
0,0,1.8004109387211064e-42
0,0,9.86480847342368e-19
0,0,5.083192342906572e-21
-1,0,7.307644694129089e-69
-1,0,7.345117293630633e-50
-1,0,4.037662729970086e-38
0,0,0.03126115450603585
-1,0,1.3802552975522253e-52
0,0,3.2262529832870655e-39
0,0,2.875710124767539e-29
0,0,1.7494211929477658e-22
-1,0,5.550059046209565e-52
0,0,1.392178416426274e-08
-1,0,6.503048099423963e-53
-1,0,2.317122996536923e-23
0,0,4.867102508382758e-30
-1,0,6.226599267094039e-62
-1,0,7.478281598727064e-33
0,0,3.406126605906271e-32
-1,0,1.2142957189342253e-77
0,0,6.676604432863693e-29
0,0,8.302981623771292e-50
-1,0,2.3015511488972238e-36
0,0,1.037010814413349e-33
0,0,1.1067307338395804e-28
0,0,8.82164615727456e-21
-1,0,4.229918028521761e-10
-1,0,1.1019813144810706e-50
-1,0,5.930457065488258e-44
0,0,1.4781968599063827e-22
0,1,0.999858646546025
0,0,0.22380770318111992
0,0,0.0035985310406505496
-1,0,2.39438623952067e-58
-1,0,8.76589863336277e-43
0,0,1.2237885103644543e-30
0,0,4.764892698307718e-35
-1,0,4.712560391471129e-70
0,1,0.9989337726694628
0,0,1.639214165271079e-27
0,0,7.048845863512871e-22
0,1,0.9999999999995923
0,0,0.01618318896968751
-1,0,1.1085342472832452e-34
0,0,3.242796765995855e-20
-1,0,5.065500651997495e-46
0,0,1.2386099558310266e-29
0,1,0.9993565019537483
0,0,5.915990249143678e-35
0,0,1.383948783218569e-24
-1,0,1.6044214196671472e-69
-1,0,2.135966649823943e-51
0,0,6.671171020457649e-26
0,0,3.8377955878047986e-20
-1,0,2.5800039532109403e-43
-1,0,5.303335987068368e-46
0,1,0.9844369487419706
0,0,1.8424479774336362e-06
0,0,3.799610629427446e-21
0,0,2.427892347674536e-26
0,0,1.215564239035288e-43
0,0,3.6567423032662895e-11
-1,0,2.5674319311433604e-25
0,0,9.359085927799089e-32
-1,0,4.007264512391281e-48
0,1,0.9999999999998941
0,0,7.875959344569253e-17
0,0,1.244961377612367e-10
0,0,7.901649373359156e-29
-1,0,7.484372371679685e-36
0,1,0.6852339549891829
-1,0,7.854939966322916e-45
-1,0,4.034376885048665e-35
0,0,1.5631540757046255e-21
0,0,2.5590846358995484e-13
0,1,0.9998805588889411
0,0,3.2131467289806698e-24
0,0,5.024428305831158e-16
0,0,2.5549205181341855e-07
0,0,7.522751206467332e-17
0,0,8.355785185159647e-28
0,0,3.3345974871170924e-37
0,0,0.195906971427103
0,0,1.55138560942096e-31
0,0,8.41231880331339e-15
-1,0,4.244481712151722e-53
-1,0,4.971251374486781e-60
0,0,1.3175859730924685e-12
-1,0,5.006941138990964e-41
0,0,1.1058300777411465e-25
-1,0,6.31373187127903e-30
-1,0,6.339485247177279e-45
0,0,2.4180293347953594e-11
0,0,2.16762054183128e-22
0,0,1.3735294938812369e-34
-1,0,3.050906563390897e-40
0,0,7.968073937266495e-22
0,1,0.9996718776349768
0,0,4.034376885048665e-35
0,0,5.6094271051522e-08
-1,0,1.9447264586301288e-36
0,0,1.9483056267659077e-05
0,0,1.84996663303257e-21
0,0,1.1130558994135856e-49
0,0,1.640549242209476e-30
-1,0,7.030033887609685e-50
-1,0,1.362629087602753e-50
0,0,9.422407683730682e-19
0,0,6.671171020457649e-26
-1,0,4.941864572699277e-76
-1,0,1.085889015644839e-79
0,0,4.252376309784844e-22
-1,0,1.6057281592514359e-72
0,0,5.024428305831158e-16
0,0,2.065360061963469e-13
0,1,0.9998805588889411
0,0,4.248915731218496e-19
-1,0,7.301697741941459e-66
0,0,2.3885453497540598e-49
0,0,1.3862040474481952e-30
-1,0,4.040951251085969e-41
-1,0,3.050906563390897e-40
-1,0,9.311338660512408e-51
0,0,8.369401659748302e-34
0,0,5.592160560082733e-42
0,0,2.5549205181341855e-07
0,0,4.027813215079277e-29
0,0,7.901649373359156e-29
0,0,0.0011093640295020014
0,0,3.840921324814765e-23
0,0,5.222839240484073e-35
0,0,4.545665972055684e-23
-1,0,3.525437758263457e-73
-1,0,3.962537520977906e-52
0,0,2.5805907104107215e-06
0,0,2.5481025914532915e-35
-1,0,2.4417681899416118e-47
0,0,3.796518511010118e-18
-1,0,4.5187949541065195e-39
0,0,1.6476198034905432e-08
0,0,6.28296588101103e-12
0,0,1.049139346902292e-38
0,0,1.1636864344365998e-06
0,0,2.866360548191062e-17
0,0,6.692931236334951e-38
0,0,2.0704106424151178e-22
0,1,0.9998805588889411
0,0,7.441840909878595e-15
0,0,2.251384597671802e-38
-1,0,2.88274231523498e-38
0,0,6.0109771780198734e-18
0,0,1.1067307338395804e-28
0,1,0.9328310141832994
0,0,1.4670680081976434e-32
-1,0,7.047224958734749e-59
-1,0,5.044922681181822e-31
-1,0,3.38599180283735e-48
-1,0,1.925376991682462e-37
0,0,2.065360061963469e-13
-1,0,2.0410141057734636e-45
-1,0,9.66328932911552e-64
-1,0,3.1449468566894663e-66
0,0,4.27764477072113e-06
-1,0,5.84385424738319e-73
-1,0,1.4694587223927326e-38
0,0,1.7203752326477123e-36
0,0,7.981058602846344e-28
0,1,0.9999999999999105
0,0,5.675033411334493e-13
0,0,3.799610629427446e-21
-1,0,4.9591244541089305e-51
0,0,2.540843333383213e-32
-1,0,4.971251374486781e-60
-1,0,1.2396187560370935e-32
0,0,1.734837425183222e-29
0,0,1.6312264862217223e-09
-1,0,5.669111146001743e-47
0,0,1.7263837891169478e-11
0,0,3.3790953961611114e-48
0,0,9.351469515279853e-29
0,1,0.9816338355075809
-1,0,1.6139621129722775e-53
0,0,1.5568015316848554e-06
0,0,1.1572757678380656e-31
-1,0,8.714080347336863e-59
0,0,4.6944957112643065e-18
0,1,0.9844369487419706
-1,0,4.774617383160802e-35
-1,0,1.392991914991358e-48
-1,0,1.5409597751530202e-44
-1,0,9.854513906144088e-53
-1,0,5.290398976161645e-37
-1,0,3.778674444912909e-46
0,0,4.259305924737836e-28
0,0,5.070792352583759e-12
-1,0,2.058171722556843e-38
0,0,1.5225203534722363e-45
0,0,3.234886254991489e-11
0,1,0.9999725424628295
-1,0,1.2819964761368465e-70
0,0,0.00047812109245648303
0,0,1.640549242209476e-30
0,0,1.1684344090910294e-21
-1,0,2.97644163845719e-70
0,0,4.034376885048665e-35
-1,0,2.560579962954958e-53
-1,0,5.930457065488258e-44
-1,0,3.2019635993763507e-49
0,0,2.4259165318935036e-23
-1,0,9.921187631463338e-40
0,0,1.5501230937363183e-28
0,0,7.888793901454001e-23
0,1,0.9999999999994289
0,0,1.6298963422228797e-06
-1,0,5.299020138820234e-43
0,0,2.5674319311433604e-25
-1,0,6.916103494846711e-73
0,0,7.441840909878595e-15
0,0,4.024535385680886e-26
0,0,1.8300694777432462e-19
0,0,5.702822520141786e-31
-1,0,1.369301514922623e-68
-1,0,4.778506125518662e-38
0,0,2.866360548191062e-17
-1,0,7.502674470904951e-45
-1,0,6.703837946606084e-44
0,0,8.41231880331339e-15
-1,0,8.326703466659622e-53
0,0,7.516629200866054e-14
0,0,4.482155414379841e-09
0,0,3.01809280308785e-38
0,0,5.006037046663784e-10
0,1,0.9999999999999545
0,1,0.9990989279903383
-1,0,1.5472452679712762e-59
0,0,1.94993039940267e-08
0,0,9.321065797052941e-17
0,0,3.431964724989058e-22
-1,0,1.7203752326477123e-36
-1,0,6.154616921059977e-57
0,0,2.549131128625612e-44
0,0,2.4076526144996413e-33
0,0,2.4056932697883617e-30
0,0,1.159637655679597e-31
0,1,0.9993263087946068
0,0,2.4219697227722305e-17
0,0,1.393312311619446e-11
0,0,1.5413139677470816e-07
0,0,2.400793482638006e-30
-1,0,2.0297679408153232e-70
-1,0,4.998795169953076e-35
0,0,1.3910261329174636e-05
0,0,3.5931022978363633e-22
-1,0,8.376218215742594e-37
0,0,1.8390308346463473e-37
-1,0,5.213142964495549e-66
0,0,2.3095895115517215e-11
0,0,3.223627462611041e-36
0,0,1.4757919293273253e-16
0,0,5.796470815599425e-43
0,0,3.747174134533354e-53
0,0,3.406126605906271e-32
-1,0,2.97644163845719e-70
0,0,1.0448773478729135e-23
0,0,3.5901782356432154e-19
0,0,8.206995344468558e-45
0,0,5.062516872574578e-06
0,0,5.03261604628071e-22
0,0,1.3862040474481952e-30
0,1,0.999858646546025
-1,0,2.3015511488972238e-36
0,0,5.016253883788931e-10
0,0,1.5049193192276121e-40
0,0,2.1324915703867335e-45
-1,0,4.230681953110083e-41
-1,0,1.8033448640498184e-48
-1,0,8.676684781615533e-81
0,0,5.68428136907265e-19
0,0,9.89698578701871e-31
0,0,2.4239423240289203e-20
0,0,3.802705266256332e-24
0,0,5.012169152929402e-07
0,0,2.5632548856305507e-19
-1,0,1.5422148276668458e-47
0,0,5.330530766478646e-27
0,0,1.9384037181046687e-24
0,0,3.834672394515762e-17
0,1,0.9999999999997922
0,0,1.1114993872456326e-06
0,1,0.9999999999988798
0,0,8.82164615727456e-21
-1,0,2.163596323193901e-53
0,1,0.9998248619036796
-1,0,2.0548232104291692e-32
0,0,2.5549205181341855e-07
0,1,0.9998805588889411
0,0,1.041480217986963e-11
0,0,5.632307975375918e-23
0,1,0.9993565019537483
-1,0,1.8988058425200617e-69
0,0,5.970581385081073e-31
0,0,4.483964648702962e-18
0,0,4.288123560592953e-15
-1,0,1.2302860793919933e-42
0,0,7.0545868775634765e-25
-1,0,4.3977484349945796e-60
-1,0,5.286093656036941e-34
0,0,8.843218392765145e-30
0,0,7.379803202774286e-22
0,0,5.091475844436597e-27
0,0,1.8390308346463473e-37
0,1,0.9426474162673402
-1,0,4.15873139334436e-61
0,0,5.334872278921898e-30
-1,0,3.4116771837809905e-38
0,0,1.3910261329174636e-05
0,0,1.2864739576259093e-45
-1,0,1.9100970930402845e-53
0,0,7.813455294185972e-33
0,0,1.2439480750016553e-07
-1,0,3.7310935280857716e-75
-1,0,1.8237000505490502e-44
0,0,1.0510906014110416e-07
-1,0,8.72117763087531e-62
0,1,0.996541059690448
-1,0,1.1741559174190386e-39
0,0,7.161508972972662e-05
0,0,2.16762054183128e-22
0,0,4.504103341383476e-27
-1,0,6.524259927162957e-65
0,0,2.17115286696547e-28
-1,0,2.1216122339020223e-64
-1,0,3.2157637135019546e-27
0,1,0.9999999999956888
0,0,3.362629505930159e-30
-1,0,1.9003523469028157e-72
0,0,1.4745909316855616e-13
-1,0,3.4116771837809905e-38
0,0,1.9546987491251007e-17
0,0,6.716306866666559e-13
0,0,1.2307826822248351e-51
-1,0,1.1476283249548467e-38
0,0,0.043243795157316745
0,0,7.048845863512871e-22
0,0,9.351469515279853e-29
0,0,9.336255279878453e-23
0,0,9.343859300987676e-26
0,0,3.6174125163797505e-09
0,0,2.446309799184008e-16
0,0,1.244961377612367e-10
0,0,3.389528996123036e-14
-1,0,5.834346674907289e-67
-1,0,3.9560907290023216e-46
-1,0,4.269721526179681e-37
-1,0,1.7376644928006616e-35
0,0,2.7149913493356813e-24
0,0,4.791293137272075e-10
0,0,3.5931022978363633e-22
0,0,9.336255279878453e-23
0,0,4.204913508638063e-26
0,1,0.9999999999996556
-1,0,9.846494314950593e-50
-1,0,1.1436340858558803e-63
0,0,6.293204517320368e-18
-1,0,5.626430296802586e-57
0,1,0.9999999999999545
-1,0,4.73481455502469e-42
-1,0,2.058171722556843e-38
0,0,1.4575439623161063e-08
0,0,4.674349773207379e-40
0,0,8.843218392765145e-30
0,0,1.84996663303257e-21
-1,0,4.925797466054873e-64
-1,0,1.3567815071848547e-72
0,0,2.3885453497540598e-49
0,0,6.981528826607272e-32
0,0,1.5463417079407433e-19
-1,0,7.466114918778466e-27
0,0,3.787257231398219e-09
-1,0,3.1662249557274037e-53
-1,0,1.1770271692808314e-48
-1,0,1.544728000103146e-53
0,0,9.305901025666618e-11
0,0,8.762361721317613e-34
0,0,8.873316656122791e-05
-1,0,1.7245821957234342e-45
0,0,1.7960189982504512e-33
-1,0,1.9447264586301288e-36
-1,0,1.3052386059839594e-53
0,0,2.4318488082253254e-32
-1,0,4.794092793068246e-50
0,0,1.639214165271079e-27
-1,0,3.1739675639825074e-62
0,0,1.3076663072460286e-22
-1,0,7.030033887609685e-50
-1,0,4.78629311450749e-44
0,0,3.2507266210634014e-29
0,0,5.313200019138955e-15
0,0,1.625549120627163e-34
0,0,1.2416388220054213e-38
0,0,4.045171014696255e-07
0,0,4.291616072429488e-18
0,0,1.3208079652693636e-21
-1,0,4.251398462175066e-59
-1,0,3.204571475668369e-52
-1,0,9.89698578701871e-31
0,0,8.286128528934137e-35
0,0,2.068725744802413e-19
0,0,4.021260223775965e-23
-1,0,1.049139346902292e-38
0,0,5.670415072971314e-10
0,1,0.9999999999999105
-1,0,4.259305924737836e-28
-1,0,9.389613661172825e-44
0,0,5.960867635757781e-25
-1,0,3.997489151216798e-39
0,0,4.7707318054567175e-32
-1,0,2.9965796639468804e-57
-1,0,4.774617383160802e-35
0,0,1.1085342472832452e-34
0,0,6.934610599416665e-45
0,0,3.632167762432051e-24
0,1,0.9783369542741988
-1,0,2.8123818549431468e-68
0,1,0.9583694221824939
0,0,8.80012654523391e-12
0,0,0.0025718657341300983
0,0,3.596028741565813e-25
0,1,0.9993565019537483
0,0,4.747484652884506e-14
0,0,1.3816971881578378e-18
0,0,2.8733698754349513e-26
0,0,9.848759068766026e-13
-1,0,2.7033402475107337e-46
-1,0,3.223627462611041e-36
0,0,3.2157637135019546e-27
0,0,4.759094034523305e-23
0,0,3.3978176665597694e-23
-1,0,3.155205134031397e-78
-1,0,2.0410141057734636e-45
0,0,1.165584118493112e-12
-1,0,1.8375342336341796e-34
0,0,3.0409873840214733e-28
-1,0,8.87206345470191e-42
-1,0,4.0508328934053866e-50
0,0,1.0482855586031127e-35
-1,1,0.9999999999999243
0,0,7.901649373359156e-29
0,0,1.3197330933855102e-18
0,0,3.581420317625673e-10
-1,0,3.9423218354282975e-71
0,0,1.1004413912028607e-07
-1,0,3.209793602027417e-58
0,1,0.9999999928594738
0,0,2.427892347674536e-26
0,0,1.2459753509623552e-13
0,0,6.602083664839481e-33
-1,0,7.854939966322916e-45
0,0,9.445449006610484e-28
0,0,1.5488616054853637e-25
0,0,5.016253883788931e-10
-1,0,1.3637388966252744e-53
0,0,2.8951666204184293e-16
0,1,0.9997657107404383
-1,0,1.7376644928006616e-35
0,0,3.6537663175491556e-08
-1,0,1.1722456417670114e-33
-1,0,1.228284483600852e-36
0,0,1.0482855586031127e-35
0,0,1.3910261329174636e-05
0,1,0.9999999999998941
0,0,3.1347219313005756e-54
-1,0,3.9423218354282975e-71
-1,0,7.434074866357561e-49
0,0,9.389613661172825e-44
-1,0,3.7441246888705843e-50
0,0,1.9384037181046687e-24
0,0,0.00040402476746441646
0,0,1.558071909881688e-09
0,0,1.833051734226253e-25
0,0,2.7017542518333507e-06
-1,0,3.9689948185585506e-58
0,0,1.8148133985531693e-26
-1,0,2.2472048698628755e-69
0,1,0.9999999999997089
0,0,5.675033411334493e-13
-1,0,2.433829455617438e-35
0,0,1.093487380562351e-29
0,0,4.008186207541017e-11
0,0,6.701086161976342e-50
-1,1,0.9999999999939615
0,0,2.1640939635613518e-16
0,0,5.68428136907265e-19
-1,0,6.318874163235277e-33
0,0,3.395052526757302e-20
-1,0,2.1268003720242438e-73
0,0,1.8004109387211064e-42
-1,0,2.2786513792734172e-37
0,0,4.011450721322808e-14
-1,0,3.1713845931158585e-59
-1,0,1.021035689335248e-59
-1,0,9.311338660512408e-51
0,0,1.0510906014110416e-07
-1,0,3.574125872624419e-10
0,0,7.060332567449385e-28
0,0,4.527199560472966e-08
0,0,4.4967754568839694e-21
-1,0,7.047224958734749e-59
0,0,1.1040309638062498e-19
0,0,1.5501230937363183e-28
0,0,3.0540843807441115e-06
0,0,4.0550646162642993e-16
0,0,4.500437907670954e-24
-1,0,1.1712916697177693e-30
0,0,4.423899649717144e-44
-1,0,1.6993980190985867e-74
0,0,2.051480146113914e-26
-1,0,6.979923401598404e-69
0,0,4.048467287056672e-10
-1,0,1.5577136286616914e-46
-1,0,1.917888277310026e-68
-1,0,3.350926112108472e-55
-1,0,1.6308513831048266e-46
0,0,6.660317457160297e-20
0,0,3.62625846066245e-18
0,0,1.1636864344365998e-06
0,0,5.07492231809709e-15
0,0,2.7083683722540657e-15
0,0,1.2843809477949827e-39
0,0,0.0009375332382088195
0,0,1.148563024119206e-41
0,0,1.1142186588304187e-15
-1,0,4.466555609949195e-34
-1,0,1.7419137346058662e-44
0,0,1.843951974486688e-09
0,0,8.308294840778003e-07
0,0,5.379719442834765e-23
-1,0,3.4089007651205997e-35
-1,0,1.632179648878564e-49
0,0,3.98449242021421e-27
0,0,5.028520509584594e-19
-1,0,4.280162597675814e-46
0,0,0.026543175832607572
0,1,0.9998805588889411
0,0,2.0619994296892084e-07
0,0,3.808902103355266e-30
0,0,4.934959288782281e-33
0,0,9.258425092762211e-30
0,0,1.2439480750016553e-07
0,0,4.522475338927759e-42
-1,0,2.831409883831757e-55
0,0,4.774617383160802e-35
0,0,5.37096698763372e-17
0,0,1.8345446844149003e-28
-1,0,7.78626111645825e-58
0,0,7.935698323407841e-07
0,0,2.317122996536923e-23
0,0,1.646251897763279e-05
-1,0,9.20741036652807e-55
-1,0,1.8420276944354154e-43
-1,0,4.481124748411028e-46
0,0,5.716768061390195e-40
0,1,0.9994562134587763
0,1,0.9998327148965551
0,0,1.935250060765373e-18
0,0,2.065360061963469e-13
-1,0,1.923810122274827e-34
-1,0,7.752847190065784e-80
-1,0,2.856384383326254e-42
-1,0,7.848547625921419e-42
0,1,0.9998805588889411
0,0,1.1674835386182366e-18
-1,0,1.9348050437893753e-55
-1,0,2.8429590538862423e-70
0,0,2.1478012210603453e-26
-1,0,4.241027558199196e-50
-1,0,9.160436902754032e-74
0,0,5.941487522319699e-13
0,0,3.452360987240168e-06
-1,0,3.546401776822283e-57
0,0,6.671171020457649e-26
-1,0,2.4318488082253254e-32
0,0,4.709808351248838e-30
-1,0,3.032871589961331e-56
0,0,2.7288389848682037e-05
0,0,1.461108225595384e-17
0,0,0.004255991032256202
0,0,1.1693860540113193e-24
-1,0,1.2978213232573847e-32
0,0,1.730605445398075e-20
0,0,4.027813215079277e-29
0,0,6.671171020457649e-26
0,0,3.340031502106774e-43
-1,0,2.88274231523498e-38
0,0,1.1022347769131205e-13
0,0,4.031093714143766e-32
-1,0,7.472195782437812e-30
-1,0,4.419283023585458e-78
0,0,5.612705126401782e-48
0,0,3.403354704299318e-29
0,0,5.03261604628071e-22
0,0,9.351469515279853e-29
-1,0,2.2996781494270453e-33
0,0,1.3548856718412074e-29
0,0,1.5606109252363924e-15
-1,0,2.1782347953020104e-40
0,0,1.639214165271079e-27
0,0,9.328657446912176e-20
0,0,0.02990112525388578
-1,0,9.838481250090462e-47
0,0,4.051764609707699e-13
-1,0,3.027937304260319e-50
0,0,2.7172026054456337e-27
0,0,3.793428908954963e-15
0,0,1.845453805901652e-12
0,0,4.754127611316919e-57
0,0,9.89698578701871e-31
0,0,4.2420030204358345e-13
0,0,2.7149913493356813e-24
0,0,7.102316840877509e-12
0,1,0.9999963631396123
0,0,2.0531509978492802e-29
0,0,1.0975046514843053e-35
0,0,3.0409873840214733e-28
0,0,1.0879087338187058e-48
-1,0,7.012884752555549e-41
-1,1,0.999999999996922
-1,0,2.280095463021066e-09
0,1,0.9932368483549658
0,0,3.3978176665597694e-23
0,0,1.2726373988180659e-43
0,0,4.527199560472966e-08
-1,0,1.640549242209476e-30
0,0,0.3233919406397353
-1,0,7.981058602846344e-28
0,0,5.911175823616906e-32
0,0,4.715579955638611e-27
0,0,7.875959344569253e-17
-1,0,1.3637388966252744e-53
0,0,3.395052526757302e-20
0,0,5.028520509584594e-19
0,0,1.2365948176318657e-23
-1,0,2.1764621505274283e-37
-1,0,1.93323050184463e-52
0,0,9.905046501575548e-34
0,0,1.385075956313809e-27
0,1,0.9998805588889411
0,0,2.7172026054456337e-27
0,0,5.646081082099326e-32
0,1,0.9998020269621882
-1,0,1.1741559174190386e-39
0,0,8.807293910170932e-15
-1,0,2.6552023938144705e-63
0,0,4.051764609707699e-13
0,0,1.0519467847682617e-10
0,0,1.9336751566663606e-15
0,1,0.7830138077938198
0,0,3.087298787621926e-08
0,0,2.4180293347953594e-11
0,0,7.447902003290713e-18
0,0,0.00034140752203900887
0,0,2.573710265735046e-34
0,0,7.108101405034634e-15
-1,0,2.858710798628255e-45
0,0,2.2978066742015118e-30
0,0,4.284633890939898e-12
-1,0,1.943143842650292e-33
0,0,2.5653425582224008e-22
0,0,5.26890738367872e-22
0,0,4.778506125518662e-38
0,0,1.5618819828567195e-18
-1,0,1.794144735971249e-67
-1,0,1.3862040474481952e-30
0,0,2.5716157835131653e-31
0,0,6.705375374065342e-07
0,0,5.679655507945155e-16
0,1,0.9993565019537483
0,1,0.8348283043581547
0,0,2.897524622362082e-19
-1,0,6.916103494846711e-73
-1,0,2.376359703194068e-68
0,0,2.16762054183128e-22
0,0,5.627724410131669e-20
0,0,1.9159948812412565e-19
-1,0,1.6418854065167402e-33
0,0,8.298132843077709e-10
0,0,3.0311004541219195e-16
0,0,9.806494147825837e-35
0,0,3.389528996123036e-14
0,0,2.0481425207478394e-20
0,1,0.9998805588889411
0,0,7.901649373359156e-29
-1,0,7.748319683671816e-40
0,0,3.1850529150573855e-37
0,0,7.955110396896792e-16
0,0,2.169385985455384e-25
-1,0,7.484372371679685e-36
0,0,4.73481455502469e-42
0,0,1.2510576180317131e-28
0,0,3.429171796352796e-19
0,0,8.355785185159647e-28
0,0,3.4180216238495594e-07
-1,0,6.916103494846711e-73
-1,0,2.536126221278186e-63
0,0,7.856746033200837e-08
-1,0,1.7245821957234342e-45
-1,0,7.867740270313114e-51
0,0,9.351469515279853e-29
0,0,3.242796765995855e-20
0,0,0.03126115450603585
-1,0,1.0268710922878635e-80
-1,0,3.5989575687712366e-28
0,0,5.924560888233449e-10
-1,0,3.5835130182361223e-50
-1,0,1.8092270657536032e-60
-1,0,8.340272550072564e-59
0,0,2.450296272564803e-22
0,0,1.5724246471330603e-05
0,0,2.7105742342037313e-18
-1,0,5.864264404278696e-48
-1,0,8.606332051370249e-51
0,0,0.043243795157316745
0,0,3.4116771837809905e-38
0,0,2.16762054183128e-22
-1,0,3.0156366829082743e-35
-1,0,1.8957166083603985e-63
0,0,2.5805907104107215e-06
0,1,0.9816338355075809
0,0,3.6144556192992342e-06
0,0,8.585337678792886e-42
0,0,5.3261927871527236e-24
0,0,0.48391075049997395
0,0,2.8951666204184293e-16
0,0,2.712781892743208e-21
0,0,4.7629701337101997e-26
0,0,1.1058300777411465e-25
0,0,7.001475243141662e-35
-1,0,6.698382371600431e-41
-1,0,1.3589924999886506e-78
0,0,0.28767782301502726
0,0,2.2959367219801966e-27
0,0,2.1478012210603453e-26
0,0,2.892810537412978e-13
-1,0,1.0508490102002935e-44
0,0,4.759094034523305e-23
0,0,0.28767782301502726
0,0,4.235099762581829e-07
0,1,0.5975154997677189
-1,0,2.2777160407565907e-43
0,0,5.036714918634063e-25
-1,0,2.5129375228298004e-67
0,0,5.303335987068368e-46
0,0,7.020205869383544e-07
0,0,1.3978570574702368e-23
-1,0,1.2840856002650275e-76
0,0,3.6018887813938043e-31
-1,1,0.999999999999936
-1,0,2.6731669770256043e-50
0,0,1.0287810390480268e-49
0,0,2.7355866700354198e-14
0,1,0.9844369487419706
0,0,5.330530766478646e-27
0,1,0.9999999963601642
0,0,1.8270920731981182e-13
0,0,4.068291541668423e-28
-1,0,4.689596700596752e-52
-1,0,2.2860839493229377e-49
0,0,9.328657446912176e-20
0,0,1.0834892389429659e-33
-1,0,1.1010845234542196e-47
0,0,0.08144701269382977
0,0,6.20130447654878e-47
0,0,4.504103341383476e-27
0,0,4.014717893765146e-17
0,0,1.3862040474481952e-30
-1,0,2.5211342941035433e-79
-1,0,3.3942718235089514e-57
0,0,4.0179877271937115e-20
0,0,8.34898525754024e-25
0,0,3.386770601515726e-11
0,0,0.000639536316986912
0,0,2.17115286696547e-28
0,0,7.490468105332897e-39
0,0,0.44205127039933484
0,0,2.8686950886959757e-20
0,0,2.1822862362579864e-09
0,0,4.681967030412411e-46
-1,0,2.174690948328966e-34
0,0,9.250890597905736e-27
0,0,1.1674835386182366e-18
-1,0,1.7095034908311014e-58
-1,0,5.3479180437441315e-39
-1,0,9.854513906144088e-53
0,0,9.931453215041277e-06
-1,0,2.4417681899416118e-47
-1,0,2.3034256738534866e-39
0,0,1.3907256073407678e-42
0,0,6.361626437401153e-20
0,0,9.88088403196471e-25
0,0,0.0011093640295020014
-1,0,2.289809320824714e-55
0,0,2.8222043372433572e-43
0,0,1.6418854065167402e-33
0,0,1.930529188663415e-09
-1,0,2.8850901980595577e-41
0,0,4.839444189231517e-09
0,0,3.06156211347767e-15
0,0,1.648582569607887e-48
-1,0,2.1729211875326244e-31
0,0,8.391727286917918e-06
0,0,2.0498106541156183e-23
0,1,0.9998805588889411
0,0,1.383948783218569e-24
0,0,3.2027000705484146e-12
-1,0,1.1732003907898239e-36
-1,0,6.974243148591729e-66
0,0,6.671171020457649e-26
0,1,0.999999999998143
0,0,7.901649373359156e-29
-1,0,1.4658741100722708e-29
-1,0,1.2819964761368465e-70
0,0,0.00047812109245648303
0,0,1.6298963422228797e-06
0,0,6.2880831152900875e-15
-1,0,2.2860839493229377e-49
-1,0,2.5481025914532915e-35
0,0,2.317122996536923e-23
-1,0,2.4233849306951414e-57
0,0,4.482155414379841e-09
-1,0,1.240628377872175e-35
0,0,7.948636537916718e-13
0,0,1.0039530146376196e-07
0,0,1.0440270279832427e-20
-1,0,1.8988058425200617e-69
0,1,0.7203891326024138
0,1,0.9998805588889411
0,0,0.03126115450603585
0,0,3.400585058462334e-26
-1,0,3.525437758263457e-73
-1,0,9.929268057492476e-43
0,0,3.000941879484371e-17
0,0,6.430792264522541e-22
0,0,2.169385985455384e-25
-1,0,3.3311176184227666e-71
0,0,8.328618659308255e-16
0,0,0.005032963753322949
0,0,2.589014835968662e-18
0,0,3.581420317625673e-10
0,0,5.040817129361416e-28
-1,0,1.0896815751855777e-54
0,0,1.2365948176318657e-23
0,0,1.112405895979798e-09
0,0,3.8315517428773746e-14
-1,0,2.856384383326254e-42
-1,0,2.0754735734309385e-31
0,0,6.0109771780198734e-18
0,0,4.482155414379841e-09
0,1,0.9999999999998745
-1,0,2.88274231523498e-38
0,1,0.9951619999287069
0,0,1.306602130027202e-19
-1,0,1.632179648878564e-49
0,1,0.9999997093994294
0,0,1.9289544092558867e-06
0,0,1.6476198034905432e-08
0,0,1.9336751566663606e-15
0,0,1.3805727646999305e-15
-1,0,2.5716157835131653e-31
-1,0,1.7287994464027374e-54
-1,0,3.619526259799896e-49
0,0,5.3261927871527236e-24
0,0,1.461108225595384e-17
0,0,5.32185833806907e-21
0,0,5.020339432305583e-13
-1,0,8.676684781615533e-81
0,0,3.799610629427446e-21
0,0,2.276797015607354e-34
0,0,0.0070351474193042236
-1,0,7.861337513040107e-48
0,0,1.640549242209476e-30
0,0,2.3866015545111296e-46
0,0,4.0049241903433276e-08
-1,0,2.728285930096791e-42
0,0,1.5568015316848554e-06
0,0,9.88088403196471e-25
-1,0,8.286128528934137e-35
-1,0,1.7245821957234342e-45
-1,0,4.2375762152328115e-47
0,0,3.197479261009754e-06
0,0,4.027813215079277e-29
-1,0,4.5187949541065195e-39
-1,0,4.0007449524967027e-42
-1,0,1.0966115035602482e-32
-1,0,2.0144864941899275e-80
0,0,4.19807238662417e-20
0,0,5.03261604628071e-22
0,0,5.632307975375918e-23
0,0,3.2131467289806698e-24
0,0,2.888103287862245e-07
0,0,2.719415662538704e-30
0,0,2.440341651039185e-07
0,0,5.036714918634063e-25
0,0,2.569523005778337e-28
0,0,0.195906971427103
0,0,3.197479261009754e-06
0,0,1.148563024119206e-41
0,0,9.366708543593605e-35
-1,0,7.908084963093105e-32
0,0,6.361626437401153e-20
0,0,8.362590651058703e-31
0,1,0.995908998538239
-1,0,9.152982150564978e-71
0,0,0.02153246432169708
0,0,5.362228771822962e-11
-1,0,6.2917573747002364e-55
0,0,5.0790556472829244e-18
0,0,1.0510906014110416e-07
0,0,9.366708543593605e-35
0,1,0.9998805588889411
0,0,5.941487522319699e-13
0,0,1.7465749979403985e-16
0,0,5.975444194154464e-34
0,0,3.7441246888705843e-50
0,0,3.210531874158143e-21
0,0,5.613996082542564e-11
0,0,0.0007922964240675578
-1,0,8.396701212753417e-46
-1,0,1.2152847161287982e-80
0,0,8.426027404322007e-21
0,0,7.52887819820643e-20
0,0,1.845453805901652e-12
0,0,1.5438259101060392e-13
0,0,5.632307975375918e-23
-1,0,5.848613842073376e-76
-1,0,1.6993980190985867e-74
-1,0,7.74653793263897e-77
0,0,5.266744607897194e-28
0,0,1.4646811835397324e-26
-1,0,2.534062324905066e-60
0,0,1.6418854065167402e-33
0,0,2.27494416102011e-31
-1,0,4.754127611316919e-57
-1,0,6.647952482237321e-51
0,0,1.5618819828567195e-18
0,0,7.935698323407841e-07
0,0,6.03058395479498e-30
0,0,0.022520688130870985
0,0,0.0005657986584487429
-1,0,1.4634892278093264e-23
-1,0,2.707745574235793e-52
0,1,0.9998805588889411
0,1,0.6852339549891829
-1,0,3.314885517632272e-53
0,0,2.2959367219801966e-27
0,0,3.06156211347767e-15
-1,0,1.0304575267227126e-55
0,0,4.670545793159904e-37
-1,0,1.6295241982721285e-43
0,0,5.03261604628071e-22
0,0,1.228284483600852e-36
0,0,3.5689554391588626e-35
0,0,7.856746033200837e-08
0,0,2.0564967849619377e-35
0,1,0.9999999928594738
0,1,0.999999999996922
-1,0,1.240628377872175e-35
0,0,3.0261690490284914e-10
0,0,6.293204517320368e-18
0,0,0.0006695437149090915
0,0,1.0406326518590767e-08
0,0,4.186868561472309e-48
0,0,1.0431774000828583e-17
-1,0,1.0482855586031127e-35
0,1,0.9942793861958309
0,0,4.021260223775965e-23
0,0,2.251384597671802e-38
-1,0,2.3015511488972238e-36
-1,1,0.9999999999988798
0,1,0.9083862650298646
0,0,5.659887869237483e-41
-1,0,1.1436340858558803e-63
-1,0,2.2435488130442756e-63
0,0,4.466555609949195e-34
-1,0,6.573751512306312e-55
-1,0,2.4135402286992343e-42
0,0,4.045171014696255e-07
0,0,1.9415625146013764e-30
0,0,4.709808351248838e-30
-1,0,3.939113578808708e-68
0,0,4.5077717604507894e-30
0,0,3.234886254991489e-11
-1,0,3.3338306856996725e-74
-1,0,1.8062835704635613e-54
0,0,2.8222043372433572e-43
-1,0,1.5299757252193707e-63
0,0,8.321840839767089e-13
0,0,4.787391699240734e-07
0,0,8.81446711257395e-18
0,0,1.9384037181046687e-24
-1,0,9.806494147825837e-35
0,0,7.927423198617573e-41
0,0,1.84996663303257e-21
-1,0,2.0112090551002813e-74
0,0,5.65067959814732e-35
-1,0,2.5299395695808968e-54
0,0,8.193643094439306e-39
0,0,0.0070351474193042236
0,0,2.569523005778337e-28
0,0,6.638662835252471e-08
0,0,3.9560907290023216e-46
-1,0,2.1250695845195274e-70
-1,0,2.0598480243240765e-41
0,0,1.0448773478729135e-23
-1,0,2.6616953601264094e-72
0,1,0.9993565019537483
-1,0,1.8092270657536032e-60
0,0,8.910301081209826e-20
0,1,0.9942793861958309
-1,0,2.1817844172801784e-46
-1,0,1.3757677789778014e-40
0,0,1.1684344090910294e-21
0,0,6.671171020457649e-26
-1,0,8.805268644608773e-52
0,0,1.3218837125950284e-24
0,0,1.165584118493112e-12
0,0,2.7149913493356813e-24
0,0,5.727401030839744e-09
0,1,0.7830138077938198
0,0,1.6476198034905432e-08
-1,0,4.658081029904056e-65
0,0,9.336255279878453e-23
-1,0,4.2731990502664046e-40
0,0,1.4745909316855616e-13
-1,0,7.001475243141662e-35
0,0,2.0498106541156183e-23
0,0,8.355785185159647e-28
0,0,2.0531509978492802e-29
0,0,3.4235927558749635e-13
-1,0,2.433829455617438e-35
-1,0,1.7390797537471444e-38
0,0,4.3021106843079686e-27
0,0,3.2157637135019546e-27
-1,0,1.1653160886774712e-49
-1,0,1.021035689335248e-59
-1,0,1.9269451372450114e-40
-1,0,3.7563373815524475e-62
-1,0,3.231510441537758e-45
-1,0,1.7376644928006616e-35
0,0,2.7105742342037313e-18
-1,1,0.999999999998431
-1,0,6.29833009053569e-21
0,0,8.807293910170932e-15
-1,0,6.642542386753347e-48
0,0,4.288123560592953e-15
0,0,4.024535385680886e-26
0,0,1.6281980935008012e-40
0,0,3.578504482925151e-07
0,0,1.244961377612367e-10
0,0,8.79296493592803e-09
0,1,0.995908998538239
-1,0,1.4694587223927326e-38
-1,0,6.610174145856984e-30
0,0,1.3816971881578378e-18
0,0,4.787391699240734e-07
-1,0,4.941864572699277e-76
-1,0,1.311931690497927e-34
0,0,1.3097972625839851e-28
-1,0,5.617276459016502e-51
0,1,0.9773428762556998
0,0,6.705375374065342e-07
-1,0,1.311931690497927e-34
0,1,0.9999999999998745
0,0,1.2198097002985524e-18
0,0,8.391727286917918e-06
0,0,7.472195782437812e-30
-1,0,8.376218215742594e-37
0,0,4.011450721322808e-14
0,0,7.484372371679685e-36
-1,0,1.1622634989130383e-09
0,0,8.79296493592803e-09
0,0,2.892810537412978e-13
0,0,2.584802676460423e-12
0,0,5.028520509584594e-19
0,0,2.984406429135979e-42
-1,0,1.0329773820913584e-64
0,0,3.5573519670672507e-23
0,0,9.88088403196471e-25
0,0,1.6418854065167402e-33
-1,0,6.276409198763826e-46
0,0,6.0158728879141e-21
0,0,3.5931022978363633e-22
0,1,0.9999999999994289
0,0,2.051480146113914e-26
-1,0,4.3977484349945796e-60
-1,0,1.2436621798459271e-44
-1,0,4.0508328934053866e-50
-1,0,3.3175853644868303e-56
0,0,1.250039508893926e-25
0,0,8.355785185159647e-28
0,0,4.545665972055684e-23
0,0,1.311931690497927e-34
0,0,2.5258235217126957e-48
0,0,7.031650838331468e-13
-1,0,7.484372371679685e-36
0,0,1.3165137215303971e-09
-1,0,5.6552818595099e-38
0,0,1.9285145600018534e-43
-1,0,3.997489151216798e-39
0,0,1.240628377872175e-35
0,0,1.0510906014110416e-07
0,0,0.16432136011197176
0,0,2.5549205181341855e-07
0,0,6.441271796668669e-28
0,0,2.0636792740814346e-10
0,0,3.8669082503076785e-10
0,0,2.0636792740814346e-10
0,0,0.00024377618858677555
0,0,5.641486308317911e-29
-1,0,6.642542386753347e-48
-1,0,3.5225687613887595e-70
0,1,0.9998805588889411
0,0,1.5372007424485675e-35
0,0,8.81446711257395e-18
0,0,8.881330911419466e-08
0,0,1.0448773478729135e-23
0,0,2.4259165318935036e-23
0,0,2.2940682915236464e-24
-1,0,8.213679626760746e-48
-1,1,0.9999999999928537
0,1,0.9999990550019013
-1,0,5.545542415041853e-49
0,0,4.799100966101762e-16
-1,0,1.6938728961813737e-62
-1,0,1.9348050437893753e-55
0,0,6.620945996292236e-36
0,1,0.9998805588889411
-1,1,0.9999999999998517
0,1,0.9932368483549658
0,1,0.999858646546025
0,0,2.0636792740814346e-10
-1,0,5.646081082099326e-32
0,0,1.4448000994764079e-21
-1,0,1.0896815751855777e-54
0,0,6.02077258517588e-24
-1,0,3.777149804973816e-37
0,0,1.5568015316848554e-06
0,0,1.5526491533761053e-34
0,0,5.6185684669065964e-14
-1,0,3.4144558637277236e-41
0,0,8.26591526403522e-26
0,0,1.7565569887821021e-37
0,0,1.716178532079852e-27
0,0,1.1151261471057564e-18
0,0,4.826528692909035e-37
0,0,8.34898525754024e-25
-1,0,2.878052280143287e-32
0,0,8.286128528934137e-35
0,0,5.62314457498721e-17
-1,0,2.411576092654822e-39
0,0,1.547601143831972e-22
-1,0,3.1500718195753554e-72
-1,0,4.031093714143766e-32
0,0,1.9546987491251007e-17
0,0,0.00047812109245648303
-1,0,6.658785895738872e-57
0,0,2.8710315305943877e-23
-1,0,3.2019635993763507e-49
0,0,4.485805977790049e-12
-1,0,1.047432465115792e-32
-1,0,1.5312218316466704e-66
-1,0,6.55087203578392e-80
0,0,2.4135402286992343e-42
0,0,5.641486308317911e-29
0,0,4.27764477072113e-06
0,0,2.5758064538322005e-37
-1,0,6.189791665810509e-78
0,0,3.844049607617396e-26
0,0,5.675033411334493e-13
0,1,0.9998805588889411
0,0,3.560249293526242e-26
0,0,1.7067222393404644e-52
0,0,0.00040402476746441646
0,0,7.863145668059127e-11
0,0,5.03261604628071e-22
-1,0,1.1722456417670114e-33
-1,0,8.286128528934137e-35
0,0,1.5372007424485675e-35
-1,0,1.8375342336341796e-34
0,0,5.68428136907265e-19
0,0,2.185842465179716e-15
0,0,5.627724410131669e-20
-1,0,2.6989420879670916e-40
-1,0,4.0040034055016206e-45
-1,0,6.31373187127903e-30
-1,0,3.3832362869081116e-45
-1,0,1.0841223445268056e-73
0,0,5.6185684669065964e-14
0,0,2.997268895569768e-20
0,0,7.510512176782339e-11
0,0,2.3095895115517215e-11
-1,0,3.9528712672741086e-43
-1,0,7.733934817004529e-71
-1,0,2.4214127830444902e-54
0,0,2.2786513792734172e-37
-1,0,4.244481712151722e-53
0,0,7.901649373359156e-29
0,0,7.863145668059127e-11
-1,0,6.545540944246758e-77
-1,0,2.4358117161707646e-38
0,1,0.9990989279903383
0,0,7.908084963093105e-32
0,0,3.207919147301181e-18
0,0,2.7311359730592563e-08
-1,0,1.8957166083603985e-63
0,0,7.955110396896792e-16
0,0,6.34610782177089e-11
0,0,3.0311004541219195e-16
-1,0,1.4694587223927326e-38
0,0,6.02077258517588e-24
-1,0,7.345117293630633e-50
0,0,7.466114918778466e-27
-1,0,4.47383424859457e-40
0,0,1.4622982420909946e-20
-1,0,8.762361721317613e-34
0,0,3.06156211347767e-15
0,0,8.3150685291068e-10
0,0,3.0311004541219195e-16
-1,0,4.276679406662847e-43
0,0,6.29833009053569e-21
0,0,6.340942965423908e-08
-1,0,3.374983186435037e-36
0,0,1.1684344090910294e-21
-1,0,5.9851816972402814e-40
0,0,9.697039187169192e-39
0,1,0.8102720095590964
0,0,2.1822862362579864e-09
0,0,2.051480146113914e-26
0,0,0.0006695437149090915
0,0,7.497730858500664e-05
-1,0,1.7433324563964899e-47
0,0,5.07492231809709e-15
0,0,8.335401999116093e-19
0,0,3.596028741565813e-25
0,1,0.9951619999287069
-1,0,2.0198771469224827e-52
-1,0,6.653366984036333e-54
-1,0,2.3963363750903553e-61
-1,1,0.9999999999988798
0,0,1.1049301545955205e-22
0,0,0.48391075049997395
0,0,2.139939478169475e-20
-1,0,4.766849389830948e-29
-1,0,1.0966115035602482e-32
-1,0,3.8151090387360626e-36
-1,0,7.805301446959193e-67
0,1,0.9999999999859805
0,0,1.4073146863722077e-10
0,1,0.9996116960617354
0,0,7.38581376885818e-25
0,0,3.197479261009754e-06
-1,0,2.1548069803323655e-38
0,0,2.4443189953031675e-13
0,0,0.00040402476746441646
0,0,2.16762054183128e-22
-1,0,6.189791665810509e-78
-1,0,1.4312605828198616e-62
0,1,0.9998805588889411
0,0,5.03261604628071e-22
0,1,0.9999990550019013
-1,0,1.0420887768258979e-51
0,0,3.056581140810014e-09
0,0,3.0311004541219195e-16
0,0,7.888793901454001e-23
0,0,7.066082936978882e-31
-1,0,2.5716157835131653e-31
-1,0,1.544728000103146e-53
0,0,5.32185833806907e-21
-1,0,1.640549242209476e-30
-1,0,1.946310363589857e-39
0,0,1.7210696591135275e-45
0,0,4.266246832097746e-34
0,0,1.2480057755519856e-19
0,0,2.8733698754349513e-26
-1,0,3.540632010757891e-51
0,0,1.3108640421154913e-31
-1,0,1.788311570293744e-55
0,0,1.306602130027202e-19
0,0,1.1753686901975342e-05
0,0,1.3130002084389378e-37
-1,0,1.8360388505541118e-31
-1,0,5.31197823170528e-52
0,0,4.5493682422882883e-26
-1,0,1.233294590564664e-51
-1,0,6.692931236334951e-38
0,0,3.802705266256332e-24
-1,0,1.6295241982721285e-43
0,0,5.053143818988408e-37
0,1,0.9999999999999243
0,0,5.670415072971314e-10
-1,0,1.5539137264392187e-37
0,0,4.2731990502664046e-40
0,0,2.0531509978492802e-29
0,0,5.049031576816325e-34
0,0,2.682503239550246e-25
0,1,0.9996718776349768
-1,0,4.07824004125873e-37
0,0,1.7437334332040087e-10
0,0,1.8345446844149003e-28
0,0,3.0434641513727923e-31
0,0,3.2183828294565544e-30
0,0,5.317527416354666e-18
-1,0,9.830474706252577e-44
-1,0,4.9591244541089305e-51
0,0,1.9695262713067442e-07
-1,0,2.4076526144996413e-33
-1,0,1.0914573055507457e-60
-1,0,3.0434641513727923e-31
0,0,5.5899042049877583e-33
0,0,4.5382704678472834e-17
-1,0,2.2879458768396567e-52
0,0,1.1753686901975342e-05
-1,0,8.213679626760746e-48
0,0,3.2480811837713105e-26
0,0,9.235839997890438e-21
0,0,1.5463417079407433e-19
-1,0,7.381084353003991e-68
0,0,3.084691286795865e-05
-1,0,2.8494164906618218e-33
0,0,8.873316656122791e-05
0,0,1.1732003907898239e-36
0,0,3.805802423547981e-27
-1,0,1.5577136286616914e-46
-1,0,9.913113781274879e-37
0,0,5.32185833806907e-21
0,0,3.056581140810014e-09
-1,0,4.9591244541089305e-51
0,0,3.0665511937131826e-21
0,0,5.360995710357393e-48
0,0,1.3208079652693636e-21
-1,0,3.777149804973816e-37
-1,0,1.1643677558899383e-46
0,0,2.2959367219801966e-27
-1,0,1.8345446844149003e-28
0,0,5.641486308317911e-29
-1,0,8.362590651058703e-31
-1,0,3.962537520977906e-52
0,0,3.22100407858044e-33
0,0,1.7334256166384623e-26
0,0,5.9657225333556735e-28
0,0,2.9046101574628065e-28
0,0,4.5382704678472834e-17
0,0,3.2131467289806698e-24
0,0,3.844049607617396e-26
0,0,8.180312567656306e-33
-1,0,4.7386708795088246e-45
0,0,6.340942965423908e-08
-1,0,2.0460051512251297e-54
0,0,3.844049607617396e-26
0,1,0.9999999999999545
-1,0,2.437795591199059e-41
-1,0,4.665671775784847e-71
0,0,3.761805600364386e-22
0,0,5.675033411334493e-13
0,0,2.2978066742015118e-30
0,0,6.308593764113644e-27
0,1,0.929898377361482
-1,0,2.271637266996614e-71
0,0,1.2345829579320586e-17
0,0,1.6305569046809186e-15
0,0,2.440341651039185e-07
0,1,0.9998805588889411
0,1,0.99991071685414
-1,0,1.6418854065167402e-33
0,0,9.273512497142755e-36
0,0,9.313480325268148e-14
-1,0,6.703837946606084e-44
-1,0,1.7362503835917817e-32
-1,0,2.183561396836482e-49
0,0,6.335381719606951e-05
-1,0,2.5758064538322005e-37
0,0,1.0983985268430206e-38
0,1,0.9998805588889411
-1,0,7.415940109694486e-40
0,0,4.7397605780969686e-08
-1,0,1.2322909369566144e-48
-1,0,2.5129375228298004e-67
-1,0,2.058171722556843e-38
0,0,0.0009375332382088195
0,0,1.9384037181046687e-24
0,0,1.1235852334858182e-08
0,1,0.9999999999963571
-1,0,5.8248545706363646e-61
0,0,2.584802676460423e-12
0,0,1.1753686901975342e-05
-1,0,1.3479734489152138e-48
-1,0,3.2262529832870655e-39
0,0,2.5653425582224008e-22
0,0,5.931817588182763e-07
0,0,0.05077542812781682
-1,0,3.1347219313005756e-54
-1,0,4.9338244790211617e-70
0,0,1.734837425183222e-29
0,0,6.716306866666559e-13
-1,0,2.1216122339020223e-64
0,0,2.2940682915236464e-24
0,0,5.375341433825111e-20
0,0,2.16762054183128e-22
0,1,0.9999999999244293
-1,0,1.1760693060304298e-45
0,0,3.153362557869583e-38
0,0,1.3615201817414372e-47
0,1,0.9999999999999545
0,0,1.828580169472237e-16
0,0,1.1031325047773203e-16
-1,0,1.1732003907898239e-36
-1,0,4.78629311450749e-44
-1,0,8.798102927907653e-49
0,0,4.4894594943780166e-15
0,0,1.0319575962479509e-15
-1,0,1.0420887768258979e-51
0,0,1.244961377612367e-10
0,0,2.446309799184008e-16
0,0,4.0049241903433276e-08
0,0,9.85678050452416e-16
0,0,5.066665722411517e-09
0,0,3.774075965147622e-34
-1,0,2.556414065150677e-47
-1,0,3.795645489367497e-55
0,0,1.2469901499998406e-16
0,1,0.9932368483549658
0,0,3.632167762432051e-24
0,1,0.9083862650298646
0,1,0.9998805588889411
0,0,3.0385126322603096e-25
0,0,1.5501230937363183e-28
-1,0,1.7970684499806632e-73
-1,0,2.051480146113914e-26
0,0,5.286093656036941e-34
0,1,0.9998020269621882
0,0,1.244961377612367e-10
0,0,5.311019062161187e-21
0,1,0.9999999999998745
0,0,4.021260223775965e-23
0,0,4.048467287056672e-10
0,0,4.493115986594924e-18
-1,0,4.5077717604507894e-30
0,1,0.9998805588889411
0,0,8.29963149197727e-41
0,0,1.0948273876486488e-26
0,0,2.279571152933317e-46
-1,0,6.658785895738872e-57
0,0,2.1894044845139006e-21
-1,0,5.31197823170528e-52
0,0,1.6529940839860093e-20
-1,0,1.7007821134728693e-77
-1,0,1.6152766230845897e-56
0,0,7.04310952149228e-19
0,0,1.3581988757778014e-38
-1,0,5.24841407633071e-53
-1,0,1.0378554198667032e-36
0,0,8.89580459828451e-14
0,0,7.811658565009766e-70
-1,0,5.286093656036941e-34
0,1,0.99991071685414
-1,0,1.5564459632428406e-43
0,1,0.9489259063869891
0,0,1.2551383534467868e-40
0,0,7.838941445481788e-45
0,0,1.6418854065167402e-33
0,0,3.2295190033169595e-05
0,0,6.076330623780331e-20
0,0,5.864264404278696e-48
0,0,1.0431774000828583e-17
-1,0,3.2019635993763507e-49
0,0,5.956016689069447e-22
-1,0,3.812004307732571e-33
0,0,4.47019344783231e-37
-1,0,3.380483013414319e-42
0,0,1.0423284636086022e-14
-1,0,4.0508328934053866e-50
0,0,1.8469568571044408e-15
0,0,0.08144701269382977
-1,0,1.8077547190116187e-57
-1,0,2.382718708312428e-40
-1,1,0.9999999999997922
0,1,0.9999999999999545
0,0,2.169385985455384e-25
0,1,0.9993565019537483
0,0,1.0423284636086022e-14
-1,0,1.833051734226253e-25
0,0,3.2027000705484146e-12
0,1,0.999858646546025
-1,0,5.023272922381736e-53
0,0,1.4560229419059314e-42
0,0,9.217028933856332e-21
-1,0,2.1285325691888642e-76
0,0,1.4670680081976434e-32
0,1,0.9998805588889411
0,0,7.466114918778466e-27
-1,0,1.3063016726649027e-56
0,0,5.970581385081073e-31
-1,0,8.16512570000169e-64
0,0,5.028520509584594e-19
-1,0,4.415686616542447e-75
-1,0,5.5410294595030625e-46
-1,0,1.228284483600852e-36
0,0,4.500437907670954e-24
0,0,4.482155414379841e-09
0,1,0.9942793861958309
0,0,3.403354704299318e-29
0,0,1.2967651578743072e-29
-1,0,2.7260656543909068e-39
0,0,7.935698323407841e-07
0,0,4.0049241903433276e-08
-1,0,1.1741559174190386e-39
0,0,1.228284483600852e-36
-1,0,3.027937304260319e-50
0,0,2.1623328265776336e-13
0,0,4.4967754568839694e-21
-1,0,2.1764621505274283e-37
-1,0,2.816964874397632e-74
0,0,2.2940682915236464e-24
-1,0,1.459583464423205e-51
0,0,0.195906971427103
-1,0,1.2322909369566144e-48
0,0,2.561168911983957e-16
0,0,5.956016689069447e-22
0,0,5.94632663556351e-16
0,0,1.113311909066677e-12
0,0,6.2650663777318494e-09
0,0,5.044922681181822e-31
-1,0,8.17843147847045e-70
-1,0,6.236746049091733e-68
0,1,0.9998749515923812
0,0,1.4634892278093264e-23
-1,0,1.1067307338395804e-28
0,0,0.44205127039933484
0,0,3.774075965147622e-34
-1,0,2.4298697726816042e-29
0,0,1.7465749979403985e-16
0,0,1.734837425183222e-29
0,0,1.1112450295346938e-43
0,0,4.031093714143766e-32
-1,1,0.9999999999956888
0,0,1.3910261329174636e-05
0,0,1.2967651578743072e-29
0,0,2.875710124767539e-29
0,0,7.472195782437812e-30
0,0,1.2116121679142614e-31
-1,0,7.071837989963259e-34
-1,0,7.440129634625645e-52
-1,0,2.437795591199059e-41
0,1,0.9998805588889411
-1,0,5.83909852604526e-70
0,0,2.307709917270032e-08
-1,0,6.5684018014795354e-52
0,0,6.631735400389162e-42
0,0,1.2864739576259093e-45
0,0,2.7378147002426263e-17
0,0,4.024535385680886e-26
-1,0,1.460772239059441e-54
0,0,1.2376019765853162e-26
0,0,3.35853733446463e-18
0,0,3.0119457133815837e-38
0,0,1.1674835386182366e-18
0,0,9.921187631463338e-40
0,0,3.2131467289806698e-24
-1,0,3.7925565977762856e-52
-1,0,6.31373187127903e-30
0,0,3.822058930264104e-05
-1,0,5.888184426327323e-63
0,1,0.9916336422919959
0,0,8.20031650183689e-42
0,0,4.5308869954400554e-11
-1,0,2.999020262916922e-60
0,0,1.393312311619446e-11
0,1,0.6372817761160846
0,0,5.334872278921898e-30
0,0,2.5481025914532915e-35
0,0,1.3097972625839851e-28
-1,0,5.970581385081073e-31
-1,0,4.750258708163746e-54
-1,0,3.610696751201086e-40
0,0,1.5501230937363183e-28
0,0,2.7105742342037313e-18
0,0,6.71084113997029e-10
0,0,1.6365472699619523e-21
0,1,0.7203891326024138
-1,0,4.5187949541065195e-39
-1,0,1.5488616054853637e-25
0,0,1.0992931302288771e-41
-1,0,1.470655540047054e-41
-1,0,1.3063016726649027e-56
0,0,4.511443167304446e-33
0,0,2.0619994296892084e-07
-1,0,1.7362503835917817e-32
0,1,0.8762257613637073
-1,0,7.319553133141664e-75
0,0,0.0018375691109064796
0,0,1.9447264586301288e-36
0,0,3.8315517428773746e-14
0,0,1.385075956313809e-27
-1,0,8.306391222851477e-44
0,0,6.324020643390781e-36
0,0,1.55138560942096e-31
-1,0,8.843218392765145e-30
-1,0,1.2312881001206258e-45
-1,0,8.7909430426579e-46
0,0,9.359085927799089e-32
0,0,8.850420854278487e-33
0,0,2.866360548191062e-17
-1,0,2.7172026054456337e-27
0,0,4.527199560472966e-08
-1,0,4.3798831250938445e-45
0,0,4.255839706859435e-25
-1,0,4.283648625613995e-49
0,0,2.7105742342037313e-18
0,0,3.1889560176923844e-34
0,0,0.0004566888923197919
-1,0,3.231510441537758e-45
-1,0,8.805268644608773e-52
0,0,1.0431774000828583e-17
0,0,4.024535385680886e-26
0,0,2.1729211875326244e-31
-1,0,1.4335929457185813e-68
-1,0,9.366708543593605e-35
-1,0,4.186868561472309e-48
-1,0,2.3744258246151263e-65
0,0,1.94993039940267e-08
-1,0,8.206995344468558e-45
0,0,1.311931690497927e-34
-1,0,8.403540003184441e-49
0,0,2.0632047248205207e-47
0,0,1.383948783218569e-24
-1,0,2.8100931420780112e-65
0,0,7.060332567449385e-28
-1,0,2.4358117161707646e-38
0,0,1.3724117172828124e-31
-1,0,2.058171722556843e-38
0,0,1.4730521004355505e-47
0,0,5.641486308317911e-29
0,1,0.9998805588889411
0,0,5.03261604628071e-22
0,0,0.08144701269382977
0,0,2.427892347674536e-26
0,0,5.334872278921898e-30
-1,0,9.752459513505674e-60
0,1,0.9044956249000121
-1,0,3.023011046322738e-44
-1,0,1.8375342336341796e-34
-1,0,3.965764855498262e-55
0,0,2.892810537412978e-13
-1,0,2.1618355911897333e-50
0,0,9.86480847342368e-19
0,0,4.284633890939898e-12
0,0,0.0006695437149090915
-1,0,4.754127611316919e-57
-1,0,2.88274231523498e-38
0,0,3.6144556192992342e-06
0,0,2.5932338595484057e-24
0,0,7.020205869383544e-07
0,0,1.0510906014110416e-07
0,0,2.151301248897345e-32
0,0,8.910301081209826e-20
0,0,3.0385126322603096e-25
-1,0,5.641486308317911e-29
-1,0,3.5893526626105564e-56
0,0,3.223627462611041e-36
-1,0,3.574125872624419e-10
0,0,1.1840263623209269e-32
-1,0,1.5397057439993737e-41
-1,0,1.0517048863322788e-47
-1,0,2.372493519824241e-62
0,0,1.3772030849836838e-06
-1,0,9.288624487753533e-42
-1,0,9.381972405222036e-41
-1,0,1.279910750878353e-64
0,0,2.3034256738534866e-39
0,0,1.5488616054853637e-25
0,0,2.3265744177801248e-38
-1,0,1.6057281592514359e-72
-1,0,8.369401659748302e-34
0,0,9.88088403196471e-25
0,0,1.1031325047773203e-16
0,0,7.048845863512871e-22
0,1,0.9999999999994289
0,0,6.31373187127903e-30
0,0,9.89698578701871e-31
0,0,8.810848959015741e-24
-1,0,2.2472048698628755e-69
0,0,1.086138776749994e-42
-1,0,9.694809321818545e-76
-1,0,1.5422148276668458e-47
0,0,3.35853733446463e-18
-1,0,2.1600762920671166e-47
0,0,1.2967651578743072e-29
0,0,7.154547847590587e-39
0,0,4.527199560472966e-08
0,0,3.2131467289806698e-24
0,0,1.8360388505541118e-31
-1,0,2.978865835779427e-73
0,0,2.8951666204184293e-16
0,1,0.9999997544531459
0,1,0.9998805588889411
0,0,5.66449763038305e-44
-1,0,4.151965406641827e-55
0,0,3.581420317625673e-10
-1,0,2.829105685980314e-52
0,1,0.9999999999999105
0,0,4.522475338927759e-42
-1,0,6.5189504925269685e-62
-1,0,1.0412407262718865e-48
0,0,1.6215837398264054e-25
-1,0,4.6694717861326225e-74
0,0,2.573710265735046e-34
0,0,2.7333604529218308e-11
0,0,5.646081082099326e-32
0,0,3.0484237394138882e-37
0,1,0.999999999999754
0,0,2.1548069803323655e-38
-1,0,5.935287194845337e-47
-1,0,4.2039465752520674e-63
-1,0,2.1618355911897333e-50
0,0,2.158814385030491e-07
0,0,1.4757919293273253e-16
-1,0,1.5172213292215054e-70
0,0,5.24841407633071e-53
-1,0,6.169667269170699e-66
0,1,0.9997657107404383
0,0,3.429171796352796e-19
-1,0,7.460039003718371e-24
-1,0,5.9851816972402814e-40
0,0,3.578504482925151e-07
0,0,1.3501700882263552e-54
0,0,1.943143842650292e-33
0,0,3.9528712672741086e-43
0,1,0.9916336422919959
0,1,0.9998020269621882
0,0,4.051764609707699e-13
0,0,1.7334256166384623e-26
0,0,1.5413139677470816e-07
0,1,0.9989337726694628
-1,0,1.9300852609932136e-46
0,0,1.1703384740098063e-27
0,0,1.8529813136508633e-27
0,0,4.262774965717484e-31
0,0,1.0852548783606978e-39
0,0,2.4239423240289203e-20
0,0,5.066665722411517e-09
-1,0,1.2165542693907305e-46
0,0,1.232574371382551e-11
0,0,1.742314081836831e-07
0,0,2.7333604529218308e-11
0,1,0.9998805588889411
-1,0,3.023011046322738e-44
-1,0,2.675344168791728e-53
-1,0,2.999020262916922e-60
-1,0,2.167122090515766e-59
0,0,2.4056932697883617e-30
0,0,1.4646811835397324e-26
0,0,4.511443167304446e-33
-1,0,1.0412407262718865e-48
0,0,0.004255991032256202
0,0,2.0165909375898242e-46
0,0,6.738214307938695e-25
0,0,8.80012654523391e-12
0,1,0.998233833172175
0,0,3.802705266256332e-24
-1,0,3.023011046322738e-44
0,0,8.910301081209826e-20
0,0,1.2355884783031046e-20
0,0,1.5413139677470816e-07
0,0,2.317122996536923e-23
-1,0,1.4670680081976434e-32
0,0,9.258425092762211e-30
0,0,1.742314081836831e-07
-1,0,1.047432465115792e-32
0,0,6.671171020457649e-26
-1,0,1.5147529083576095e-64
-1,0,2.675344168791728e-53
0,0,4.027813215079277e-29
-1,0,3.821326088854908e-42
0,0,8.426027404322007e-21
-1,0,1.240628377872175e-35
0,0,4.034376885048665e-35
0,0,1.5501230937363183e-28
0,0,3.406126605906271e-32
-1,0,1.4572088166334175e-45
-1,0,5.864264404278696e-48
0,0,5.571730176607922e-21
0,0,2.4219697227722305e-17
0,0,2.0360352355280738e-36
-1,0,3.6077583706634862e-37
0,0,3.232253604199606e-08
0,0,1.107632123487792e-31
-1,0,1.2205224607992876e-58
0,0,1.2439480750016553e-07
-1,0,4.681967030412411e-46
0,0,3.06156211347767e-15
0,0,5.996313904150707e-09
0,0,6.676604432863693e-29
0,0,6.250912061522534e-31
-1,0,3.01809280308785e-38
-1,0,3.1688037242676973e-56
0,0,7.968073937266495e-22
-1,0,4.2341276809649926e-44
-1,0,1.5539137264392187e-37
0,1,0.9987383846518528
0,0,7.020205869383544e-07
-1,0,1.570808419835975e-39
0,0,7.955110396896792e-16
0,0,0.0070351474193042236
-1,0,4.941864572699277e-76
0,0,7.060332567449385e-28
0,0,1.709896687073957e-21
0,0,7.510512176782339e-11
0,0,3.571862216199946e-38
-1,0,5.66449763038305e-44
0,0,9.697039187169192e-39
-1,0,3.223627462611041e-36
0,0,1.9289544092558867e-06
0,0,1.054519189548344e-19
-1,0,1.620545378436827e-68
0,0,1.3828225274154256e-21
-1,0,3.023011046322738e-44
0,0,3.825317909951081e-08
-1,0,6.318874163235277e-33
0,1,0.9990989279903383
0,0,2.3788421792530806e-34
0,0,1.94993039940267e-08
-1,0,5.049031576816325e-34
0,0,3.822058930264104e-05
0,0,7.466114918778466e-27
-1,0,1.8048136191344184e-51
-1,0,7.721352205822963e-65
-1,0,2.409613555021886e-36
0,0,2.307709917270032e-08
0,1,0.9744636507168131
-1,0,1.4347605520762153e-71
0,0,3.796518511010118e-18
0,0,3.3291723129179982e-31
0,1,0.9985072449447328
-1,0,1.460772239059441e-54
0,0,3.587256553048226e-16
0,0,1.9038869403249065e-41
0,0,1.939982473435238e-27
0,0,0.00020598973967975843
0,0,5.613996082542564e-11
0,0,2.037693507977355e-39
-1,0,1.7287994464027374e-54
0,0,1.0517048863322788e-47
0,0,1.8315599989986171e-22
-1,0,2.2823646387594455e-43
0,0,7.869549898623249e-14
0,0,0.0007922964240675578
0,0,0.44205127039933484
0,0,8.391727286917918e-06
0,0,1.620545378436827e-68
0,0,2.5716157835131653e-31
0,1,0.9999999999995175
-1,0,9.744522974050597e-57
0,0,3.0484237394138882e-37
-1,0,4.210797269764313e-69
0,0,9.704937052905052e-42
-1,0,8.326703466659622e-53
0,0,1.385075956313809e-27
0,0,3.197479261009754e-06
0,0,7.060332567449385e-28
0,0,2.7172026054456337e-27
-1,0,1.2906702150674437e-57
-1,0,9.854513906144088e-53
-1,0,9.130654274262153e-62
0,0,1.6610883504198605e-38
0,0,3.3922896372222005e-17
0,0,7.066082936978882e-31
-1,0,4.727111318319014e-36
0,0,7.031650838331468e-13
0,0,1.1665334419626207e-15
0,0,1.0457283603154467e-26
0,0,5.951169690075596e-19
0,0,5.665797289303462e-07
0,0,1.828580169472237e-16
0,0,3.234886254991489e-11
0,1,0.9999993253060184
-1,0,6.276409198763826e-46
-1,0,3.2071814759753996e-55
0,0,1.7437334332040087e-10
-1,0,7.428025025452384e-46
-1,0,1.4658741100722708e-29
-1,0,8.326703466659622e-53
0,0,1.306602130027202e-19
-1,0,1.4572088166334175e-45
0,1,0.7203891326024138
-1,0,3.9487461898010356e-77
0,1,0.9998805588889411
0,0,1.828580169472237e-16
0,1,0.9999999999928537
0,1,0.9951619999287069
0,0,5.32185833806907e-21
-1,0,2.39438623952067e-58
0,0,4.3204656401640495e-05
0,0,3.2157637135019546e-27
0,0,2.5549205181341855e-07
0,0,9.305901025666618e-11
-1,0,2.3841109810408467e-80
-1,0,8.83602179260611e-27
0,0,6.716306866666559e-13
0,0,1.5425695462576092e-10
0,0,1.6418854065167402e-33
-1,0,3.314885517632272e-53
0,0,6.604794794336248e-27
0,0,5.941487522319699e-13
0,0,9.872842980795532e-22
0,0,1.311931690497927e-34
0,0,2.0754735734309385e-31
0,1,0.9994306961340126
0,0,0.00020598973967975843
0,1,0.9985072449447328
0,0,5.036714918634063e-25
0,0,7.09071155275e-06
0,0,2.7333604529218308e-11
0,0,1.7390797537471444e-38
0,0,7.333167263384097e-44
0,0,2.2996781494270453e-33
0,1,0.9999999999999105
0,0,1.8424479774336362e-06
0,0,1.1049301545955205e-22
0,0,7.968073937266495e-22
0,0,2.719415662538704e-30
0,0,6.615557878652744e-33
0,0,7.466114918778466e-27
0,1,0.9997657107404383
0,0,3.604822381376425e-34
-1,0,1.0499938305792428e-41
0,0,3.4089007651205997e-35
0,0,6.308593764113644e-27
-1,0,1.55138560942096e-31
0,0,5.036714918634063e-25
-1,0,1.825185384150752e-47
-1,0,1.3108640421154913e-31
-1,0,4.4347177445861425e-53
-1,0,2.4622947128883933e-40
-1,1,0.9999999999994289
0,0,3.629211908812246e-21
0,0,4.245457968866722e-16
0,0,2.8199076308543096e-40
0,0,2.1290221446787597e-39
0,0,2.5674319311433604e-25
0,0,5.878604731520621e-57
-1,0,3.3392634511200824e-80
0,0,8.39863243477405e-09
0,0,5.636895273757779e-26
-1,0,3.616580693819253e-46
-1,0,1.206412660835141e-53
0,0,4.485805977790049e-12
0,0,2.0481425207478394e-20
0,0,5.65067959814732e-35
-1,0,3.555074060079715e-66
0,1,0.999999999999946
-1,0,2.0426764333212087e-48
0,0,1.534699816373066e-29
0,0,1.843951974486688e-09
-1,0,1.5526491533761053e-34
0,0,6.335381719606951e-05
0,0,0.00019675366646229443
0,0,1.3757677789778014e-40
0,0,1.6298963422228797e-06
-1,0,1.6295241982721285e-43
0,0,4.504103341383476e-27
0,0,1.0570978847125627e-28
0,0,2.440341651039185e-07
-1,0,7.301697741941459e-66
0,0,1.7249788304049932e-08
0,1,0.9985072449447328
0,0,2.440341651039185e-07
0,0,0.1231055977058438
0,1,0.9997927336607192
0,0,2.7311359730592563e-08
0,1,0.9998805588889411
0,0,7.048845863512871e-22
0,0,1.530327628979768e-26
0,0,1.1741559174190386e-39
-1,0,1.3031150672851498e-47
0,1,0.9990989279903383
0,0,3.9368132159254926e-28
-1,0,3.8151090387360626e-36
-1,0,2.5237680096636667e-45
0,0,2.7083683722540657e-15
0,0,1.8177707939357774e-32
0,1,0.999997403413078
-1,0,3.997489151216798e-39
0,0,4.4894594943780166e-15
0,0,6.638662835252471e-08
-1,0,4.7707318054567175e-32
0,0,0.0001662547162411652
0,0,1.6956424089811948e-28
-1,0,6.703837946606084e-44
-1,0,4.1689010523128414e-70
0,0,1.1636864344365998e-06
-1,0,6.703837946606084e-44
0,0,7.472195782437812e-30
-1,0,1.9478955585793016e-42
0,0,1.9261541667512045e-46
-1,0,5.568162387078189e-64
0,0,1.917888277310026e-68
0,0,3.9368132159254926e-28
0,0,5.641486308317911e-29
0,0,1.8469568571044408e-15
-1,0,7.490468105332897e-39
0,0,2.7333604529218308e-11
0,0,1.392178416426274e-08
0,0,6.906439600272369e-30
-1,0,1.2396187560370935e-32
0,0,7.948636537916718e-13
-1,0,6.647952482237321e-51
0,0,1.7437334332040087e-10
0,0,1.943143842650292e-33
0,0,2.151301248897345e-32
-1,0,2.670991557055439e-47
-1,0,5.980310963798956e-37
-1,0,4.4774780146491246e-43
0,1,0.9905529069064053
0,0,2.0297679408153232e-70
0,0,4.037662729970086e-38
-1,0,2.9740194139436426e-67
-1,0,1.1770271692808314e-48
0,0,9.770598770313543e-29
0,0,3.340031502106774e-43
0,1,0.9990989279903383
-1,0,1.3063016726649027e-56
-1,0,3.403354704299318e-29
0,0,5.411707020312603e-07
0,0,1.2125989794596643e-34
0,0,1.2175451060878485e-49
0,0,6.29833009053569e-21
-1,0,5.015100382589812e-47
0,0,3.177283265085832e-28
0,0,8.946645724566191e-35
0,0,1.1040309638062498e-19
0,0,1.1067307338395804e-28
0,0,3.623307416025082e-15
0,0,2.169385985455384e-25
0,0,3.197479261009754e-06
0,1,0.999999999999936
0,0,4.759094034523305e-23
0,0,1.558071909881688e-09
-1,1,0.9999999999998941
0,0,9.437762311924835e-25
0,0,4.024535385680886e-26
-1,0,4.7232644009916385e-33
0,0,1.6312264862217223e-09
0,0,6.3034598383334515e-24
0,0,7.119684671000674e-21
0,0,0.00034140752203900887
-1,0,4.047536330621298e-47
0,0,4.790191366299667e-47
-1,0,4.998795169953076e-35
-1,0,1.1482989083576206e-78
-1,0,2.878052280143287e-32
0,0,3.197479261009754e-06
-1,0,5.6552818595099e-38
0,0,1.113311909066677e-12
0,0,5.366596101360889e-14
0,0,4.4967754568839694e-21
-1,0,4.034376885048665e-35
0,0,1.2459753509623552e-13
0,0,1.5606109252363924e-15
-1,0,1.228284483600852e-36
0,0,3.3427518293992627e-46
0,0,1.648961753639649e-11
-1,0,1.7203752326477123e-36
0,1,0.8102720095590964
0,0,3.790341821199789e-12
0,1,0.6852339549891829
-1,0,1.1840263623209269e-32
0,0,3.4235927558749635e-13
0,1,0.9993565019537483
0,0,8.227064528052457e-54
-1,0,5.6552818595099e-38
0,0,2.2940682915236464e-24
-1,0,5.053143818988408e-37
0,0,3.264735832647331e-07
0,1,0.999999999999946
-1,0,2.2805072532474184e-40
0,0,7.968073937266495e-22
-1,0,3.6077583706634862e-37
-1,0,2.7033402475107337e-46
-1,0,7.289818352494244e-60
-1,0,3.22100407858044e-33
-1,0,4.1621185202336434e-64
0,1,0.951104399013151
0,0,1.047432465115792e-32
0,0,2.519662002523883e-39
0,0,4.766849389830948e-29
-1,0,1.023532504775573e-68
0,0,2.591123489050096e-21
-1,0,1.1504347068976433e-47
0,0,0.44205127039933484
-1,0,4.040951251085969e-41
-1,0,6.687484537196587e-35
0,0,1.7451536373731714e-13
0,0,6.318874163235277e-33
-1,0,3.2071814759753996e-55
-1,0,7.440129634625645e-52
0,0,1.7011733037457197e-40
-1,0,3.5893526626105564e-56
-1,0,1.3108640421154913e-31
-1,0,1.1732003907898239e-36
0,0,1.0382743483989894e-45
0,0,6.29833009053569e-21
-1,0,1.8092270657536032e-60
-1,0,2.5068074378756848e-58
0,0,5.641486308317911e-29
0,0,2.0464757449049265e-17
0,0,5.083192342906572e-21
0,0,4.5382704678472834e-17
-1,0,7.409905026831683e-37
0,1,0.9401158554375598
0,0,7.504399568692198e-08
0,1,0.964595173798503
-1,0,9.296189715413143e-45
0,0,2.8686950886959757e-20
0,0,5.9851816972402814e-40
0,0,3.6144556192992342e-06
0,0,2.0498106541156183e-23
-1,0,2.163596323193901e-53
-1,0,8.769498328179838e-37
0,0,6.610174145856984e-30
0,0,1.828580169472237e-16
0,0,3.2183828294565544e-30
-1,0,1.9363808681380764e-58
0,0,5.040817129361416e-28
-1,0,2.5299395695808968e-54
0,0,1.4658741100722708e-29
0,0,6.351276483097178e-14
-1,0,5.307655350409181e-49
-1,0,1.8360388505541118e-31
0,0,7.516629200866054e-14
0,0,4.252376309784844e-22
0,1,0.998233833172175
0,0,3.400585058462334e-26
0,0,1.9321015342186386e-12
0,1,0.9999999999999243
0,0,4.835482496950181e-06
0,0,1.047432465115792e-32
0,0,6.03058395479498e-30
0,0,3.0540843807441115e-06
-1,0,1.4382690800709291e-80
0,0,1.2376019765853162e-26
0,0,8.82164615727456e-21
0,0,4.021260223775965e-23
0,1,0.9932368483549658
0,0,0.0025718657341300983
0,0,1.329744277508082e-08
-1,0,3.1993578453708243e-46
-1,0,3.1526374320069704e-75
0,1,0.9998805588889411
-1,0,8.369401659748302e-34
0,0,5.5603819751279034e-21
0,1,0.6372817761160846
-1,0,3.353655312642099e-58
-1,0,2.0014086962319e-56
0,1,0.9998020269621882
-1,0,2.0598480243240765e-41
0,0,7.948636537916718e-13
0,0,9.343859300987676e-26
-1,0,7.854939966322916e-45
-1,0,2.1729211875326244e-31
0,0,2.2959367219801966e-27
-1,0,8.171775881077386e-67
0,1,0.999858646546025
0,0,8.483035548056233e-08
-1,0,5.9900563977068854e-43
0,0,7.497730858500664e-05
0,0,0.009825961931035833
0,0,1.1523094397450036e-53
-1,0,3.528309091826048e-76
0,0,4.255839706859435e-25
0,0,1.3805727646999305e-15
-1,0,7.502674470904951e-45
0,0,4.259305924737836e-28
0,1,0.9999999999999545
-1,0,1.5274865537790655e-57
-1,0,1.0966115035602482e-32
-1,0,2.0231687114174485e-58
-1,0,3.5225687613887595e-70
0,0,1.923810122274827e-34
0,0,2.740044545094733e-20
0,0,1.7168712645547815e-36
-1,0,1.9348050437893753e-55
0,0,4.011450721322808e-14
0,0,0.0005657986584487429
0,1,0.9844369487419706
0,0,2.2629293890352957e-19
0,0,1.2480057755519856e-19
0,0,0.195906971427103
0,0,5.669111146001743e-47
0,0,1.635215449823595e-18
-1,0,1.925376991682462e-37
0,0,1.3873330573694646e-33
0,0,1.055378054900354e-22
0,0,2.4423298109407693e-10
0,1,0.9583694221824939
-1,0,4.7010645244675385e-61
-1,0,3.231510441537758e-45
0,0,4.269721526179681e-37
0,0,2.8222043372433572e-43
0,0,0.3612910141494263
0,0,1.6476198034905432e-08
0,0,1.84996663303257e-21
-1,0,1.5472452679712762e-59
-1,0,5.031458780034104e-59
0,0,6.660317457160297e-20
0,0,1.24902222829211e-22
0,0,2.2959367219801966e-27
0,0,2.7288389848682037e-05
0,0,5.062516872574578e-06
0,0,7.447902003290713e-18
0,0,5.960867635757781e-25
0,0,3.023705443045253e-07
0,0,5.317527416354666e-18
0,0,5.8499590589746295e-39
-1,0,1.2999362353425032e-38
-1,0,1.5384527333747245e-38
0,0,9.929268057492476e-43
0,1,0.8567681313056623
0,0,3.790341821199789e-12
0,0,6.665742029755976e-23
0,0,8.426027404322007e-21
0,0,1.8424479774336362e-06
0,1,0.9990989279903383
0,0,4.787391699240734e-07
0,0,5.317527416354666e-18
0,0,1.5488616054853637e-25
0,0,6.765699125079046e-40
0,0,2.2078095327802214e-14
0,0,6.615557878652744e-33
-1,0,4.925797466054873e-64
-1,0,1.3768882889594942e-43
0,0,9.75470263875241e-23
0,0,2.1840636292880744e-12
0,0,8.88856520274725e-11
0,0,9.414739740045001e-16
0,0,7.914525794367556e-35
0,0,7.504399568692198e-08
0,1,0.995908998538239
0,0,4.252376309784844e-22
0,0,4.074921174571714e-34
-1,0,1.2843809477949827e-39
0,0,1.3165137215303971e-09
0,0,5.313200019138955e-15
-1,0,3.234142382597156e-48
0,0,0.013708596884227979
-1,0,3.2288806423487756e-42
0,0,5.576268136700888e-24
0,0,0.0005657986584487429
-1,0,2.437795591199059e-41
0,0,1.207395237581824e-56
-1,0,6.2917573747002364e-55
0,0,1.1712916697177693e-30
0,0,3.4180216238495594e-07
0,0,1.3724117172828124e-31
-1,0,3.923111416370342e-53
-1,0,1.6165922038148684e-59
0,0,3.207919147301181e-18
-1,0,4.200525408743611e-60
0,0,0.00038591271812399324
0,0,2.1623328265776336e-13
0,0,3.2131467289806698e-24
0,0,3.197479261009754e-06
0,0,8.426027404322007e-21
0,0,1.635215449823595e-18
0,1,0.9998020269621882
0,0,4.0550646162642993e-16
-1,0,1.0420887768258979e-51
0,0,0.002173999232644471
0,0,4.527199560472966e-08
0,0,6.31373187127903e-30
-1,0,1.6229044574608598e-28
0,1,0.5259972233890517
-1,0,5.3566329386979665e-45
0,0,2.719415662538704e-30
-1,0,7.035759580028909e-53
0,0,8.41231880331339e-15
-1,0,6.2114100384977225e-53
0,0,5.906365316063741e-29
-1,0,2.8897917020471113e-47
-1,0,1.1643677558899383e-46
0,0,3.023705443045253e-07
-1,0,2.0564967849619377e-35
0,0,5.613996082542564e-11
0,0,1.1067307338395804e-28
0,0,6.29833009053569e-21
0,0,2.051480146113914e-26
0,0,1.564427204623255e-24
0,1,0.9998805588889411
-1,0,1.7376644928006616e-35
0,0,4.7021457980176075e-24
0,0,6.682042270575227e-32
-1,0,1.6126486726066413e-50
-1,0,5.9851816972402814e-40
-1,0,7.792602726891841e-61
0,0,5.960867635757781e-25
0,0,5.062516872574578e-06
-1,0,2.0443401147708833e-51
-1,0,1.7259868016417335e-48
-1,0,1.4409442136785796e-49
0,0,6.687484537196587e-35
0,0,6.660317457160297e-20
0,1,0.8933691021372658
-1,0,2.17115286696547e-28
0,0,1.8315599989986171e-22
0,0,2.251384597671802e-38
-1,0,1.7287994464027374e-54
-1,0,1.304176404425399e-50
0,0,2.8686950886959757e-20
-1,0,1.2416388220054213e-38
0,0,4.051764609707699e-13
0,0,7.12548338053741e-24
-1,0,1.2342990616100046e-54
-1,0,2.856384383326254e-42
0,0,8.88856520274725e-11
0,1,0.7830138077938198
-1,0,2.0281161181827678e-67
-1,0,1.102878835909747e-53
0,0,1.6312264862217223e-09
0,0,4.229918028521761e-10
0,0,2.554333658555378e-44
0,0,7.441840909878595e-15
0,0,7.04310952149228e-19
0,0,2.2959367219801966e-27
-1,0,1.3780097115535033e-46
0,0,1.7451536373731714e-13
0,0,7.52887819820643e-20
0,0,1.8315599989986171e-22
0,0,2.902246389319458e-25
0,0,3.578504482925151e-07
0,0,9.9558382212241e-15
-1,0,5.617276459016502e-51
-1,0,2.510892497390715e-64
0,1,0.9999999999999105
-1,0,1.3907256073407678e-42
-1,0,7.861337513040107e-48
-1,0,9.303761104660064e-48
0,0,0.0070351474193042236
0,0,3.234886254991489e-11
-1,0,2.3034256738534866e-39
-1,0,1.7376644928006616e-35
0,0,8.82164615727456e-21
-1,0,7.773593373775777e-52
-1,0,1.3218837125950284e-24
-1,0,1.831138825885831e-59
0,0,5.931817588182763e-07
0,0,6.0158728879141e-21
-1,0,5.994935068429585e-46
-1,0,2.0564967849619377e-35
0,0,4.3021106843079686e-27
-1,0,7.914525794367556e-35
-1,0,3.3392634511200824e-80
-1,0,8.72117763087531e-62
0,0,8.81446711257395e-18
0,0,1.939982473435238e-27
0,1,0.9999999999998517
-1,0,3.4116771837809905e-38
0,1,0.9083862650298646
0,0,2.2922013815935168e-21
0,0,2.6731669770256043e-50
0,0,2.7017542518333507e-06
-1,0,2.6967456922436135e-37
0,0,1.3772030849836838e-06
0,0,5.330530766478646e-27
-1,0,3.6018887813938043e-31
0,0,8.321840839767089e-13
0,0,1.2386099558310266e-29
-1,0,2.751221040800628e-35
-1,0,2.712781892743208e-21
0,0,1.1693860540113193e-24
0,0,6.705375374065342e-07
-1,0,1.543470902372709e-50
0,0,1.3862040474481952e-30
-1,0,8.319927205706716e-50
-1,0,5.057259410423697e-40
-1,0,1.5274865537790655e-57
0,0,6.31373187127903e-30
-1,0,6.2650663777318494e-09
0,0,5.069626307598437e-49
0,0,4.045171014696255e-07
-1,0,3.4200200148484475e-47
0,0,1.6229044574608598e-28
0,0,3.0409873840214733e-28
-1,0,1.0465800658748932e-29
0,0,5.334872278921898e-30
-1,0,9.37433736771586e-38
0,1,0.9989337726694628
0,0,8.321840839767089e-13
0,0,1.3097972625839851e-28
-1,0,2.034378312578855e-33
0,0,0.3612910141494263
-1,0,1.3251162143561182e-33
-1,0,1.917888277310026e-68
0,0,1.9289544092558867e-06
0,1,0.9951619999287069
0,0,6.73273075749283e-22
0,0,0.1231055977058438
0,1,0.9999999999995175
-1,0,4.0007449524967027e-42
0,0,2.692358261614399e-31
0,0,8.242366599908313e-23
0,0,1.0306945382469157e-18
0,0,3.8284336306751185e-11
-1,0,2.1764621505274283e-37
0,0,2.0360352355280738e-36
-1,0,1.1624734049429601e-40
-1,0,9.89698578701871e-31
0,0,9.84074415117779e-10
0,1,0.998233833172175
0,0,1.4622982420909946e-20
0,1,0.6852339549891829
-1,0,1.70533331089907e-49
0,0,5.044922681181822e-31
-1,0,3.5747713606992144e-41
0,0,7.453968033230415e-21
-1,0,1.6418854065167402e-33
0,0,1.935250060765373e-18
-1,0,5.659887869237483e-41
0,0,2.712781892743208e-21
0,0,7.414600978467528e-09
0,0,1.3873330573694646e-33
-1,1,0.9999999999939615
-1,0,4.1553470228948565e-58
0,1,0.9999997925218902
-1,0,4.2375762152328115e-47
-1,0,2.510892497390715e-64
-1,0,5.5636310234342135e-61
0,0,7.888793901454001e-23
0,0,5.339217327360255e-33
0,0,9.399422559249699e-10
-1,0,1.5472452679712762e-59
-1,0,7.460039003718371e-24
-1,0,4.037662729970086e-38
-1,0,5.970581385081073e-31
-1,0,2.5584961661571924e-50
0,0,7.266117523148185e-48
0,0,7.453968033230415e-21
0,0,8.671617772700603e-41
0,0,1.2365948176318657e-23
0,0,3.6144556192992342e-06
-1,0,4.230681953110083e-41
-1,0,1.833051734226253e-25
0,1,0.9987383846518528
0,0,2.7149913493356813e-24
-1,0,7.083362161558441e-40
-1,0,6.281521092837716e-49
0,0,1.1693860540113193e-24
0,0,3.0311004541219195e-16
0,0,1.113311909066677e-12
0,0,1.047432465115792e-32
-1,0,3.9496544255398e-40
0,0,1.936826247563229e-21
-1,1,0.9999999999963571
-1,0,3.540632010757891e-51
0,0,4.252376309784844e-22
-1,0,1.0983985268430206e-38
0,0,4.008186207541017e-11
0,0,2.4423298109407693e-10
-1,0,1.2396187560370935e-32
-1,0,4.7386708795088246e-45
0,0,3.4235927558749635e-13
-1,0,4.975300267673359e-63
0,0,7.037377847699805e-16
0,0,1.4575439623161063e-08
-1,0,1.151371691752255e-50
0,0,4.541966714725971e-20
0,0,3.232253604199606e-08
-1,0,7.28388590736091e-57
0,1,0.9999999999999545
0,1,0.9998805588889411
-1,0,4.419283023585458e-78
-1,0,8.864843380467188e-39
-1,0,1.3031150672851498e-47
0,0,1.3172829899618455e-49
0,0,9.321065797052941e-17
-1,0,9.913113781274879e-37
-1,0,1.3052386059839594e-53
0,0,0.0007922964240675578
0,0,3.790341821199789e-12
0,0,1.1859558356759063e-38
0,0,9.258425092762211e-30
0,0,3.623307416025082e-15
0,0,0.0002884921269176837
0,0,5.244142923465412e-50
-1,0,2.9740194139436426e-67
0,0,1.1693860540113193e-24
0,0,0.04860902208509603
0,0,1.1169433416013948e-24
0,1,0.9783369542741988
0,0,3.2157637135019546e-27
-1,0,1.0268710922878635e-80
-1,0,7.490468105332897e-39
-1,0,5.265533503034763e-65
0,0,3.4180216238495594e-07
0,0,6.716306866666559e-13
0,0,1.1142186588304187e-15
0,0,3.365368238428262e-33
0,0,1.112405895979798e-09
-1,0,8.191758939855939e-76
0,0,3.5558917488245273e-29
0,0,4.031093714143766e-32
0,1,0.9732966851099898
-1,0,2.0460051512251297e-54
0,0,2.1729211875326244e-31
0,0,2.0548232104291692e-32
-1,0,2.5501779230839485e-38
-1,0,2.142933806753925e-63
-1,0,1.9415625146013764e-30
0,0,2.317122996536923e-23
-1,0,1.3140695966467455e-40
-1,0,5.59901343731876e-39
-1,0,1.3907256073407678e-42
-1,0,2.153053401084547e-35
0,0,0.0007922964240675578
0,0,3.5377506488192595e-48
0,1,0.9989337726694628
0,0,1.2962328630219786e-35
0,0,1.2175451060878485e-49
0,0,3.0409873840214733e-28
0,0,8.828831049031173e-24
-1,0,2.1272895490982127e-36
0,0,2.3190102041646225e-26
0,0,2.2922013815935168e-21
-1,0,1.7259868016417335e-48
-1,0,5.550059046209565e-52
-1,0,6.921736395339667e-76
0,0,8.405472868635131e-12
0,1,0.8762257613637073
0,0,4.803009649396929e-19
0,0,2.374971957055511e-28
0,0,1.9415625146013764e-30
-1,0,6.927373883613391e-79
0,0,6.233103915186404e-28
0,0,8.405472868635131e-12
0,0,2.3265744177801248e-38
0,0,1.8469568571044408e-15
-1,0,8.7909430426579e-46
-1,0,1.0429375180844631e-54
0,0,7.0545868775634765e-25
-1,0,4.251398462175066e-59
0,0,6.615557878652744e-33
-1,0,5.303335987068368e-46
0,0,1.1646355662282207e-09
0,0,4.248915731218496e-19
0,0,2.5674319311433604e-25
0,0,7.096536933931475e-09
0,1,0.9998805588889411
-1,0,7.421980107900232e-43
-1,0,4.78629311450749e-44
-1,0,2.8337159583637932e-58
0,0,1.6268730679118917e-37
-1,0,3.35638673600467e-61
-1,0,6.979923401598404e-69
0,0,4.9137814263962204e-55
-1,0,1.0879087338187058e-48
-1,0,5.508274500608643e-62
0,0,1.1693860540113193e-24
0,0,7.863145668059127e-11
0,0,1.734837425183222e-29
-1,0,1.8048136191344184e-51
0,0,4.4894594943780166e-15
-1,0,1.4324262895575532e-65
0,0,1.8241191799569284e-07
-1,0,1.8375342336341796e-34
-1,0,7.071837989963259e-34
0,0,3.0665511937131826e-21
0,0,0.059537192980607785
-1,0,3.7532804788506195e-59
0,0,3.587256553048226e-16
-1,0,1.049139346902292e-38
0,0,2.1805055445694805e-06
0,0,3.6077583706634862e-37
-1,0,2.7172026054456337e-27
0,0,4.0616726947486607e-22
-1,0,1.718975193417275e-33
0,1,0.9951619999287069
0,1,0.9999999999999545
0,0,7.048845863512871e-22
-1,1,0.9999999999995923
0,0,2.27494416102011e-31
0,0,3.946440201667418e-37
0,0,1.534699816373066e-29
0,0,5.308876143525601e-12
-1,0,4.021260223775965e-23
0,0,2.847097639056076e-30
-1,0,2.9965796639468804e-57
-1,0,5.320634559627081e-58
0,0,3.805802423547981e-27
0,0,1.4622982420909946e-20
-1,0,4.419283023585458e-78
-1,0,8.812440197510748e-55
0,0,3.0540843807441115e-06
0,0,1.8484611324812796e-18
0,0,5.996313904150707e-09
-1,0,1.0429375180844631e-54
0,1,0.9996564769293487
-1,0,7.472195782437812e-30
-1,0,8.383040323559765e-40
0,1,0.7830138077938198
0,0,1.112405895979798e-09
-1,0,6.324020643390781e-36
0,0,4.095816811341902e-15
0,0,2.692358261614399e-31
0,0,6.705375374065342e-07
0,0,6.366807737640794e-23
0,0,1.4781968599063827e-22
-1,0,4.754127611316919e-57
0,0,1.3076663072460286e-22
0,0,1.3097972625839851e-28
0,0,5.65067959814732e-35
-1,0,2.5674319311433604e-25
0,0,3.200093706973188e-09
0,0,3.629211908812246e-21
0,0,1.206412660835141e-53
0,0,4.021260223775965e-23
0,0,4.4967754568839694e-21
-1,0,8.319927205706716e-50
-1,0,2.372493519824241e-62
0,1,0.9985072449447328
0,0,6.692931236334951e-38
0,0,5.864264404278696e-48
0,0,7.927423198617573e-41
0,0,1.2999362353425032e-38
0,0,3.197479261009754e-06
-1,0,5.888184426327323e-63
0,0,3.790341821199789e-12
-1,0,1.3020545938597487e-44
0,0,3.0540843807441115e-06
0,0,0.00040402476746441646
-1,0,9.838481250090462e-47
-1,0,1.2312881001206258e-45
0,0,6.754691770675805e-34
-1,0,4.040951251085969e-41
0,0,2.5549205181341855e-07
0,0,4.5077717604507894e-30
0,0,4.7436211555379044e-11
-1,0,1.2113335537992544e-68
-1,0,9.303761104660064e-48
-1,0,8.776640747533828e-40
-1,0,6.698382371600431e-41
0,0,7.974563627254879e-25
0,0,1.1187634973726036e-30
0,0,9.88088403196471e-25
-1,0,6.20635520071289e-50
0,0,7.955110396896792e-16
0,0,8.328618659308255e-16
0,0,2.0464757449049265e-17
-1,0,9.822474678130136e-41
0,1,0.9999999999994289
-1,0,4.010528275327284e-51
0,0,1.379449256294559e-12
-1,0,2.0598480243240765e-41
-1,0,2.372493519824241e-62
-1,0,6.271301464742816e-43
-1,0,9.846494314950593e-50
0,0,9.86480847342368e-19
0,0,1.639214165271079e-27
0,0,4.031093714143766e-32
0,0,8.775055896247208e-09
-1,0,4.5261587212810526e-45
-1,0,5.83909852604526e-70
-1,0,1.4409442136785796e-49
0,0,7.441840909878595e-15
-1,0,1.2436621798459271e-44
0,0,1.943143842650292e-33
0,0,9.192430506033977e-49
0,0,7.12548338053741e-24
-1,0,1.022699555292754e-65
-1,0,1.2185367497833583e-52
-1,0,9.281065416666805e-39
0,1,0.9996116960617354
0,0,3.596028741565813e-25
0,0,2.0489692499085062e-29
0,0,2.899884544807672e-22
0,0,2.2922013815935168e-21
0,0,7.357086797484821e-56
0,0,1.3076663072460286e-22
-1,0,9.854513906144088e-53
0,0,1.1040309638062498e-19
0,0,7.04310952149228e-19
-1,0,8.198430812682145e-79
0,0,3.084691286795865e-05
-1,0,2.8540598612580598e-39
0,0,6.765699125079046e-40
-1,0,1.1010845234542196e-47
0,1,0.9999939714632199
0,1,0.9426474162673402
0,0,1.112405895979798e-09
0,0,2.3133531874533664e-17
-1,0,3.8182162984237416e-39
0,0,7.096536933931475e-09
0,0,1.2376019765853162e-26
0,0,6.293204517320368e-18
-1,0,6.709297964968003e-47
0,0,1.2967651578743072e-29
-1,0,8.775055896247208e-09
0,0,1.4587310970966277e-11
-1,0,2.2996781494270453e-33
0,0,2.897524622362082e-19
0,0,4.461088797339036e-37
-1,0,5.5591033474083484e-58
0,0,8.881330911419466e-08
0,0,2.7288389848682037e-05
-1,0,4.9338244790211617e-70
-1,0,7.940341620303329e-47
0,0,4.500437907670954e-24
0,0,0.00020598973967975843
-1,0,4.027813215079277e-29
0,1,0.9999999999998244
0,0,7.09071155275e-06
-1,0,2.1233402055275355e-67
-1,0,2.0531509978492802e-29
0,0,1.9546987491251007e-17
-1,0,6.174692226045301e-69
-1,0,2.454289242248749e-28
0,0,7.472195782437812e-30
-1,0,4.975300267673359e-63
-1,0,2.1250695845195274e-70
0,0,5.020339432305583e-13
0,0,7.108101405034634e-15
0,1,0.9999999999992002
0,0,4.493115986594924e-18
0,0,7.460039003718371e-24
0,0,5.9657225333556735e-28
-1,0,9.776307936973222e-69
0,0,1.635215449823595e-18
-1,0,1.2302860793919933e-42
0,0,9.697039187169192e-39
0,1,0.9995404815407174
0,0,5.727401030839744e-09
0,0,0.0025718657341300983
0,0,4.466555609949195e-34
0,1,0.9862075999373902
-1,0,3.1993578453708243e-46
0,0,2.4986572464147855e-46
0,1,0.9998805588889411
-1,0,1.4347605520762153e-71
-1,0,2.376359703194068e-68
0,0,6.377183001466962e-29
-1,0,2.9965796639468804e-57
0,0,7.961589528579774e-19
0,0,0.3233919406397353
0,0,2.16762054183128e-22
0,0,3.0409873840214733e-28
-1,0,3.1993578453708243e-46
0,0,9.281065416666805e-39
0,0,0.1281449658120072
0,0,2.719415662538704e-30
-1,0,1.6418854065167402e-33
0,0,0.0002884921269176837
-1,0,1.7245821957234342e-45
-1,0,2.0564967849619377e-35
-1,0,4.529845103607647e-48
0,0,0.0009375332382088195
0,0,9.078767482130699e-41
-1,0,3.999102730749177e-48
0,0,1.3108640421154913e-31
0,1,0.9992385207630193
0,0,3.581420317625673e-10
0,0,4.027813215079277e-29
0,0,3.6174125163797505e-09
-1,0,1.528730632871936e-60
-1,0,7.779924666819586e-55
-1,0,1.2830406129962472e-73
0,0,1.1058300777411465e-25
0,0,2.521714170387829e-42
0,0,1.037010814413349e-33
0,1,0.9998805588889411
0,0,1.1703384740098063e-27
0,0,1.3034147915388992e-10
-1,0,8.17843147847045e-70
0,0,3.403354704299318e-29
-1,0,3.5747713606992144e-41
0,0,4.803009649396929e-19
0,0,1.6229044574608598e-28
0,0,2.4180293347953594e-11
0,0,3.197479261009754e-06
-1,0,5.061378353849965e-43
0,0,0.0013126465350366196
0,1,0.995717740418475
0,0,2.7105742342037313e-18
-1,0,6.286637150352865e-52
0,1,0.9994562134587763
0,1,0.9951619999287069
0,0,1.3097972625839851e-28
0,0,1.91443564698346e-16
0,0,2.2605678754886697e-53
0,0,0.0002884921269176837
-1,0,1.107632123487792e-31
-1,0,5.526241547454931e-74
0,0,1.1722456417670114e-33
0,0,2.7333604529218308e-11
-1,0,1.360412178306336e-44
0,0,3.3978176665597694e-23
0,0,1.2967651578743072e-29
-1,0,4.693416196876225e-55
-1,0,9.752459513505674e-60
-1,0,2.417473301230963e-48
0,0,6.716306866666559e-13
-1,0,6.55087203578392e-80
0,0,2.1876227498600926e-18
0,0,3.802705266256332e-24
0,1,0.999999999999946
-1,0,7.060332567449385e-28
0,0,7.895219020900152e-26
-1,0,2.433829455617438e-35
0,0,2.380779654783076e-37
0,0,2.151301248897345e-32
-1,0,9.679036494782878e-70
0,0,2.4648608858313287e-06
0,1,0.9083862650298646
0,0,2.7105742342037313e-18
-1,0,2.0264656398014218e-64
0,0,8.873316656122791e-05
-1,0,1.2896198692473776e-54
-1,0,4.665671775784847e-71
-1,0,1.644561000781062e-39
-1,0,1.8266719274996128e-50
0,0,4.183461293030283e-45
0,0,3.6174125163797505e-09
-1,0,2.5842082927780015e-49
0,0,1.228284483600852e-36
0,0,1.7291970808332152e-17
0,0,1.9447264586301288e-36
0,0,1.939982473435238e-27
-1,0,4.017063777992501e-57
0,0,2.068725744802413e-19
0,1,0.9816338355075809
0,0,1.3087313511963103e-25
-1,0,6.276409198763826e-46
-1,0,2.5800039532109403e-43
0,0,2.448302224497484e-19
0,0,2.440341651039185e-07
0,0,4.027813215079277e-29
0,0,4.7629701337101997e-26
0,0,4.027813215079277e-29
0,1,0.8762257613637073
0,0,3.9368132159254926e-28
-1,0,1.6165922038148684e-59
0,0,4.524300828220298e-51
0,0,7.516629200866054e-14
0,0,3.389528996123036e-14
0,0,4.269721526179681e-37
0,0,1.547601143831972e-22
0,0,0.09497189825297926
0,0,5.688910997786247e-22
-1,0,1.1436340858558803e-63
0,0,8.678680472103954e-44
-1,0,2.7238471855427163e-36
0,0,2.712781892743208e-21
0,1,0.6084988841347952
0,0,7.895219020900152e-26
-1,0,3.4172368068023845e-44
-1,0,4.529845103607647e-48
-1,0,3.549290184772087e-60
0,0,2.7378147002426263e-17
0,0,8.213679626760746e-48
0,0,1.461108225595384e-17
0,1,0.9999999999999545
-1,0,1.9478955585793016e-42
0,0,1.1703384740098063e-27
0,0,5.951169690075596e-19
0,0,2.712781892743208e-21
-1,0,8.627377763067815e-60
0,0,1.4646811835397324e-26
0,0,3.197479261009754e-06
-1,0,2.856384383326254e-42
0,0,2.810739480662072e-28
0,0,7.484372371679685e-36
-1,0,1.1722456417670114e-33
0,1,0.9981510614485619
0,0,0.1281449658120072
0,0,7.037377847699805e-16
-1,0,7.071837989963259e-34
0,0,5.6185684669065964e-14
0,0,2.4318488082253254e-32
-1,0,1.040393365860364e-45
0,0,4.482155414379841e-09
0,0,6.243261297070658e-34
-1,0,8.706988839559081e-56
-1,1,0.999999999998431
0,0,1.055378054900354e-22
0,0,7.472195782437812e-30
0,0,7.025928484669714e-10
0,1,0.9999999969244722
0,0,8.34898525754024e-25
-1,0,2.2823646387594455e-43
0,1,0.9996718776349768
0,0,2.1840636292880744e-12
0,0,2.411576092654822e-39
0,0,1.9336751566663606e-15
-1,1,0.9999999999998517
-1,0,4.44194450067649e-59
0,0,1.6516488794508114e-17
0,0,8.335401999116093e-19
0,0,1.4599191775337103e-14
-1,0,2.6731669770256043e-50
-1,0,3.750226063852418e-56
-1,0,1.5209315047625906e-79
0,1,0.9993565019537483
0,0,1.2044499055501556e-47
0,0,1.3828225274154256e-21
0,1,0.7530330563244314
0,0,6.335381719606951e-05
-1,0,1.5472452679712762e-59
0,0,4.0179877271937115e-20
0,1,0.7830138077938198
0,1,0.9998805588889411
0,0,1.1058300777411465e-25
0,0,1.392178416426274e-08
0,0,1.8256051876022977e-10
0,0,4.281147042884141e-09
0,0,0.28767782301502726
0,0,9.336255279878453e-23
0,0,0.0367860510579545
0,0,3.5989575687712366e-28
0,0,6.588682991783934e-18
-1,0,1.3063016726649027e-56
-1,0,1.8077547190116187e-57
-1,0,5.521744298938084e-71
0,0,4.713644309140982e-33
-1,0,2.6552023938144705e-63
0,0,8.79296493592803e-09
0,0,3.045942935955951e-34
-1,0,1.2215165294357652e-61
0,1,0.999202796300029
0,1,0.9999999999994289
-1,0,8.326703466659622e-53
0,0,1.116034374495416e-21
0,0,4.252376309784844e-22
0,0,2.856384383326254e-42
0,0,1.640549242209476e-30
-1,0,7.066082936978882e-31
0,0,1.3772030849836838e-06
0,0,8.828831049031173e-24
0,0,2.3114705834987635e-14
-1,0,2.829105685980314e-52
-1,0,4.4774780146491246e-43
0,0,2.2959367219801966e-27
0,0,0.22380770318111992
0,0,2.4443189953031675e-13
0,0,3.2183828294565544e-30
-1,0,2.1764621505274283e-37
0,0,4.988613891795719e-35
0,1,0.9999999999998517
0,0,9.414739740045001e-16
0,0,1.8424479774336362e-06
0,0,7.060332567449385e-28
0,0,6.235663524052055e-22
0,1,0.9999767992875764
0,0,6.698382371600431e-41
-1,0,1.4421178073614388e-52
-1,0,5.5636310234342135e-61
-1,0,8.843218392765145e-30
0,0,1.0870233950405424e-45
-1,0,1.2245035957677252e-70
0,0,2.427892347674536e-26
-1,0,3.7410777248429126e-47
0,0,7.961589528579774e-19
0,0,8.355785185159647e-28
-1,0,1.5384527333747245e-38
0,0,6.698382371600431e-41
0,0,2.1929723084666376e-27
0,0,1.3978570574702368e-23
0,0,1.5631540757046255e-21
0,1,0.9932368483549658
-1,0,1.6308513831048266e-46
0,0,6.665742029755976e-23
-1,0,1.8004109387211064e-42
0,0,3.0690487818050343e-24
0,0,1.0519467847682617e-10
-1,0,4.742530344820908e-48
0,0,8.321840839767089e-13
0,0,4.021260223775965e-23
0,0,5.665797289303462e-07
0,0,6.006085452248122e-15
0,1,0.9999999999990534
-1,0,1.3780097115535033e-46
0,0,8.426027404322007e-21
0,1,0.9990989279903383
0,0,6.671171020457649e-26
0,0,6.0158728879141e-21
0,0,1.6378801748166153e-24
-1,0,4.754127611316919e-57
0,0,2.740044545094733e-20
-1,0,2.0426764333212087e-48
-1,0,8.676684781615533e-81
0,0,7.0545868775634765e-25
-1,0,6.96289650656548e-60
-1,0,9.192430506033977e-49
0,0,1.165584118493112e-12
0,0,2.888103287862245e-07
0,0,3.0107304372852206e-29
-1,0,2.1600762920671166e-47
-1,0,6.324020643390781e-36
0,0,1.3772030849836838e-06
0,0,4.252376309784844e-22
0,0,0.008315245403467647
-1,0,2.2490351318635953e-72
0,1,0.9951619999287069
-1,0,2.5779043491939984e-40
0,0,8.41231880331339e-15
0,0,5.044922681181822e-31
0,0,2.2959367219801966e-27
0,0,9.872842980795532e-22
0,0,1.648961753639649e-11
0,0,5.313200019138955e-15
0,0,7.077597730217313e-37
0,0,1.819251298385844e-35
-1,0,1.085889015644839e-79
-1,0,1.3757677789778014e-40
0,0,7.510512176782339e-11
0,0,3.8284336306751185e-11
0,0,3.06156211347767e-15
0,0,1.9531080177075905e-14
0,0,0.004065901351258757
0,0,1.930529188663415e-09
0,0,0.0001242781436448864
-1,0,1.460772239059441e-54
0,0,8.828831049031173e-24
0,0,1.2896198692473776e-54
-1,1,0.9999999999992002
0,0,4.481124748411028e-46
-1,0,1.82964864738063e-56
0,0,1.4806057095277826e-28
0,0,7.9421679410601e-10
-1,0,2.1565619878031178e-41
0,0,2.984406429135979e-42
0,1,0.9951619999287069
0,0,3.3978176665597694e-23
0,0,1.1085342472832452e-34
0,0,7.060332567449385e-28
0,0,6.676604432863693e-29
-1,0,7.011618450004525e-10
0,0,1.6281980935008012e-40
-1,0,1.2322909369566144e-48
-1,0,1.5384527333747245e-38
-1,0,5.213142964495549e-66
-1,0,3.926306639843741e-56
-1,0,1.2152847161287982e-80
0,0,1.727789862393625e-14
-1,0,9.945448658500235e-49
-1,0,2.437795591199059e-41
-1,0,1.300994983446306e-41
-1,0,5.307655350409181e-49
0,1,0.9998327148965551
-1,0,1.3907256073407678e-42
0,1,0.999999999999936
0,0,6.308593764113644e-27
0,0,2.288472118363846e-15
0,0,1.383948783218569e-24
-1,0,2.139447392203599e-57
0,0,9.88893163226103e-28
-1,0,2.8680354230334585e-57
0,0,1.7437334332040087e-10
0,0,3.197479261009754e-06
0,0,4.3021106843079686e-27
0,0,5.675033411334493e-13
0,1,0.999999999999936
0,1,0.9999999999999545
-1,0,3.1500718195753554e-72
-1,0,5.002866496502554e-38
0,0,1.2247852390728321e-33
-1,0,2.707745574235793e-52
0,0,6.73273075749283e-22
0,0,2.746744982306506e-29
-1,0,2.659529275743772e-69
0,0,1.3076663072460286e-22
-1,0,1.2312881001206258e-45
-1,0,1.3108640421154913e-31
-1,0,2.8078062917645664e-62
0,0,5.26461955338517e-19
0,0,0.48391075049997395
-1,0,1.1399158757452408e-51
-1,0,5.853377313270513e-79
-1,0,1.9384037181046687e-24
0,0,1.107632123487792e-31
-1,0,1.7231787328716886e-42
0,0,3.596028741565813e-25
0,0,1.4733909111975146e-10
0,0,2.2823646387594455e-43
0,0,3.210531874158143e-21
0,0,1.2335782558522282e-14
0,0,7.435784748921651e-12
0,0,1.534699816373066e-29
0,0,1.2365948176318657e-23
-1,0,4.269721526179681e-37
0,1,0.9992385207630193
0,1,0.7830138077938198
-1,0,2.7238471855427163e-36
0,1,0.998233833172175
-1,0,3.0409873840214733e-28
0,0,8.807293910170932e-15
0,0,7.57981137908327e-07
0,0,4.284633890939898e-12
0,0,1.3130002084389378e-37
0,0,1.3724117172828124e-31
-1,0,8.706988839559081e-56
0,1,0.9328310141832994
0,0,1.2376019765853162e-26
0,0,3.366750218657795e-27
0,0,3.0484237394138882e-37
0,0,1.5463417079407433e-19
0,0,1.1049301545955205e-22
0,0,1.461108225595384e-17
0,0,3.207919147301181e-18
-1,0,3.1791398186207146e-68
0,0,1.9546987491251007e-17
0,0,8.369401659748302e-34
0,0,5.3261927871527236e-24
0,0,4.284633890939898e-12
0,0,9.298327031230795e-08
0,0,1.1142186588304187e-15
0,0,8.405472868635131e-12
-1,0,6.91047517840119e-70
0,0,2.3152373247164508e-20
0,1,0.995908998538239
-1,0,2.6967456922436135e-37
-1,0,4.175694637114633e-76
-1,0,5.994935068429585e-46
-1,0,4.269721526179681e-37
0,0,1.7126831116017587e-27
-1,0,6.184754421030379e-75
0,0,1.379449256294559e-12
0,0,3.834672394515762e-17
0,0,8.405472868635131e-12
0,0,1.0457283603154467e-26
0,0,1.484226346137448e-37
-1,0,7.773593373775777e-52
-1,0,2.1653584892465557e-56
0,1,0.9998805588889411
0,0,9.430081872661784e-22
0,0,3.234886254991489e-11
0,0,1.936826247563229e-21
0,1,0.7751169676811832
0,0,0.019095830652572244
-1,0,1.8405286545824947e-40
-1,0,4.017063777992501e-57
0,0,7.020205869383544e-07
-1,0,4.7386708795088246e-45
0,0,2.9892697775112296e-48
0,0,8.489945373969603e-11
0,0,1.5631540757046255e-21
0,0,2.5869078989064834e-15
0,0,1.4587310970966277e-11
0,0,4.284633890939898e-12
0,0,1.2957098519973083e-26
0,0,4.262774965717484e-31
0,1,0.999999999976761
0,0,9.89698578701871e-31
-1,0,1.2988783488465757e-35
0,0,4.65915241698804e-28
0,0,4.504103341383476e-27
0,1,0.999999999999946
-1,0,1.4359291094043531e-74
0,0,9.78257208781343e-26
0,0,1.646251897763279e-05
-1,0,3.406126605906271e-32
0,0,1.643222659078504e-36
0,0,5.920808595834926e-38
-1,0,1.3020545938597487e-44
0,0,4.259305924737836e-28
0,0,1.646251897763279e-05
0,0,1.392178416426274e-08
0,0,7.754630392266369e-43
0,0,1.732014957021721e-23
0,0,1.1427033978553173e-60
0,0,8.391727286917918e-06
-1,0,7.012884752555549e-41
0,1,0.9996718776349768
0,0,5.313200019138955e-15
0,0,3.8315517428773746e-14
0,0,1.1763397953153622e-08
0,0,2.5805907104107215e-06
0,0,3.22100407858044e-33
0,0,4.288123560592953e-15
0,0,7.048845863512871e-22
0,1,0.998233833172175
-1,0,2.9965796639468804e-57
0,0,2.662307566314216e-35
0,0,1.1801768278884512e-20
0,1,0.9995934718308531
0,0,1.383948783218569e-24
-1,0,3.2262529832870655e-39
0,0,1.6365472699619523e-21
0,0,1.3772030849836838e-06
-1,0,8.676684781615533e-81
-1,0,1.5472452679712762e-59
0,0,3.232253604199606e-08
-1,0,1.4670680081976434e-32
-1,0,2.0410141057734636e-45
0,0,2.7216305220817225e-33
-1,0,5.530742458807538e-77
0,0,7.888793901454001e-23
-1,0,1.047432465115792e-32
-1,0,3.728057168800583e-72
0,0,4.795195463685987e-13
-1,0,3.525437758263457e-73
-1,0,1.468262878707134e-35
-1,0,9.14553346504401e-68
-1,0,7.874148242385844e-54
-1,0,6.226599267094039e-62
0,0,3.808902103355266e-30
0,0,2.0133100747069705e-40
0,0,1.3097972625839851e-28
0,0,6.2701690727577416e-12
0,0,8.342190863693612e-22
-1,0,7.077597730217313e-37
0,0,5.594456967128444e-36
0,0,2.569523005778337e-28
0,0,2.899884544807672e-22
0,0,8.41231880331339e-15
-1,0,1.7259868016417335e-48
0,0,4.4894594943780166e-15
0,0,3.033569168948816e-19
0,0,2.2922013815935168e-21
-1,0,1.2312881001206258e-45
-1,0,2.2472048698628755e-69
0,0,9.177475016803107e-43
0,0,1.0457283603154467e-26
0,1,0.999999518293281
0,0,4.766849389830948e-29
-1,0,4.9672057762844554e-57
-1,0,1.7433324563964899e-47
0,0,0.019095830652572244
0,0,4.759094034523305e-23
-1,0,2.417473301230963e-48
0,0,2.17115286696547e-28
0,0,5.040817129361416e-28
0,0,2.1822862362579864e-09
-1,0,1.0814777256247017e-64
0,0,5.37096698763372e-17
0,0,1.4622982420909946e-20
0,0,4.031093714143766e-32
0,0,1.0457283603154467e-26
-1,0,4.746392953519159e-51
0,0,3.7410777248429126e-47
0,1,0.9685511617238017
-1,0,5.384101017564536e-26
-1,0,9.905046501575548e-34
0,1,0.99999999843227
0,0,1.5463417079407433e-19
-1,0,1.9132097614433397e-59
-1,0,8.87206345470191e-42
-1,0,8.676684781615533e-81
0,0,5.384101017564536e-26
0,0,1.4646811835397324e-26
-1,0,2.8100931420780112e-65
0,0,5.357864709919789e-08
-1,0,2.65304159339984e-60
0,0,1.3910261329174636e-05
0,0,2.409613555021886e-36
0,0,8.259188472446269e-23
-1,0,3.3284067590367396e-68
-1,0,6.250912061522534e-31
-1,0,5.339217327360255e-33
-1,0,1.107632123487792e-31
0,0,2.305778791629422e-05
0,0,1.9336751566663606e-15
0,0,2.5653425582224008e-22
0,0,2.4443189953031675e-13
0,0,3.197479261009754e-06
0,0,7.819819053231959e-36
-1,0,4.247938679379951e-56
0,0,8.362590651058703e-31
-1,0,2.7172026054456337e-27
0,0,9.273512497142755e-36
0,0,8.328618659308255e-16
0,0,1.646251897763279e-05
0,0,1.5618819828567195e-18
0,0,5.6185684669065964e-14
-1,0,8.17843147847045e-70
0,0,1.943143842650292e-33
0,0,1.5501230937363183e-28
0,0,1.716178532079852e-27
0,1,0.9999834354368436
0,0,2.1822862362579864e-09
0,1,0.9783369542741988
0,0,5.036714918634063e-25
-1,0,1.2436621798459271e-44
0,0,1.7989457665323146e-39
-1,0,2.8337159583637932e-58
-1,0,3.4487701310971635e-40
-1,0,5.006941138990964e-41
0,0,7.429733461370469e-09
0,0,3.4089007651205997e-35
0,0,0.0015531210928195823
-1,0,1.0202047717577083e-56
0,0,1.1448287889282275e-29
-1,0,8.296224667624705e-47
0,0,1.5450832969768696e-16
0,1,0.9583694221824939
-1,0,5.930457065488258e-44
-1,0,1.2864739576259093e-45
-1,0,2.2860839493229377e-49
0,0,2.875710124767539e-29
0,0,7.167854559598812e-08
-1,0,1.3780097115535033e-46
0,0,2.5387755982301123e-29
0,0,1.0344811198495193e-24
0,0,0.09497189825297926
0,0,9.336255279878453e-23
-1,0,1.1770271692808314e-48
0,0,4.034376885048665e-35
0,0,1.3319112285189254e-14
-1,0,5.508274500608643e-62
0,0,1.1636864344365998e-06
0,0,1.2469901499998406e-16
0,1,0.9998805588889411
0,0,1.113311909066677e-12
0,0,1.2376019765853162e-26
0,0,1.306602130027202e-19
0,0,3.406126605906271e-32
0,0,2.5590846358995484e-13
-1,0,7.880561433505555e-57
-1,0,1.5564459632428406e-43
-1,0,1.1130558994135856e-49
-1,0,3.006353992948691e-69
-1,0,2.0410141057734636e-45
-1,0,8.233765155923364e-57
0,0,2.8733698754349513e-26
0,0,3.0156366829082743e-35
0,1,0.9949359965058693
-1,1,0.999999999998431
0,0,2.2828843849918488e-06
0,1,0.999999967477107
-1,0,2.17115286696547e-28
0,0,1.3044763729629003e-13
-1,0,1.1436340858558803e-63
-1,0,4.730961368812772e-39
0,0,1.2386099558310266e-29
-1,0,4.037662729970086e-38
0,0,9.288624487753533e-42
0,0,1.3978570574702368e-23
0,0,1.9515185807873264e-11
-1,0,3.359120384006595e-64
-1,0,3.786386353756625e-46
0,1,0.9993263087946068
-1,0,5.612705126401782e-48
-1,0,9.736592893341209e-54
0,0,5.317527416354666e-18
-1,0,1.3589924999886506e-78
-1,0,2.0360352355280738e-36
0,0,2.2847489171838836e-09
0,1,0.9998805588889411
0,0,2.3095895115517215e-11
-1,0,1.1662651938456128e-52
0,0,2.286609762587253e-12
0,0,3.0131825615162536e-32
-1,0,7.880561433505555e-57
0,0,1.3023539047554406e-07
0,0,2.712781892743208e-21
-1,0,2.1268003720242438e-73
0,0,5.960867635757781e-25
0,0,4.787391699240734e-07
0,0,6.654897299074783e-17
0,0,1.0361668962988503e-30
-1,0,1.3884629868259245e-36
-1,0,4.230681953110083e-41
0,1,0.9975279983946987
0,0,3.0665511937131826e-21
0,0,0.00010501250477294228
-1,0,6.692931236334951e-38
0,0,3.1837677927338556e-28
-1,0,2.983720155278554e-79
-1,0,4.266246832097746e-34
0,0,4.021260223775965e-23
-1,0,1.543470902372709e-50
0,0,4.4556598494726515e-25
0,0,2.8686950886959757e-20
0,0,9.872842980795532e-22
-1,0,7.880561433505555e-57
0,0,4.0179877271937115e-20
0,0,5.61169165541545e-17
0,0,8.910301081209826e-20
0,0,1.6312264862217223e-09
0,0,9.437762311924835e-25
0,0,7.131286812900255e-27
0,0,1.2365948176318657e-23
0,0,6.31373187127903e-30
0,0,1.112405895979798e-09
0,0,3.0665511937131826e-21
-1,0,1.6348394267714128e-55
-1,0,1.3637388966252744e-53
0,0,2.2922013815935168e-21
0,0,2.7333604529218308e-11
0,0,9.414739740045001e-16
0,0,4.2134953301595923e-26
0,1,0.9985072449447328
0,0,2.7061643054248107e-12
0,0,1.8360388505541118e-31
-1,0,2.978865835779427e-73
0,0,4.639158150987317e-50
0,0,1.4881980502764527e-09
0,0,2.427892347674536e-26
-1,0,7.478281598727064e-33
0,0,2.0548232104291692e-32
0,0,0.0005657986584487429
0,0,9.407078036513552e-13
-1,0,3.027937304260319e-50
-1,0,8.676684781615533e-81
0,0,1.3805727646999305e-15
-1,0,7.490468105332897e-39
0,0,8.362590651058703e-31
0,0,1.730605445398075e-20
0,1,0.9990989279903383
0,0,2.305778791629422e-05
-1,0,4.488427128727502e-52
-1,0,2.382170794481675e-77
0,0,3.6174125163797505e-09
0,0,2.892810537412978e-13
-1,0,6.5402141911452775e-74
-1,0,9.237443360230828e-67
-1,0,1.369301514922623e-68
-1,0,5.334872278921898e-30
0,0,2.401779362605094e-24
0,0,3.799610629427446e-21
-1,0,6.513645378701929e-59
-1,0,2.3802321868439864e-74
0,0,2.420418843970792e-60
0,0,4.795195463685987e-13
0,0,7.391829230317148e-28
0,0,2.1658565349229757e-19
0,0,5.587609666755252e-39
-1,0,1.0429375180844631e-54
0,0,4.284633890939898e-12
0,0,7.04310952149228e-19
0,0,2.7288389848682037e-05
0,0,3.059070618017825e-12
-1,0,2.6884446079972755e-71
0,1,0.7530330563244314
0,1,0.9993565019537483
0,0,2.1764621505274283e-37
-1,0,7.472195782437812e-30
0,0,0.0025718657341300983
-1,0,1.3108640421154913e-31
0,0,8.643424404492338e-29
0,0,0.0035985310406505496
-1,0,5.659887869237483e-41
0,0,1.9447264586301288e-36
-1,0,7.397849591138284e-31
-1,0,1.291721416353886e-60
-1,0,2.8897917020471113e-47
-1,0,6.5684018014795354e-52
-1,0,1.1094371058238429e-37
-1,0,7.733934817004529e-71
0,0,6.277852771798325e-09
0,1,0.999858646546025
0,0,8.335401999116093e-19
0,0,3.0484237394138882e-37
0,0,4.466555609949195e-34
0,0,3.1585012348684007e-44
-1,0,2.595345948862398e-27
0,0,7.497730858500664e-05
-1,0,5.3435659146735726e-36
0,0,0.00017405934728099065
0,0,1.6503047696413446e-14
-1,0,8.253899801742126e-66
0,1,0.6852339549891829
-1,0,7.848547625921419e-42
0,1,0.9999999725193459
0,1,0.9999999999997089
-1,0,7.760946240690533e-46
0,0,3.578504482925151e-07
0,0,1.648961753639649e-11
0,1,0.9999999999998244
0,0,3.808902103355266e-30
0,0,5.095622655833415e-30
0,0,0.0015531210928195823
0,0,4.576421062226666e-10
0,0,8.138579050764726e-52
0,1,0.9994562134587763
-1,0,3.0484237394138882e-37
0,0,7.948636537916718e-13
0,0,6.71084113997029e-10
-1,0,7.409905026831683e-37
0,0,5.0790556472829244e-18
-1,0,4.495741408904358e-58
0,0,4.7436211555379044e-11
0,0,5.028520509584594e-19
0,0,1.1665334419626207e-15
0,0,2.7011402725704737e-43
-1,0,5.930457065488258e-44
0,0,4.288123560592953e-15
-1,0,5.069626307598437e-49
0,0,6.318874163235277e-33
0,0,3.596028741565813e-25
-1,0,2.007936948191766e-68
0,0,1.7989457665323146e-39
0,0,3.5989575687712366e-28
0,0,1.5568015316848554e-06
-1,0,1.9447264586301288e-36
0,0,2.5805907104107215e-06
-1,0,5.3566329386979665e-45
0,0,1.703945512765919e-46
-1,0,2.5068074378756848e-58
0,0,1.107632123487792e-31
0,0,1.6378801748166153e-24
0,1,0.9998805588889411
0,0,1.6365472699619523e-21
0,0,3.3978176665597694e-23
-1,0,2.5237680096636667e-45
0,0,8.776640747533828e-40
-1,0,5.9851816972402814e-40
-1,0,2.82155536227875e-80
0,0,2.5674319311433604e-25
-1,0,4.040951251085969e-41
-1,0,5.31197823170528e-52
0,0,1.9483056267659077e-05
0,0,3.0434641513727923e-31
0,0,2.7083683722540657e-15
0,0,5.627724410131669e-20
0,0,4.774617383160802e-35
-1,0,1.6044214196671472e-69
0,0,4.485805977790049e-12
0,0,7.948636537916718e-13
0,0,8.82164615727456e-21
-1,0,2.1250695845195274e-70
0,0,3.796518511010118e-18
-1,0,1.2225114077030121e-64
-1,0,4.746392953519159e-51
-1,0,7.478281598727064e-33
0,0,1.4622982420909946e-20
-1,0,3.5893526626105564e-56
0,1,0.8102720095590964
0,0,4.998795169953076e-35
-1,1,0.9999999999998941
-1,0,4.917783512518937e-58
0,0,1.4757919293273253e-16
0,0,1.392178416426274e-08
0,0,1.4385998907428366e-43
-1,0,1.5397057439993737e-41
0,1,0.999999518293281
0,0,1.2365948176318657e-23
0,0,3.5989575687712366e-28
-1,0,8.648474939428141e-69
0,0,3.22100407858044e-33
0,0,2.0531509978492802e-29
0,0,4.782398035107717e-41
-1,0,3.020550923682918e-41
0,0,1.2302860793919933e-42
-1,0,3.571862216199946e-38
0,0,1.2396187560370935e-32
0,0,9.328657446912176e-20
-1,0,6.573751512306312e-55
0,0,5.012169152929402e-07
0,1,0.9932368483549658
-1,0,2.816964874397632e-74
-1,0,7.901649373359156e-29
0,0,1.392178416426274e-08
0,0,3.3922896372222005e-17
0,0,9.336255279878453e-23
-1,0,2.382170794481675e-77
-1,0,1.718975193417275e-33
0,0,8.769498328179838e-37
0,0,2.034378312578855e-33
-1,0,4.230681953110083e-41
-1,0,4.971251374486781e-60
0,0,3.056581140810014e-09
0,0,2.3034256738534866e-39
0,0,7.460039003718371e-24
0,0,2.7311359730592563e-08
0,0,7.38581376885818e-25
-1,0,5.59901343731876e-39
0,0,1.8241191799569284e-07
0,1,0.9888388702745229
0,0,1.3910261329174636e-05
0,0,3.0360398944490377e-22
0,0,8.699903102841407e-53
-1,0,9.945448658500235e-49
0,0,2.5932338595484057e-24
0,0,0.01618318896968751
0,0,8.39863243477405e-09
-1,0,7.490468105332897e-39
0,0,5.360995710357393e-48
-1,0,2.0476715437875477e-57
0,0,7.842160487598612e-39
-1,0,5.954647083874864e-59
-1,0,2.5088491361907948e-61
0,1,0.964595173798503
-1,0,3.738033240430786e-44
-1,0,8.306391222851477e-44
0,0,1.8315599989986171e-22
-1,0,3.750226063852418e-56
-1,0,1.5250014320596084e-51
0,0,4.500437907670954e-24
-1,0,1.021035689335248e-59
-1,0,2.6840706826947175e-65
-1,0,2.709950928940362e-55
0,0,2.1469195937842785e-32
0,1,0.9992385207630193
0,0,2.3152373247164508e-20
-1,0,2.3015511488972238e-36
0,0,3.0409873840214733e-28
-1,0,4.0508328934053866e-50
0,0,4.504103341383476e-27
-1,0,1.9478955585793016e-42
0,1,0.9989337726694628
0,1,0.9996116960617354
-1,0,1.3140695966467455e-40
0,0,7.089131287807255e-43
0,0,7.472195782437812e-30
-1,0,7.100683640326638e-49
-1,0,2.262409021143833e-56
0,0,7.04310952149228e-19
0,0,3.8275532701945874e-48
0,0,9.298327031230795e-08
0,0,4.6944957112643065e-18
0,0,3.2375209456258986e-14
0,0,2.1548069803323655e-38
0,0,1.3218837125950284e-24
0,0,1.558071909881688e-09
0,0,5.532014563349473e-40
-1,0,5.66449763038305e-44
0,0,3.22100407858044e-33
-1,0,1.4554252750792568e-48
0,1,0.999999999998431
0,0,1.3218837125950284e-24
-1,0,2.9691808769224676e-61
0,0,4.0179877271937115e-20
0,0,7.490468105332897e-39
-1,0,8.17843147847045e-70
0,0,2.878052280143287e-32
0,0,3.0409873840214733e-28
-1,0,8.676684781615533e-81
0,0,1.6503047696413446e-14
-1,0,1.5472452679712762e-59
-1,0,4.47383424859457e-40
-1,0,4.774617383160802e-35
-1,0,3.939113578808708e-68
-1,0,8.340272550072564e-59
0,0,1.3165137215303971e-09
0,0,8.769498328179838e-37
0,0,9.321065797052941e-17
0,1,0.9868179853383323
0,0,5.65067959814732e-35
-1,0,1.627904091524152e-09
0,0,4.423899649717144e-44
0,0,1.24902222829211e-22
0,0,2.4443189953031675e-13
-1,0,3.7410777248429126e-47
-1,0,8.333485246616645e-56
0,0,2.888103287862245e-07
0,0,1.6503047696413446e-14
0,0,1.1067307338395804e-28
0,0,4.6944957112643065e-18
0,1,0.998233833172175
0,0,1.936826247563229e-21
-1,0,1.206412660835141e-53
0,1,0.999999999996922
0,0,0.0015531210928195823
0,0,3.584337248113653e-13
-1,0,6.55087203578392e-80
0,0,3.2183828294565544e-30
0,0,1.1782567566049252e-14
-1,0,5.6552818595099e-38
0,0,1.240628377872175e-35
-1,0,4.227239029384288e-38
-1,0,2.411576092654822e-39
0,0,4.766849389830948e-29
0,0,5.044922681181822e-31
0,0,5.62314457498721e-17
-1,0,1.1722456417670114e-33
0,0,1.0440270279832427e-20
0,0,7.856746033200837e-08
0,0,6.73273075749283e-22
-1,0,1.5472452679712762e-59
-1,0,9.359085927799089e-32
0,0,1.0519467847682617e-10
0,0,1.8300694777432462e-19
0,0,1.6516488794508114e-17
-1,0,4.4774780146491246e-43
-1,0,2.556414065150677e-47
-1,0,6.524259927162957e-65
-1,0,7.490468105332897e-39
0,0,1.1712916697177693e-30
0,0,5.975444194154464e-34
-1,0,5.940121258157313e-50
0,0,2.072096912312159e-25
0,0,1.9336751566663606e-15
-1,0,2.8123818549431468e-68
-1,0,1.100188462234794e-44
-1,0,1.908542658395211e-50
0,0,2.3095895115517215e-11
0,0,5.313200019138955e-15
0,0,1.1753686901975342e-05
0,0,2.5826991605847565e-09
0,0,1.0510906014110416e-07
-1,0,2.8850901980595577e-41
-1,0,1.3907256073407678e-42
0,0,2.051480146113914e-26
-1,0,1.740496167369276e-41
0,0,4.766849389830948e-29
0,1,0.9999999999996556
-1,0,2.264251666341309e-59
-1,0,1.7390797537471444e-38
-1,0,4.438329651751531e-56
0,0,1.5737300475291333e-08
0,0,3.1837677927338556e-28
-1,0,2.307179305195109e-45
0,0,5.9657225333556735e-28
0,0,0.00014707774493516926
0,0,6.547046458637749e-40
0,0,2.5674319311433604e-25
0,0,3.033569168948816e-19
0,0,4.511443167304446e-33
-1,0,3.0304034428233282e-53
0,0,1.94993039940267e-08
0,0,8.342190863693612e-22
-1,0,1.6993980190985867e-74
0,0,3.808902103355266e-30
0,0,3.197479261009754e-06
0,0,2.446309799184008e-16
0,0,1.113311909066677e-12
0,0,2.065360061963469e-13
0,0,4.730961368812772e-39
0,0,1.730605445398075e-20
0,0,9.281065416666805e-39
-1,0,1.2446750948942842e-47
-1,0,5.617276459016502e-51
0,0,4.248915731218496e-19
0,0,1.379449256294559e-12
0,1,0.99991071685414
0,0,2.2847489171838836e-09
0,0,2.719415662538704e-30
0,0,2.4239423240289203e-20
0,0,6.705375374065342e-07
0,0,2.051480146113914e-26
-1,0,1.0879087338187058e-48
-1,0,9.929268057492476e-43
0,0,7.154547847590587e-39
-1,0,2.0112090551002813e-74
0,0,1.4745909316855616e-13
0,0,1.2242910561206991e-24
0,1,0.9998805588889411
0,0,3.2454378993327606e-23
-1,0,4.658081029904056e-65
-1,0,3.549290184772087e-60
0,0,6.31373187127903e-30
-1,0,5.626430296802586e-57
0,0,1.383948783218569e-24
-1,0,2.1268003720242438e-73
0,0,9.298327031230795e-08
0,0,1.0423284636086022e-14
0,0,1.531574022019145e-29
0,0,5.627724410131669e-20
-1,0,3.2183828294565544e-30
0,1,0.9942793861958309
-1,0,1.6100249976339857e-44
0,0,3.534871631729399e-45
0,0,6.006085452248122e-15
0,1,0.9997547130917483
0,1,0.9995404815407174
0,0,3.758744247632925e-19
0,1,0.9999999999998517
0,0,4.0179877271937115e-20
-1,0,5.040817129361416e-28
-1,0,4.971251374486781e-60
0,0,1.8450294378666854e-49
0,0,4.5493682422882883e-26
-1,0,1.6044214196671472e-69
0,0,7.9421679410601e-10
0,0,4.5308869954400554e-11
0,0,2.7172026054456337e-27
0,0,1.9384037181046687e-24
0,0,1.472191650983598e-07
0,0,4.027813215079277e-29
-1,0,3.2183828294565544e-30
-1,0,2.433829455617438e-35
-1,0,1.459583464423205e-51
-1,0,1.1417734672475594e-57
-1,0,5.049031576816325e-34
-1,0,3.546401776822283e-57
0,0,8.886521249379834e-48
0,0,7.888793901454001e-23
0,0,4.238550881844789e-10
-1,0,1.100188462234794e-44
-1,0,3.765523036149443e-71
0,0,5.3261927871527236e-24
0,0,3.197479261009754e-06
0,0,3.2027000705484146e-12
-1,0,1.0387007132187389e-39
-1,0,2.707745574235793e-52
0,0,1.4658741100722708e-29
0,0,0.0007922964240675578
0,0,1.2365948176318657e-23
0,0,8.903049889241954e-17
-1,0,8.699903102841407e-53
0,0,0.25442472219205403
0,0,3.0385126322603096e-25
0,1,0.7203891326024138
0,0,0.022520688130870985
-1,0,1.2175451060878485e-49
0,1,0.9997227345096905
0,0,3.578504482925151e-07
0,0,1.1693860540113193e-24
0,0,5.613996082542564e-11
0,0,2.1307561513918486e-42
0,0,3.045942935955951e-34
0,0,1.3548856718412074e-29
0,0,2.4239423240289203e-20
0,0,0.1281449658120072
0,0,3.197479261009754e-06
0,0,1.385075956313809e-27
-1,0,2.5584961661571924e-50
0,0,4.523310923202193e-05
-1,0,1.3757677789778014e-40
0,1,0.9995934718308531
-1,0,1.468262878707134e-35
0,0,1.3816971881578378e-18
0,0,3.197479261009754e-06
0,0,8.355785185159647e-28
0,0,7.142907861493647e-33
-1,0,1.2446750948942842e-47
-1,0,4.037662729970086e-38
-1,0,2.540259058286333e-69
-1,0,6.921736395339667e-76
-1,0,2.158318424659944e-44
0,0,1.113311909066677e-12
0,0,3.234886254991489e-11
0,0,0.043243795157316745
0,0,8.321840839767089e-13
-1,0,7.415940109694486e-40
0,0,2.8733698754349513e-26
-1,0,1.7985320931672225e-76
0,0,5.3435659146735726e-36
0,0,2.2959367219801966e-27
0,0,9.848759068766026e-13
0,0,1.1214992939794102e-39
0,0,4.799100966101762e-16
0,0,8.015391848533502e-06
0,0,7.754630392266369e-43
0,0,2.595345948862398e-27
0,0,6.3034598383334515e-24
0,0,2.3095895115517215e-11
-1,0,1.5577136286616914e-46
0,0,1.0519467847682617e-10
-1,0,1.0338187024690721e-67
-1,0,9.822474678130136e-41
0,0,4.7552210897010193e-20
-1,0,5.716768061390195e-40
0,0,9.298327031230795e-08
0,0,0.00014707774493516926
0,0,1.2262861442764261e-30
0,1,0.9999860035146343
0,0,1.3944471109681036e-14
0,0,0.0009375332382088195
-1,0,8.191758939855939e-76
0,0,3.197479261009754e-06
0,0,7.901649373359156e-29
0,0,0.013708596884227979
-1,0,4.183461293030283e-45
0,0,1.3884629868259245e-36
-1,0,3.8182162984237416e-39
-1,0,7.3510996093745975e-53
0,1,0.964595173798503
0,1,0.999999999996922
0,0,7.04310952149228e-19
0,0,3.1585012348684007e-44
-1,0,2.7216305220817225e-33
-1,0,2.2978066742015118e-30
-1,0,3.962537520977906e-52
0,0,1.9415625146013764e-30
-1,0,5.299020138820234e-43
0,0,5.271034168965784e-31
0,0,5.5899042049877583e-33
-1,1,0.9999999999978024
0,0,1.1636864344365998e-06
-1,0,6.334326181946486e-42
0,0,7.102316840877509e-12
0,0,2.158814385030491e-07
-1,0,1.5394277232600396e-10
-1,0,1.3862040474481952e-30
0,0,1.1665334419626207e-15
0,0,0.002173999232644471
0,0,1.9321015342186386e-12
0,1,0.9999999999999545
-1,0,9.702705371414779e-79
0,0,7.882374010762086e-20
-1,0,1.0387007132187389e-39
-1,0,5.530742458807538e-77
0,0,2.2922013815935168e-21
0,1,0.9999999998941533
0,0,7.060332567449385e-28
0,0,1.2376019765853162e-26
0,0,9.872842980795532e-22
0,0,3.620358772931124e-12
0,0,0.004255991032256202
0,0,3.98449242021421e-27
-1,0,6.20130447654878e-47
0,0,5.040817129361416e-28
-1,0,9.68691969801768e-73
0,0,1.393312311619446e-11
0,0,2.169385985455384e-25
0,0,6.641342960837884e-17
0,1,0.9979104483238276
0,1,0.9999949061023707
0,0,5.8499590589746295e-39
0,0,2.1623328265776336e-13
-1,0,6.31373187127903e-30
0,0,2.0426764333212087e-48
-1,0,5.316304633822056e-55
-1,0,5.031458780034104e-59
0,0,2.8733698754349513e-26
0,0,4.252376309784844e-22
-1,0,3.750226063852418e-56
-1,0,1.5472452679712762e-59
0,0,1.2510576180317131e-28
-1,0,1.300994983446306e-41
0,0,2.158814385030491e-07
-1,0,2.284223537040588e-46
-1,0,2.4298697726816042e-29
0,0,8.843218392765145e-30
0,1,0.9992385207630193
-1,0,1.0992931302288771e-41
-1,1,0.9999999999995923
0,0,4.288123560592953e-15
0,0,7.04310952149228e-19
-1,0,5.612705126401782e-48
0,0,2.1894044845139006e-21
-1,0,1.943143842650292e-33
0,0,1.3055388188344664e-16
0,0,1.923810122274827e-34
0,0,4.4967754568839694e-21
-1,0,2.880396343114492e-35
-1,0,5.065500651997495e-46
-1,0,2.309058414068372e-48
0,0,2.4219697227722305e-17
0,0,5.6185684669065964e-14
-1,0,3.5435157194550837e-54
0,0,9.351469515279853e-29
-1,0,4.6781568514504715e-43
-1,0,4.9631634703849295e-54
-1,0,8.233765155923364e-57
-1,0,3.3256981057447197e-65
0,0,1.5606109252363924e-15
0,0,4.021260223775965e-23
0,0,6.644070211626927e-11
0,1,0.9996116960617354
0,0,3.923111416370342e-53
0,0,1.742314081836831e-07
0,0,2.307709917270032e-08
0,0,0.008315245403467647
-1,0,4.5077717604507894e-30
0,0,1.936826247563229e-21
0,0,6.665742029755976e-23
0,0,0.00047812109245648303
0,0,6.001197707320965e-12
0,0,1.6312264862217223e-09
-1,0,4.247938679379951e-56
0,0,1.640549242209476e-30
0,0,3.584337248113653e-13
0,0,7.901649373359156e-29
0,0,7.09071155275e-06
0,0,2.1605731223391352e-10
-1,0,1.2416388220054213e-38
-1,0,2.5626654569252016e-56
0,0,9.343859300987676e-26
-1,1,0.9999999999999105
0,0,2.2922013815935168e-21
-1,0,2.5088491361907948e-61
0,0,6.650635916676334e-60
0,1,0.9998805588889411
0,0,6.02077258517588e-24
-1,0,2.670991557055439e-47
-1,0,8.857629181919924e-36
0,0,1.2335782558522282e-14
0,0,2.7083683722540657e-15
0,0,2.5674319311433604e-25
0,0,5.632307975375918e-23
0,0,0.195906971427103
0,1,0.9998805588889411
0,0,1.3884629868259245e-36
-1,0,1.1712916697177693e-30
0,0,5.012169152929402e-07
0,0,3.6018887813938043e-31
0,0,1.9300852609932136e-46
-1,0,5.636895273757779e-26
0,0,3.4180216238495594e-07
0,0,5.293751723710831e-09
0,0,7.80394666448222e-21
0,0,1.845453805901652e-12
-1,0,4.774617383160802e-35
0,0,6.0512800789746e-05
0,0,7.504399568692198e-08
-1,0,3.380483013414319e-42
-1,0,1.8420276944354154e-43
0,0,8.873316656122791e-05
0,1,0.9999999999998517
0,0,1.94993039940267e-08
0,0,0.0009375332382088195
-1,0,5.59901343731876e-39
-1,0,8.783788984113879e-43
0,0,3.973141048862956e-24
0,0,1.0406326518590767e-08
0,1,0.9999999999998244
0,0,9.351469515279853e-29
-1,0,3.2288806423487756e-42
-1,0,7.030033887609685e-50
0,0,1.4694587223927326e-38
0,0,5.59901343731876e-39
-1,0,9.854513906144088e-53
0,0,1.6018111299023165e-63
-1,0,1.021035689335248e-59
-1,0,1.0321367463790658e-61
0,1,0.9997227345096905
0,0,2.1640939635613518e-16
0,1,0.9997657107404383
0,0,3.3427518293992627e-46
0,1,0.9995404815407174
0,0,5.012169152929402e-07
0,0,3.0360398944490377e-22
0,0,0.0011093640295020014
0,1,0.9999999999992002
0,0,1.8077547190116187e-57
-1,0,1.6993980190985867e-74
-1,0,9.679036494782878e-70
-1,0,2.83833374358483e-64
-1,0,4.488427128727502e-52
-1,0,1.7007821134728693e-77
0,0,1.5450832969768696e-16
0,0,4.9906624538794387e-29
0,0,3.790341821199789e-12
0,0,6.248346193452577e-37
0,0,2.4259165318935036e-23
0,0,9.391764509125203e-07
0,0,1.7334256166384623e-26
0,1,0.9214744111588653
0,0,1.3651635332899547e-19
-1,0,2.1782347953020104e-40
0,0,1.3097972625839851e-28
0,0,3.6144556192992342e-06
-1,0,7.920971871451542e-38
0,0,1.5593409019987206e-12
-1,1,0.9999999999994289
0,0,4.4167022514309816e-38
0,0,3.197479261009754e-06
0,0,6.28296588101103e-12
0,1,0.996541059690448
0,0,1.5568015316848554e-06
0,0,0.0048083389205817294
0,0,8.328618659308255e-16
-1,0,8.676684781615533e-81
0,0,3.8182162984237416e-39
-1,0,1.1067307338395804e-28
-1,0,9.222414638000593e-61
0,0,1.0348986863515181e-33
0,0,2.3015511488972238e-36
0,0,4.759094034523305e-23
0,0,3.045942935955951e-34
-1,0,2.2568900779251604e-47
-1,0,1.1570096485530056e-68
0,0,1.379449256294559e-12
-1,0,1.7433324563964899e-47
0,0,4.3161434316219116e-39
-1,0,5.935287194845337e-47
-1,0,2.0531509978492802e-29
0,0,1.9285145600018534e-43
0,0,1.930529188663415e-09
-1,0,2.284223537040588e-46
0,0,6.34610782177089e-11
0,0,3.197479261009754e-06
0,0,3.6174125163797505e-09
0,0,2.5758064538322005e-37
-1,0,1.9285145600018534e-43
0,0,1.3978570574702368e-23
0,0,5.281791839576413e-31
0,0,4.719420614280612e-30
0,0,7.339139846287696e-47
0,0,0.00017405934728099065
0,0,0.08144701269382977
0,0,2.0481425207478394e-20
-1,0,4.2731990502664046e-40
0,1,0.9999999999544102
0,0,1.939982473435238e-27
-1,0,7.933879780141753e-44
-1,0,1.2875217412219382e-48
0,0,1.2386099558310266e-29
0,1,0.9979104483238276
-1,0,4.778506125518662e-38
0,0,9.254624703780735e-36
-1,0,1.3873330573694646e-33
0,0,1.7960189982504512e-33
0,0,7.848547625921419e-42
0,1,0.7530330563244314
-1,0,2.0476715437875477e-57
0,0,2.1640939635613518e-16
0,0,8.873316656122791e-05
0,0,4.7629701337101997e-26
0,0,1.2125989794596643e-34
0,0,2.5805907104107215e-06
-1,0,1.5472452679712762e-59
-1,0,1.6335089964737252e-52
0,0,1.9562907761321764e-20
0,1,0.9999999999998517
0,0,1.1782567566049252e-14
0,0,0.195906971427103
0,1,0.9998805588889411
0,0,1.8315599989986171e-22
0,0,3.587256553048226e-16
-1,0,4.4120931362510255e-72
0,0,3.762458658173191e-68
0,0,2.376906280438269e-31
0,0,7.441840909878595e-15
0,1,0.999999999999946
-1,0,2.1250695845195274e-70
-1,0,1.2819964761368465e-70
-1,0,2.675344168791728e-53
-1,0,8.857629181919924e-36
-1,0,4.037662729970086e-38
0,0,4.031093714143766e-32
0,0,4.284633890939898e-12
-1,0,1.9510698228509413e-48
0,0,3.6174125163797505e-09
0,0,3.395052526757302e-20
0,0,6.552378776358428e-43
-1,0,8.798102927907653e-49
0,0,1.396719483130729e-20
0,1,0.9998020269621882
0,0,3.771004626808468e-31
-1,0,9.870572688797576e-59
0,0,4.795195463685987e-13
-1,0,7.861337513040107e-48
0,0,1.3087313511963103e-25
-1,0,8.850420854278487e-33
-1,0,7.867740270313114e-51
0,0,6.990084296260736e-29
0,0,1.041480217986963e-11
-1,0,1.7217764121562713e-39
0,0,1.8345446844149003e-28
0,0,8.83602179260611e-27
0,1,0.9732966851099898
-1,0,1.2290628903552997e-08
-1,0,7.446189334269782e-55
0,0,5.231350308710641e-41
-1,0,3.5435157194550837e-54
0,0,0.022520688130870985
-1,0,8.783788984113879e-43
0,0,1.0528035551060884e-13
0,0,1.9384037181046687e-24
-1,0,3.391509569309257e-54
0,0,1.939982473435238e-27
-1,0,2.2860839493229377e-49
-1,0,1.4347605520762153e-71
-1,0,2.858710798628255e-45
0,0,8.599328229021951e-48
0,1,0.9993565019537483
0,0,0.00017405934728099065
-1,0,1.2342990616100046e-54
-1,0,3.5893526626105564e-56
-1,0,4.0649807710580628e-25
0,0,4.500437907670954e-24
0,0,4.799100966101762e-16
-1,0,1.6126486726066413e-50
-1,0,1.3108640421154913e-31
-1,0,8.376218215742594e-37
-1,0,2.142933806753925e-63
-1,0,3.3454743722937816e-49
-1,0,1.022699555292754e-65
0,0,7.037377847699805e-16
0,0,1.1094371058238429e-37
-1,0,7.094905112787675e-46
0,0,2.1840636292880744e-12
0,0,6.0109771780198734e-18
0,0,2.6465697371731378e-51
-1,0,4.027813215079277e-29
-1,0,4.492082780122211e-55
-1,0,2.0165909375898242e-46
0,1,0.9998805588889411
0,0,1.5501230937363183e-28
0,0,1.2365948176318657e-23
-1,0,8.864843380467188e-39
0,0,4.5077717604507894e-30
0,0,2.4219697227722305e-17
0,0,2.650882551441906e-57
0,0,3.210531874158143e-21
0,0,3.6018887813938043e-31
-1,0,2.1285325691888642e-76
-1,0,7.357086797484821e-56
0,0,3.197479261009754e-06
-1,0,1.3501700882263552e-54
0,0,1.6503047696413446e-14
-1,0,3.314885517632272e-53
-1,0,1.828159681580874e-53
0,0,4.4574583688092e-34
0,1,0.9992385207630193
0,0,9.84074415117779e-10
0,0,4.255839706859435e-25
0,0,4.248915731218496e-19
-1,0,1.854490495716047e-30
0,0,2.2996781494270453e-33
-1,0,1.1643677558899383e-46
0,1,0.9999999963601642
-1,0,4.010528275327284e-51
-1,0,5.307655350409181e-49
0,0,7.077597730217313e-37
-1,0,3.32028741026289e-59
0,0,0.002173999232644471
-1,0,4.2375762152328115e-47
0,0,3.406126605906271e-32
-1,0,7.3690758066805865e-62
-1,0,3.774075965147622e-34
0,0,1.7989457665323146e-39
0,0,4.262774965717484e-31
0,0,2.0619994296892084e-07
-1,0,8.769498328179838e-37
-1,0,3.1863608492406978e-31
0,0,1.5618819828567195e-18
0,0,2.7149913493356813e-24
0,0,2.051480146113914e-26
-1,0,1.2152847161287982e-80
-1,0,5.213142964495549e-66
-1,0,3.2288806423487756e-42
0,0,3.1915532998090347e-37
0,0,1.94993039940267e-08
-1,0,1.382504542927536e-58
-1,0,1.4634892278093264e-23
0,1,0.6084988841347952
-1,0,5.994935068429585e-46
-1,0,8.857629181919924e-36
0,0,2.7172026054456337e-27
0,0,5.231350308710641e-41
-1,0,1.8560009069519813e-33
0,0,7.52887819820643e-20
0,0,2.0133100747069705e-40
0,0,7.472195782437812e-30
-1,0,2.971599160633484e-64
-1,0,4.937842889439795e-73
0,0,3.7289146447167635e-35
-1,0,1.2978213232573847e-32
0,0,5.636895273757779e-26
-1,0,6.040411312889471e-36
0,1,0.9868179853383323
0,0,8.903049889241954e-17
-1,0,5.612705126401782e-48
0,0,3.0484237394138882e-37
0,0,3.0360398944490377e-22
0,0,9.704937052905052e-42
0,0,2.3133531874533664e-17
0,0,8.335401999116093e-19
0,0,2.569523005778337e-28
-1,0,6.642542386753347e-48
0,1,0.9583694221824939
0,0,4.298609631969263e-24
0,0,1.5593409019987206e-12
0,0,1.801877304236259e-45
-1,0,1.4370986184775242e-77
0,0,0.004255991032256202
0,1,0.9999999999996556
0,0,9.336255279878453e-23
0,0,3.19415269731215e-40
-1,0,1.0517048863322788e-47
0,0,1.3862040474481952e-30
0,0,8.939364955372892e-32
-1,0,4.693416196876225e-55
0,0,7.848547625921419e-42
0,0,5.117583972202409e-08
0,0,4.255839706859435e-25
0,0,3.0434641513727923e-31
-1,0,3.734132360369009e-78
-1,0,4.193691425884211e-54
-1,0,2.1782347953020104e-40
-1,0,2.1446791439811443e-66
-1,0,8.279385287815223e-32
0,0,3.033569168948816e-19
0,0,1.24902222829211e-22
0,0,5.854723625799232e-42
0,0,1.9510698228509413e-48
0,0,1.639214165271079e-27
-1,0,4.2731990502664046e-40
-1,0,3.802705266256332e-24
0,0,0.14817349570447372
0,1,0.9998805588889411
0,0,6.001197707320965e-12
0,0,0.026543175832607572
0,0,2.169385985455384e-25
0,0,1.392178416426274e-08
0,0,0.0006695437149090915
0,0,9.931453215041277e-06
-1,0,4.037662729970086e-38
0,0,6.671171020457649e-26
0,0,1.2287802784930219e-45
0,1,0.9996116960617354
-1,0,2.3841109810408467e-80
0,0,3.362629505930159e-30
0,0,5.087332407709751e-24
0,0,9.336255279878453e-23
0,0,0.059537192980607785
0,0,4.719420614280612e-30
-1,0,1.1019813144810706e-50
-1,0,7.78626111645825e-58
0,0,0.0035985310406505496
-1,0,4.73481455502469e-42
-1,0,1.3780097115535033e-46
0,0,1.5438259101060392e-13
0,0,0.008315245403467647
0,0,1.448927932406512e-24
-1,0,1.5159866163856705e-67
0,1,0.9942793861958309
0,0,1.461108225595384e-17
0,0,4.4967754568839694e-21
-1,0,5.3479180437441315e-39
0,1,0.9997657107404383
0,0,6.692931236334951e-38
-1,0,6.329171315156579e-39
0,0,9.407078036513552e-13
-1,0,5.975444194154464e-34
0,0,2.1478012210603453e-26
-1,0,8.676684781615533e-81
0,0,0.0025718657341300983
-1,0,2.9941410511332525e-54
-1,0,1.8405286545824947e-40
-1,1,0.999999999996922
0,0,4.048467287056672e-10
-1,0,2.5129375228298004e-67
-1,0,1.304176404425399e-50
-1,0,4.727111318319014e-36
-1,0,1.647240955157606e-45
0,0,4.259305924737836e-28
-1,0,1.2927734738033392e-63
0,0,1.94993039940267e-08
-1,0,2.2786513792734172e-37
0,0,1.6365472699619523e-21
-1,0,3.1739675639825074e-62
0,0,1.221304508260124e-15
-1,0,7.45225396930639e-58
-1,0,5.24841407633071e-53
0,0,3.197479261009754e-06
0,0,1.9023375594944102e-38
0,0,2.7149913493356813e-24
0,1,0.995908998538239
0,0,1.5526491533761053e-34
0,0,4.259305924737836e-28
0,0,3.197479261009754e-06
-1,0,3.314885517632272e-53
0,0,3.4116771837809905e-38
0,0,3.578504482925151e-07
0,0,2.290335990952373e-18
0,0,1.8300694777432462e-19
-1,0,2.659529275743772e-69
-1,0,1.4634892278093264e-23
0,0,5.036714918634063e-25
0,0,4.0583673105477135e-19
0,0,9.305901025666618e-11
0,0,7.460039003718371e-24
0,0,2.3095895115517215e-11
-1,0,1.1643677558899383e-46
0,0,4.0583673105477135e-19
-1,0,9.66328932911552e-64
0,0,3.0385126322603096e-25
-1,0,7.779924666819586e-55
0,0,1.9100970930402845e-53
0,0,0.08144701269382977
0,0,4.795195463685987e-13
0,0,2.5716157835131653e-31
-1,0,2.7172026054456337e-27
-1,0,5.307655350409181e-49
-1,0,3.38599180283735e-48
-1,0,1.35347176079134e-63
0,0,2.0414835098057608e-08
0,0,3.802705266256332e-24
-1,0,1.207395237581824e-56
0,0,1.8360388505541118e-31
0,0,3.596028741565813e-25
0,0,2.0464757449049265e-17
0,0,3.38401433740014e-08
-1,0,5.975444194154464e-34
0,0,2.5549205181341855e-07
-1,0,1.5384527333747245e-38
0,0,1.398995558320304e-26
0,0,1.8300694777432462e-19
0,1,0.999999999999754
0,0,7.935698323407841e-07
0,0,1.730605445398075e-20
-1,0,1.470655540047054e-41
0,0,2.0498106541156183e-23
0,0,1.1504347068976433e-47
-1,0,2.8633693151031184e-51
-1,0,3.055878279486059e-46
-1,0,6.276409198763826e-46
0,0,5.485897815714776e-47
0,0,1.7249788304049932e-08
0,0,3.808902103355266e-30
0,0,3.0715484040863975e-27
0,0,1.3087313511963103e-25
0,0,0.019095830652572244
-1,0,3.734132360369009e-78
-1,0,4.186868561472309e-48
-1,0,5.545542415041853e-49
0,0,7.460039003718371e-24
0,0,0.03519439134257427
-1,0,7.45225396930639e-58
0,0,7.955110396896792e-16
0,0,9.931453215041277e-06
0,0,9.972062120611823e-21
0,0,3.242796765995855e-20
0,0,1.3023539047554406e-07
-1,0,3.962537520977906e-52
0,0,1.845453805901652e-12
0,0,2.290335990952373e-18
0,0,0.195906971427103
0,0,0.00017405934728099065
0,0,5.996313904150707e-09
0,0,0.019095830652572244
0,0,1.3724117172828124e-31
0,0,2.065360061963469e-13
-1,0,1.1523094397450036e-53
-1,0,3.610696751201086e-40
0,0,0.00047812109245648303
-1,0,3.939113578808708e-68
-1,0,1.644561000781062e-39
-1,0,1.7136838684180742e-67
-1,0,2.719415662538704e-30
0,0,7.060332567449385e-28
0,0,3.805802423547981e-27
0,0,5.956016689069447e-22
-1,0,1.8972605966806565e-66
0,0,1.1040309638062498e-19
0,0,2.2828843849918488e-06
0,0,7.863145668059127e-11
0,0,9.921187631463338e-40
0,0,5.627724410131669e-20
0,0,1.2459753509623552e-13
0,0,4.774617383160802e-35
0,0,3.4116771837809905e-38
0,0,1.1114993872456326e-06
0,0,1.9562907761321764e-20
-1,0,2.999020262916922e-60
0,0,6.5940492208607554e-21
0,0,3.4235927558749635e-13
0,0,7.516629200866054e-14
0,0,2.185842465179716e-15
0,0,4.795195463685987e-13
0,0,1.2386099558310266e-29
-1,0,3.3311176184227666e-71
0,0,1.2978213232573847e-32
-1,0,2.2879458768396567e-52
0,1,0.9996718776349768
0,0,8.850420854278487e-33
0,0,2.1561725827720413e-10
0,0,9.728669266121666e-51
0,0,1.392178416426274e-08
-1,0,4.017063777992501e-57
-1,0,9.838481250090462e-47
-1,0,1.4456443266063143e-61
0,0,4.4967754568839694e-21
0,0,3.045942935955951e-34
-1,0,4.5187949541065195e-39
-1,0,1.300994983446306e-41
0,0,4.0179877271937115e-20
-1,0,8.706988839559081e-56
-1,0,1.946310363589857e-39
-1,0,2.1600762920671166e-47
0,0,6.638662835252471e-08
0,1,0.9970757539106633
0,0,1.5488616054853637e-25
0,0,1.7334256166384623e-26
0,0,2.0464757449049265e-17
0,0,4.75135129667646e-17
0,0,2.065360061963469e-13
-1,0,2.6840706826947175e-65
-1,0,5.612705126401782e-48
-1,0,1.6070359631248944e-75
-1,0,1.3052386059839594e-53
0,0,7.974563627254879e-25
0,0,1.639214165271079e-27
0,1,0.7830138077938198
0,0,2.5632548856305507e-19
0,0,1.329744277508082e-08
-1,0,4.040951251085969e-41
-1,0,7.066082936978882e-31
0,0,2.7172026054456337e-27
0,0,0.03126115450603585
0,0,7.460039003718371e-24
-1,0,3.001462849661027e-63
0,0,3.1585012348684007e-44
-1,0,1.5472452679712762e-59
0,0,1.742314081836831e-07
-1,0,7.752847190065784e-80
0,0,3.2375209456258986e-14
0,0,1.0431774000828583e-17
0,0,2.288472118363846e-15
0,0,1.1169433416013948e-24
0,0,0.0006695437149090915
-1,0,2.1764621505274283e-37
0,0,1.0365851432615691e-39
0,0,2.4298697726816042e-29
0,1,0.8102720095590964
-1,0,4.4120931362510255e-72
0,0,3.4180216238495594e-07
-1,0,3.725023280500814e-69
-1,0,1.640549242209476e-30
-1,0,1.7419137346058662e-44
0,1,0.9905529069064053
0,0,1.5606109252363924e-15
0,0,3.3922896372222005e-17
-1,0,8.634404430683332e-63
0,0,1.383948783218569e-24
0,0,1.5438259101060392e-13
0,0,6.5310755279537e-31
-1,0,5.59901343731876e-39
0,0,1.0465800658748932e-29
0,0,6.340942965423908e-08
-1,0,5.015100382589812e-47
-1,0,7.071837989963259e-34
-1,0,2.6967456922436135e-37
-1,0,3.3392634511200824e-80
0,0,1.2365948176318657e-23
-1,0,2.0393531310258143e-42
-1,0,1.5422148276668458e-47
0,0,1.7249788304049932e-08
0,0,9.806494147825837e-35
0,0,8.39863243477405e-09
-1,0,8.185092496591332e-73
0,0,6.253435231287174e-40
0,0,1.8148133985531693e-26
0,0,9.351469515279853e-29
-1,0,6.329171315156579e-39
0,0,1.558071909881688e-09
-1,0,1.8207330086498854e-38
0,0,3.0409873840214733e-28
0,0,1.179216401449781e-17
-1,0,1.2215165294357652e-61
-1,0,2.0476715437875477e-57
0,0,1.9336751566663606e-15
0,0,1.468262878707134e-35
-1,0,6.2917573747002364e-55
-1,0,1.6418854065167402e-33
0,1,0.9564998108593744
0,0,2.2495524236788168e-35
0,0,3.0434641513727923e-31
0,1,0.9942793861958309
-1,0,3.023011046322738e-44
0,0,1.0482855586031127e-35
0,0,1.5606109252363924e-15
0,0,9.336255279878453e-23
0,0,1.3165137215303971e-09
0,1,0.9993565019537483
-1,0,3.3392634511200824e-80
0,1,0.9999999999614784
-1,0,9.326512292127697e-57
0,0,4.024535385680886e-26
0,0,1.0395466950297082e-42
-1,0,2.5626654569252016e-56
0,1,0.99991071685414
-1,0,2.686256755109975e-68
0,0,5.062516872574578e-06
0,0,5.953571869354275e-28
0,0,4.252376309784844e-22
0,0,0.00038591271812399324
0,0,4.3905935830413133e-54
0,0,1.9289544092558867e-06
0,0,3.2131467289806698e-24
-1,0,6.600565494465809e-70
0,0,3.0360398944490377e-22
0,1,0.9905529069064053
-1,0,7.908084963093105e-32
0,0,5.616262162597083e-20
0,0,7.940341620303329e-47
0,0,5.044922681181822e-31
0,0,1.461108225595384e-17
0,1,0.9996564769293487
0,0,3.808902103355266e-30
0,0,2.290335990952373e-18
-1,0,1.3140695966467455e-40
-1,0,2.829105685980314e-52
0,0,2.2978066742015118e-30
0,0,1.38959383656652e-39
-1,0,7.901649373359156e-29
0,0,2.169385985455384e-25
-1,0,7.035759580028909e-53
-1,0,2.1302661771615024e-79
0,0,2.1876227498600926e-18
0,0,3.197479261009754e-06
0,0,0.44205127039933484
0,0,1.3862040474481952e-30
0,1,0.9629943622312142
-1,0,9.929268057492476e-43
0,0,8.903049889241954e-17
0,0,5.66449763038305e-44
0,0,6.225518503252504e-16
0,0,1.3162109866985436e-46
0,0,9.273512497142755e-36
0,0,5.641486308317911e-29
0,0,2.7378147002426263e-17
0,0,2.6857904959136316e-22
0,0,7.9421679410601e-10
0,0,2.290335990952373e-18
-1,0,1.3545741115231133e-66
-1,0,9.822474678130136e-41
0,0,7.478281598727064e-33
0,0,4.27764477072113e-06
0,0,2.286609762587253e-12
0,0,4.534577228969419e-14
0,0,1.6268730679118917e-37
-1,0,1.7259868016417335e-48
-1,0,2.5716157835131653e-31
0,0,8.34898525754024e-25
0,0,1.3097972625839851e-28
0,1,0.9998805588889411
-1,0,4.2375762152328115e-47
0,1,0.9999999999928537
-1,0,6.281521092837716e-49
-1,0,1.632179648878564e-49
0,1,0.9999999999986742
0,0,2.4219697227722305e-17
0,0,2.8733698754349513e-26
0,1,0.9932368483549658
0,0,6.644070211626927e-11
0,0,1.4733909111975146e-10
-1,0,9.311338660512408e-51
-1,0,1.1473644241302914e-75
-1,0,7.861337513040107e-48
0,0,9.407078036513552e-13
0,0,1.4658741100722708e-29
0,1,0.964595173798503
0,0,4.766849389830948e-29
-1,0,6.324020643390781e-36
0,0,3.604822381376425e-34
-1,0,6.951568324791121e-54
-1,0,1.2215165294357652e-61
0,0,2.4648608858313287e-06
0,1,0.9999999999998941
0,1,0.9862075999373902
0,0,8.81446711257395e-18
0,1,0.9990989279903383
0,0,3.350926112108472e-55
0,0,1.8256051876022977e-10
-1,0,4.252376309784844e-22
0,0,9.321065797052941e-17
0,0,3.4208066391677616e-10
0,0,1.1130558994135856e-49
0,0,1.3828225274154256e-21
0,1,0.9999999999992002
0,0,1.833051734226253e-25
0,0,1.4733909111975146e-10
-1,0,7.071837989963259e-34
0,0,2.427892347674536e-26
-1,0,1.3659612270969142e-59
0,0,1.3772030849836838e-06
-1,0,3.380483013414319e-42
0,1,0.9993565019537483
0,0,4.266246832097746e-34
0,0,1.0510906014110416e-07
0,0,2.2838110809737507e-15
-1,0,2.4397810820174225e-44
0,0,1.4634892278093264e-23
-1,0,2.521714170387829e-42
-1,0,1.240628377872175e-35
-1,0,2.826803363282224e-49
-1,0,1.043786950610179e-57
0,0,5.304555758594713e-09
0,0,0.0008955259338753023
0,0,6.97871188171298e-23
0,0,1.107632123487792e-31
-1,0,6.589826801787502e-64
-1,0,4.037662729970086e-38
0,0,2.892810537412978e-13
0,0,6.660317457160297e-20
-1,0,1.943143842650292e-33
0,0,2.4986572464147855e-46
0,0,5.679655507945155e-16
-1,0,5.339217327360255e-33
0,0,0.0013126465350366196
0,0,3.2053085466781307e-15
0,0,2.1729211875326244e-31
0,0,4.7629701337101997e-26
-1,0,1.4359291094043531e-74
0,0,1.9222445279835717e-31
0,0,1.2446750948942842e-47
-1,0,1.4560229419059314e-42
0,0,3.197479261009754e-06
0,0,1.2345829579320586e-17
0,1,0.9998805588889411
0,0,5.020339432305583e-13
0,1,0.9214744111588653
0,0,5.253896858367008e-19
-1,0,1.5564459632428406e-43
0,0,1.329744277508082e-08
0,0,1.5425695462576092e-10
0,0,1.3175859730924685e-12
0,0,6.547046458637749e-40
0,0,1.6325550601629224e-12
0,0,6.006085452248122e-15
0,0,5.675033411334493e-13
0,0,5.070792352583759e-12
0,1,0.9998327148965551
-1,0,1.5472452679712762e-59
0,0,2.7017542518333507e-06
-1,0,2.5522549449923856e-41
0,0,5.673728419151599e-50
-1,0,3.580596759786742e-47
0,0,9.298327031230795e-08
0,0,6.277852771798325e-09
0,0,1.2365948176318657e-23
-1,0,9.37433736771586e-38
0,0,1.8256051876022977e-10
-1,0,7.434074866357561e-49
0,0,4.47019344783231e-37
0,0,2.617163510575899e-20
0,0,1.3165137215303971e-09
0,0,5.5772361892366206e-70
-1,0,3.592276052406121e-59
0,0,2.4259165318935036e-23
-1,0,9.830474706252577e-44
0,0,1.1753686901975342e-05
0,0,1.5425695462576092e-10
-1,0,8.843218392765145e-30
0,0,6.716306866666559e-13
0,1,0.9998805588889411
0,1,0.9932368483549658
-1,0,7.083362161558441e-40
0,0,8.313156459266569e-47
0,0,4.2420030204358345e-13
0,0,2.1840636292880744e-12
-1,0,3.798736896742249e-58
0,0,4.774617383160802e-35
0,0,2.4602909005052567e-37
0,0,6.682042270575227e-32
0,0,5.970581385081073e-31
0,0,8.41231880331339e-15
0,0,1.742314081836831e-07
0,0,6.29833009053569e-21
0,0,4.747484652884506e-14
0,0,3.987737636156239e-30
0,0,2.427892347674536e-26
-1,0,1.5334508795661098e-26
0,0,7.066082936978882e-31
0,0,1.9562907761321764e-20
0,0,6.29833009053569e-21
0,0,1.793096991631038e-27
-1,0,2.2679414602498553e-65
-1,0,3.4089007651205997e-35
0,0,1.7565569887821021e-37
-1,0,2.1250695845195274e-70
0,0,5.951169690075596e-19
0,0,0.17071943780201443
0,0,1.2376019765853162e-26
0,0,2.2940682915236464e-24
-1,0,6.584464008910085e-61
0,0,4.7629701337101997e-26
-1,0,8.728280694878682e-65
0,0,4.048467287056672e-10
-1,0,4.259305924737836e-28
0,0,3.834672394515762e-17
-1,0,4.511443167304446e-33
0,0,1.3696164626334206e-31
-1,0,5.339217327360255e-33
-1,0,7.484372371679685e-36
-1,0,1.24265008910658e-41
0,0,2.561168911983957e-16
0,0,9.343859300987676e-26
-1,0,3.373597826745206e-42
0,1,0.9975279983946987
-1,0,3.32028741026289e-59
0,0,1.9711307625916238e-10
0,0,8.362590651058703e-31
0,0,2.0431462613337995e-11
0,0,8.362590651058703e-31
0,0,2.8951666204184293e-16
0,0,1.392178416426274e-08
0,1,0.9932368483549658
-1,0,1.1178530490261317e-27
-1,0,8.776640747533828e-40
0,0,1.2875217412219382e-48
-1,0,9.37433736771586e-38
0,0,7.901649373359156e-29
-1,0,2.0360352355280738e-36
-1,0,2.0460051512251297e-54
0,0,1.9289544092558867e-06
-1,0,7.440129634625645e-52
0,0,9.786520805995725e-35
0,1,0.9998805588889411
0,0,0.00017405934728099065
-1,0,2.1464259027183963e-69
0,0,0.00010501250477294228
-1,0,4.4049149463976226e-66
0,0,1.936826247563229e-21
0,1,0.9999999859919191
0,0,1.4670680081976434e-32
0,0,4.5642075013559603e-38
0,0,3.825317909951081e-08
-1,0,2.536126221278186e-63
-1,0,2.5758064538322005e-37
-1,0,1.233294590564664e-51
0,1,0.9990566607764783
-1,0,3.1785880086814468e-22
0,0,1.8315599989986171e-22
-1,0,5.320634559627081e-58
0,0,5.499312894652241e-56
-1,0,1.7390797537471444e-38
0,0,7.406863416499946e-43
-1,0,9.913113781274879e-37
0,0,3.554456998448913e-20
0,0,1.0387007132187389e-39
0,0,1.1859558356759063e-38
0,0,1.635215449823595e-18
0,0,4.4894594943780166e-15
0,0,7.882374010762086e-20
0,1,0.9999999928594738
0,0,1.8048136191344184e-51
-1,0,1.362629087602753e-50
-1,0,7.030033887609685e-50
-1,0,1.5274865537790655e-57
0,0,2.546028948724942e-32
0,0,3.9496544255398e-40
0,0,1.1130558994135856e-49
0,0,1.5966032837807308e-51
-1,0,1.391858299898775e-45
0,1,0.9998805588889411
0,0,1.0616527342729852e-06
0,0,3.197479261009754e-06
0,1,0.999858646546025
0,0,3.197479261009754e-06
0,0,2.409613555021886e-36
0,0,0.0011093640295020014
0,1,0.8348283043581547
-1,0,2.368633626484491e-56
0,0,1.1013377794976757e-10
0,0,6.318874163235277e-33
0,0,6.318874163235277e-33
-1,0,2.670991557055439e-47
0,1,0.9999999244908307
0,1,0.9985072449447328
0,0,9.996447554867147e-30
0,0,1.6378801748166153e-24
0,0,1.8484611324812796e-18
0,0,3.4208066391677616e-10
0,0,2.7083683722540657e-15
0,0,2.1605731223391352e-10
-1,0,2.167122090515766e-59
0,0,4.523310923202193e-05
0,0,3.197479261009754e-06
0,0,5.040817129361416e-28
-1,0,2.437795591199059e-41
-1,0,1.3172829899618455e-49
0,0,3.0360398944490377e-22
0,0,3.377731980531128e-39
-1,0,2.5320001081282538e-57
-1,0,1.24265008910658e-41
-1,0,7.74653793263897e-77
-1,0,1.1532479514974848e-56
0,0,7.435784748921651e-12
0,0,7.466114918778466e-27
0,0,4.0583673105477135e-19
-1,0,6.296881769273556e-58
0,0,8.34898525754024e-25
0,0,8.881330911419466e-08
-1,0,8.678680472103954e-44
0,0,2.1640939635613518e-16
-1,0,1.901900110853953e-75
0,0,2.158318424659944e-44
-1,0,1.6308513831048266e-46
-1,0,2.2472048698628755e-69
-1,0,3.055878279486059e-46
0,0,2.1658565349229757e-19
-1,0,2.17115286696547e-28
-1,0,2.2435488130442756e-63
0,0,5.670415072971314e-10
0,0,9.336255279878453e-23
0,0,9.147636993593016e-31
-1,0,3.965764855498262e-55
0,0,1.2459753509623552e-13
-1,0,1.300994983446306e-41
0,0,5.03261604628071e-22
0,1,0.9783369542741988
0,0,1.639214165271079e-27
0,1,0.9997227345096905
-1,0,1.740496167369276e-41
0,0,0.06969986277065736
0,0,1.0510906014110416e-07
0,0,2.1805055445694805e-06
0,0,3.4180216238495594e-07
0,1,0.9999999999988798
0,0,2.0498106541156183e-23
0,1,0.9996718776349768
0,0,9.37433736771586e-38
-1,0,2.437795591199059e-41
0,0,1.1674835386182366e-18
-1,0,2.5716157835131653e-31
-1,0,7.740233809678027e-74
0,0,4.446584800233716e-25
0,1,0.7530330563244314
-1,0,9.870572688797576e-59
0,0,4.719420614280612e-30
-1,0,4.280162597675814e-46
0,1,0.9629943622312142
0,0,5.062516872574578e-06
-1,0,3.0156366829082743e-35
-1,0,6.318874163235277e-33
-1,0,3.5864316518658783e-53
-1,0,2.5299395695808968e-54
0,0,1.936826247563229e-21
0,0,2.1605731223391352e-10
-1,0,2.7033402475107337e-46
0,0,3.028633748331064e-13
0,0,1.1684344090910294e-21
0,0,5.070792352583759e-12
0,0,5.613996082542564e-11
0,1,0.9987383846518528
0,0,9.872842980795532e-22
-1,0,3.725023280500814e-69
-1,0,2.719415662538704e-30
0,0,4.7629701337101997e-26
0,0,3.0131825615162536e-32
0,0,3.6018887813938043e-31
0,0,2.307709917270032e-08
-1,0,3.223627462611041e-36
0,0,3.802705266256332e-24
-1,0,3.540632010757891e-51
0,0,1.2396187560370935e-32
0,1,0.7203891326024138
0,0,5.62314457498721e-17
0,0,7.048845863512871e-22
-1,0,5.044922681181822e-31
0,0,2.2922013815935168e-21
0,1,0.9997657107404383
-1,0,1.7334256166384623e-26
0,1,0.9328310141832994
0,0,1.3755193584183828e-09
0,0,1.943143842650292e-33
-1,0,4.0508328934053866e-50
0,0,1.936826247563229e-21
0,0,1.833051734226253e-25
-1,0,6.2114100384977225e-53
0,0,1.6242262507690925e-31
-1,0,7.011618450004525e-10
0,0,4.511443167304446e-33
0,0,1.1703384740098063e-27
0,0,0.043243795157316745
0,0,2.0548232104291692e-32
0,0,5.3261927871527236e-24
0,0,0.3612910141494263
0,0,3.8315517428773746e-14
-1,0,6.271301464742816e-43
0,1,0.9999999999939615
-1,0,7.313596489881136e-72
0,0,7.895219020900152e-26
0,0,8.362590651058703e-31
0,0,3.395052526757302e-20
-1,0,2.0410141057734636e-45
0,0,2.288472118363846e-15
0,0,3.6174125163797505e-09
0,0,4.794092793068246e-50
0,0,2.5278807078972538e-51
0,0,3.0640556381554443e-18
-1,0,2.0426764333212087e-48
-1,0,8.306391222851477e-44
0,0,2.2940682915236464e-24
-1,0,1.7287994464027374e-54
0,0,3.8315517428773746e-14
-1,0,1.4421178073614388e-52
-1,0,2.2453760973271652e-66
0,0,9.832726107210103e-07
0,0,4.6944957112643065e-18
-1,0,1.8237000505490502e-44
-1,0,3.7410777248429126e-47
0,0,2.890456370951173e-10
0,0,1.727789862393625e-14
0,0,7.397849591138284e-31
-1,0,1.2830406129962472e-73
0,0,1.7437334332040087e-10
-1,0,6.676604432863693e-29
0,0,1.1722456417670114e-33
0,0,1.8278295757310316e-22
0,0,3.2157637135019546e-27
-1,0,3.9135413391008793e-44
-1,0,1.0420887768258979e-51
-1,0,1.0992931302288771e-41
0,0,7.935698323407841e-07
0,0,7.0545868775634765e-25
0,0,4.252376309784844e-22
0,0,1.7334256166384623e-26
-1,0,2.983720155278554e-79
-1,0,5.65067959814732e-35
-1,0,7.940341620303329e-47
-1,0,3.1863608492406978e-31
0,0,4.984554163998344e-32
0,0,4.203216887463378e-17
0,0,5.028520509584594e-19
-1,0,2.560579962954958e-53
0,0,1.9546987491251007e-17
0,0,2.7355866700354198e-14
0,0,2.41606148720688e-08
0,0,1.1763397953153622e-08
-1,0,9.281065416666805e-39
-1,0,1.1019813144810706e-50
0,0,8.83602179260611e-27
-1,0,1.6980150510984922e-71
-1,0,6.184754421030379e-75
-1,0,7.440129634625645e-52
0,0,2.0619994296892084e-07
-1,0,5.94980119946419e-56
0,0,6.637136693998178e-45
0,0,3.4403571667082675e-31
0,0,3.197479261009754e-06
-1,0,1.3735294938812369e-34
0,0,0.0011093640295020014
0,1,0.9999999995179008
0,0,7.478281598727064e-33
-1,0,5.01918498910826e-50
0,0,1.6516488794508114e-17
0,0,8.843218392765145e-30
0,0,1.7249788304049932e-08
0,0,5.62314457498721e-17
-1,0,1.2436621798459271e-44
0,0,7.908084963093105e-32
0,0,3.889008329269177e-31
0,0,8.321840839767089e-13
0,0,1.8315599989986171e-22
-1,0,4.693416196876225e-55
-1,0,4.431108776786326e-50
-1,0,9.929268057492476e-43
-1,0,4.241027558199196e-50
0,0,1.2646595539169823e-30
0,0,9.88893163226103e-28
0,0,1.221304508260124e-15
-1,0,1.643222659078504e-36
-1,0,3.9423218354282975e-71
-1,0,1.0287810390480268e-49
-1,0,1.300994983446306e-41
0,0,4.5151175643778185e-36
0,0,4.245457968866722e-16
0,0,3.395052526757302e-20
0,0,6.71084113997029e-10
-1,0,5.069626307598437e-49
0,0,5.936652343622828e-10
-1,0,4.031093714143766e-32
0,0,1.7376644928006616e-35
-1,0,6.226599267094039e-62
0,0,4.4967754568839694e-21
0,0,1.3637388966252744e-53
-1,0,1.5472452679712762e-59
-1,0,6.951568324791121e-54
0,1,0.9942793861958309
0,1,0.9995404815407174
-1,0,1.7095034908311014e-58
-1,0,6.20635520071289e-50
0,0,0.01618318896968751
-1,0,3.7802261483244655e-40
-1,0,1.923810122274827e-34
-1,0,1.2416388220054213e-38
-1,0,1.2927734738033392e-63
0,0,2.2959367219801966e-27
0,0,7.895219020900152e-26
0,0,2.273092814283679e-28
0,0,2.7305080141317508e-45
-1,0,1.0992931302288771e-41
0,0,5.641486308317911e-29
0,0,4.2731990502664046e-40
0,0,9.336255279878453e-23
0,0,1.392178416426274e-08
0,0,1.055378054900354e-22
0,0,2.419998726815956e-14
-1,0,2.5211342941035433e-79
0,0,6.29833009053569e-21
-1,0,2.411576092654822e-39
0,0,8.82164615727456e-21
-1,0,1.468262878707134e-35
0,1,0.9997657107404383
0,0,0.005950932719763848
0,0,1.730605445398075e-20
0,0,1.2459753509623552e-13
0,0,6.984395774330788e-26
0,0,6.705375374065342e-07
0,1,0.6852339549891829
0,0,2.3133531874533664e-17
0,1,0.9868179853383323
0,0,5.095622655833415e-30
-1,0,2.5800039532109403e-43
-1,0,2.163596323193901e-53
0,0,1.1058300777411465e-25
0,0,3.386770601515726e-11
0,0,1.4670680081976434e-32
0,0,9.939640618274006e-09
0,0,4.5308869954400554e-11
0,0,4.4967754568839694e-21
0,0,5.286093656036941e-34
-1,0,2.6797038734852666e-59
0,0,1.734837425183222e-29
0,0,2.273092814283679e-28
0,0,1.3186590962310795e-15
0,0,2.5522549449923856e-41
0,0,1.393312311619446e-11
-1,0,4.511443167304446e-33
0,0,4.031093714143766e-32
-1,0,1.4730521004355505e-47
0,0,1.1058300777411465e-25
0,0,6.31373187127903e-30
0,0,4.803009649396929e-19
0,0,5.028520509584594e-19
-1,0,4.7629701337101997e-26
-1,0,8.843218392765145e-30
0,0,5.0790556472829244e-18
-1,0,4.661874857881044e-68
0,1,0.9999999999999545
0,0,2.7039620249656493e-09
0,0,1.6312264862217223e-09
0,0,2.0670422183572948e-16
-1,0,2.0231687114174485e-58
0,0,2.1840636292880744e-12
0,0,8.977892635953069e-10
0,0,2.4417681899416118e-47
-1,0,5.265533503034763e-65
0,0,5.334872278921898e-30
0,0,9.947736172329814e-12
0,0,4.413107944617149e-35
0,0,1.6298963422228797e-06
-1,0,4.283648625613995e-49
0,0,2.7083683722540657e-15
0,0,9.45314196181367e-31
0,0,9.250890597905736e-27
0,0,1.1040309638062498e-19
0,0,9.939640618274006e-09
-1,0,2.7121580798216574e-58
0,0,8.881330911419466e-08
-1,0,1.233294590564664e-51
-1,0,6.95723011002526e-57
0,0,2.890456370951173e-10
0,0,1.1801768278884512e-20
-1,0,3.7310935280857716e-75
0,0,2.875710124767539e-29
-1,0,1.6295241982721285e-43
0,0,2.0619994296892084e-07
0,0,8.405472868635131e-12
0,0,5.281791839576413e-31
0,1,0.9998805588889411
0,0,1.0528035551060884e-13
-1,0,5.594456967128444e-36
-1,0,3.403354704299318e-29
0,0,2.4298697726816042e-29
-1,0,8.798102927907653e-49
0,0,1.5577136286616914e-46
-1,0,1.825185384150752e-47
0,1,0.9990989279903383
0,0,4.008186207541017e-11
0,0,3.0434641513727923e-31
0,0,4.787391699240734e-07
-1,0,1.470655540047054e-41
-1,0,7.440129634625645e-52
0,0,3.7648694464500716e-25
0,0,2.1324915703867335e-45
0,0,5.980310963798956e-37
0,0,4.245457968866722e-16
0,0,1.306602130027202e-19
-1,0,1.7956059979051645e-70
0,0,2.034378312578855e-33
0,0,3.7802261483244655e-40
-1,0,3.4116771837809905e-38
0,0,5.3261927871527236e-24
0,1,0.9998805588889411
-1,0,1.2896198692473776e-54
-1,0,2.007936948191766e-68
-1,0,2.139447392203599e-57
0,0,5.975444194154464e-34
0,0,1.0528035551060884e-13
0,1,0.999999999998143
-1,0,1.2999362353425032e-38
0,0,1.8484611324812796e-18
-1,0,1.5372007424485675e-35
-1,0,3.2262529832870655e-39
0,1,0.929898377361482
0,1,0.9998805588889411
0,0,1.635215449823595e-18
-1,0,7.908084963093105e-32
-1,0,2.5418867244786292e-26
0,0,5.9657225333556735e-28
-1,0,2.0426764333212087e-48
0,0,4.045171014696255e-07
0,0,5.222839240484073e-35
-1,0,5.307655350409181e-49
-1,0,1.049139346902292e-38
0,0,1.6459004325115005e-42
-1,0,4.230681953110083e-41
-1,0,4.511443167304446e-33
-1,0,1.2152847161287982e-80
-1,0,4.247938679379951e-56
0,0,3.395052526757302e-20
-1,0,1.3130002084389378e-37
0,0,2.1822862362579864e-09
0,1,0.9999999999990534
0,0,5.07492231809709e-15
-1,0,4.266246832097746e-34
-1,0,1.9415625146013764e-30
0,0,3.5989575687712366e-28
-1,0,1.4324262895575532e-65
-1,0,1.5237603877857772e-48
0,0,1.1022347769131205e-13
0,0,5.925630866884372e-41
-1,0,1.1722456417670114e-33
0,0,1.4622982420909946e-20
0,1,0.6478195940674748
0,0,1.6298963422228797e-06
0,0,2.27494416102011e-31
-1,0,1.0321367463790658e-61
0,1,0.9999999999999545
0,0,1.9515185807873264e-11
0,0,5.94632663556351e-16
0,0,1.0536610231398921e-16
0,1,0.9999999999997922
0,1,0.9998805588889411
-1,0,1.0382743483989894e-45
0,0,8.342190863693612e-22
-1,0,1.82964864738063e-56
0,0,7.108101405034634e-15
-1,0,3.045942935955951e-34
0,0,9.359085927799089e-32
-1,0,2.573710265735046e-34
0,0,1.1674835386182366e-18
0,0,2.888103287862245e-07
0,0,3.369492307318045e-30
0,0,2.290335990952373e-18
-1,0,2.5320001081282538e-57
0,0,2.584802676460423e-12
0,0,3.2375209456258986e-14
0,0,1.1636864344365998e-06
0,0,2.8710315305943877e-23
0,0,2.1822862362579864e-09
0,0,6.3034598383334515e-24
-1,0,3.596028741565813e-25
0,0,0.00040402476746441646
0,0,4.048467287056672e-10
0,0,1.5328214301977618e-32
-1,0,3.032871589961331e-56
0,0,6.318874163235277e-33
0,0,2.0393531310258143e-42
-1,0,4.5261587212810526e-45
0,0,3.370852397018338e-39
-1,0,6.308593764113644e-27
0,0,2.8733698754349513e-26
0,0,1.3955828345478274e-17
0,0,1.9285145600018534e-43
-1,0,1.470655540047054e-41
0,0,0.059537192980607785
0,0,0.17071943780201443
0,0,2.740044545094733e-20
-1,0,3.2019635993763507e-49
0,0,9.600556446159406e-40
0,0,1.558071909881688e-09
0,1,0.9998805588889411
0,0,1.1067307338395804e-28
-1,0,1.040393365860364e-45
0,1,0.9888388702745229
0,0,4.766849389830948e-29
-1,0,4.5187949541065195e-39
-1,0,6.2650663777318494e-09
-1,0,1.392991914991358e-48
0,0,1.4622982420909946e-20
-1,0,4.037662729970086e-38
0,0,1.4634892278093264e-23
0,0,4.541966714725971e-20
0,1,0.996541059690448
0,0,2.034378312578855e-33
0,0,3.0131825615162536e-32
-1,0,1.1622634989130383e-09
-1,0,9.19991738739246e-52
0,0,1.393312311619446e-11
0,0,1.4362593818687578e-37
0,0,0.059537192980607785
0,0,3.596028741565813e-25
0,0,3.364010361505895e-24
0,1,0.8933691021372658
0,0,1.3023539047554406e-07
-1,0,1.6268730679118917e-37
0,0,2.8733698754349513e-26
0,0,2.2996781494270453e-33
0,1,0.9998327148965551
-1,0,4.7386708795088246e-45
0,0,1.385075956313809e-27
-1,0,1.049139346902292e-38
0,1,0.9997227345096905
-1,0,3.322991656751388e-62
-1,0,1.4694587223927326e-38
0,0,8.80012654523391e-12
-1,0,2.3841109810408467e-80
-1,0,1.5250014320596084e-51
-1,0,4.47383424859457e-40
0,0,2.446309799184008e-16
0,0,1.215564239035288e-43
0,0,6.671171020457649e-26
0,0,4.674349773207379e-40
-1,0,3.531182763979271e-79
0,0,2.561168911983957e-16
-1,0,5.5545793559996975e-55
-1,0,2.3982880989705128e-64
0,0,1.6869917467318448e-47
0,1,0.9999999999997922
0,0,2.866360548191062e-17
-1,0,4.7087253156699075e-67
0,0,0.00040402476746441646
-1,0,5.330530766478646e-27
0,0,8.83602179260611e-27
0,0,4.766849389830948e-29
0,0,9.509355078343717e-15
0,0,1.107632123487792e-31
0,0,5.665797289303462e-07
-1,0,1.8266719274996128e-50
0,1,0.6084988841347952
-1,0,2.7238471855427163e-36
0,0,1.9415625146013764e-30
0,1,0.9999999999999105
0,0,8.664560820913266e-38
-1,0,2.5237680096636667e-45
0,0,1.5606109252363924e-15
0,0,1.5340698543424203e-35
-1,0,6.904851442272413e-67
-1,0,6.642542386753347e-48
-1,0,5.3479180437441315e-39
-1,0,5.320634559627081e-58
-1,0,1.7067222393404644e-52
0,1,0.8102720095590964
0,1,0.9214744111588653
0,0,5.646081082099326e-32
0,1,0.9932368483549658
0,0,1.3615201817414372e-47
-1,0,3.023011046322738e-44
-1,0,2.1764621505274283e-37
-1,0,1.38959383656652e-39
0,0,0.0005657986584487429
0,0,1.1703384740098063e-27
0,0,9.872842980795532e-22
0,1,0.999999999998431
-1,0,1.1019813144810706e-50
0,0,9.89698578701871e-31
0,0,2.890456370951173e-10
-1,0,7.71506857897548e-62
-1,0,4.917783512518937e-58
-1,0,1.460772239059441e-54
0,0,1.2355884783031046e-20
0,1,0.999997403413078
-1,0,2.5716157835131653e-31
-1,0,5.8248545706363646e-61
0,1,0.9997227345096905
0,0,3.8284336306751185e-11
0,0,1.5488616054853637e-25
0,0,1.0528035551060884e-13
0,0,0.3233919406397353
0,0,6.721777040489068e-16
0,0,8.362590651058703e-31
0,0,2.7149913493356813e-24
0,1,0.992005843600266
-1,0,4.280162597675814e-46
0,0,5.330530766478646e-27
0,0,1.3884629868259245e-36
0,0,9.89698578701871e-31
0,0,4.045171014696255e-07
-1,0,7.060332567449385e-28
0,0,7.875959344569253e-17
-1,0,2.880396343114492e-35
-1,0,6.653366984036333e-54
0,0,3.793428908954963e-15
-1,0,7.727640950443455e-68
0,0,2.3152373247164508e-20
0,0,7.856746033200837e-08
-1,0,6.55087203578392e-80
-1,0,6.692931236334951e-38
0,0,1.7390797537471444e-38
0,0,4.3021106843079686e-27
0,0,1.2459753509623552e-13
0,0,3.1482322411655617e-32
0,0,1.4854351914537304e-40
-1,0,8.634404430683332e-63
0,0,3.1636482857857494e-50
0,0,1.461108225595384e-17
0,1,0.9999996560791166
-1,0,7.914525794367556e-35
0,0,1.468262878707134e-35
-1,0,7.798949502323184e-64
0,0,1.5488616054853637e-25
0,0,9.407078036513552e-13
-1,0,1.4560229419059314e-42
-1,0,7.414600978467528e-09
0,0,2.035199485840871e-42
0,0,3.623307416025082e-15
0,1,0.9996116960617354
0,0,1.81629149431837e-29
0,0,0.00047812109245648303
0,0,1.930529188663415e-09
-1,0,4.251398462175066e-59
0,0,3.771004626808468e-31
0,0,0.00014707774493516926
-1,0,1.9510698228509413e-48
-1,0,6.286637150352865e-52
0,0,7.102316840877509e-12
0,0,2.026931739274291e-27
0,1,0.9999999999978024
0,0,9.806494147825837e-35
-1,0,1.103777088335133e-56
0,0,0.0070351474193042236
0,0,9.980183981957067e-24
0,0,4.024535385680886e-26
0,0,1.627904091524152e-09
0,0,1.3978570574702368e-23
0,0,3.62625846066245e-18
0,0,1.8514733597562123e-24
-1,0,4.759094034523305e-23
0,0,3.0409873840214733e-28
-1,0,6.904851442272413e-67
-1,0,3.5747713606992144e-41
-1,0,3.0409873840214733e-28
0,0,3.62625846066245e-18
-1,0,7.415940109694486e-40
0,0,1.943143842650292e-33
0,1,0.9999999956923156
0,0,5.281791839576413e-31
-1,0,1.6980150510984922e-71
0,0,2.5653425582224008e-22
0,0,4.255839706859435e-25
0,0,4.75135129667646e-17
0,0,3.8669082503076785e-10
0,0,1.936826247563229e-21
0,0,1.159637655679597e-31
-1,0,2.0476715437875477e-57
0,1,0.9999999999990534
0,0,0.0013126465350366196
0,0,2.0498106541156183e-23
-1,0,1.0312967947751317e-58
-1,0,6.318874163235277e-33
-1,0,6.595193962453798e-67
0,1,0.9999999999724969
0,0,1.3097972625839851e-28
0,0,1.7565569887821021e-37
0,0,7.807096713959203e-30
-1,0,2.663863208701377e-75
-1,0,1.233294590564664e-51
0,0,5.727401030839744e-09
-1,0,8.798102927907653e-49
-1,0,4.438329651751531e-56
-1,0,5.196193871146089e-54
0,0,2.174690948328966e-34
0,0,2.1658565349229757e-19
0,0,1.9038869403249065e-41
0,1,0.9998805588889411
0,0,0.48391075049997395
0,0,5.028520509584594e-19
0,0,2.5590846358995484e-13
0,0,8.321840839767089e-13
0,0,5.956016689069447e-22
-1,0,6.5348917729486765e-71
0,0,1.5290822502535002e-23
-1,0,4.0040034055016206e-45
0,0,4.245457968866722e-16
0,0,1.1214992939794102e-39
-1,0,7.440129634625645e-52
-1,0,2.521714170387829e-42
-1,0,5.25696682096429e-59
0,0,2.2978066742015118e-30
0,0,3.7679357879205897e-28
-1,0,1.1085342472832452e-34
-1,0,2.5258235217126957e-48
0,1,0.9999999999999243
0,0,5.727401030839744e-09
0,0,1.3055388188344664e-16
0,0,8.932090111260276e-29
-1,0,3.322991656751388e-62
0,0,1.7025588440211186e-43
-1,0,9.138090841254077e-65
-1,0,1.644561000781062e-39
0,0,7.373797528081616e-19
-1,0,1.9363808681380764e-58
-1,0,2.0754735734309385e-31
0,0,4.662947117568499e-31
0,0,4.534577228969419e-14
0,0,1.730605445398075e-20
-1,0,4.419283023585458e-78
0,1,0.9999999834216713
-1,0,1.6997888910212296e-37
-1,0,1.1532479514974848e-56
0,0,4.248915731218496e-19
-1,0,5.526241547454931e-74
0,0,4.1766550723822015e-39
0,0,1.639214165271079e-27
0,0,2.2828843849918488e-06
0,0,1.5413139677470816e-07
0,0,3.210531874158143e-21
0,0,3.9167287681141457e-47
-1,0,1.0905690789492775e-57
-1,0,1.2312881001206258e-45
0,0,0.02153246432169708
-1,0,6.5684018014795354e-52
0,0,1.1114993872456326e-06
-1,0,2.0198771469224827e-52
0,1,0.9999999999999545
0,0,3.403354704299318e-29
-1,0,1.280953188994727e-67
0,1,0.9999999999999105
-1,0,5.94495925862807e-53
0,0,1.165584118493112e-12
0,1,0.8933691021372658
0,0,1.5463417079407433e-19
0,0,6.34610782177089e-11
0,0,7.948636537916718e-13
-1,0,4.010528275327284e-51
-1,0,5.535247035979775e-80
0,1,0.9995404815407174
0,0,1.4658741100722708e-29
0,0,4.031093714143766e-32
0,0,7.813455294185972e-33
0,0,0.00017405934728099065
0,0,1.6365472699619523e-21
-1,0,1.4324262895575532e-65
-1,0,6.318874163235277e-33
-1,0,1.1010845234542196e-47
0,0,1.1811380365575438e-23
-1,0,3.812004307732571e-33
-1,0,1.825185384150752e-47
-1,0,4.241027558199196e-50
-1,0,2.4214127830444902e-54
0,0,1.94993039940267e-08
-1,0,9.359085927799089e-32
-1,0,1.8972605966806565e-66
0,0,1.1058300777411465e-25
0,0,4.281147042884141e-09
0,0,3.946440201667418e-37
0,0,0.007945299752928703
0,0,2.427892347674536e-26
-1,0,9.366708543593605e-35
0,0,0.0002755578691571581
0,0,2.5805907104107215e-06
-1,0,2.1782347953020104e-40
0,0,1.3076663072460286e-22
0,0,1.0596828857542196e-37
0,0,1.244961377612367e-10
0,0,0.25442472219205403
-1,0,5.535247035979775e-80
0,0,2.5590846358995484e-13
0,0,7.447902003290713e-18
-1,0,1.4730521004355505e-47
-1,0,6.642542386753347e-48
-1,0,4.790191366299667e-47
0,0,1.1665334419626207e-15
0,0,6.02077258517588e-24
0,0,1.3873330573694646e-33
0,0,5.62314457498721e-17
-1,0,1.9316572412601654e-49
0,0,1.9531080177075905e-14
0,0,0.009825961931035833
0,0,7.948636537916718e-13
-1,0,3.204571475668369e-52
0,1,0.9999767992875764
0,0,5.028520509584594e-19
0,0,0.40099927641817706
0,0,8.292877262163781e-38
0,0,4.0049241903433276e-08
0,0,2.719415662538704e-30
-1,0,1.2165542693907305e-46
0,0,1.9415625146013764e-30
0,0,8.81446711257395e-18
-1,0,3.359120384006595e-64
-1,0,4.7707318054567175e-32
0,0,0.0013126465350366196
0,0,4.431108776786326e-50
-1,0,4.269721526179681e-37
0,0,2.2996781494270453e-33
0,1,0.999999999999936
0,1,0.9998805588889411
0,0,1.4634892278093264e-23
0,0,2.4239423240289203e-20
0,0,6.676604432863693e-29
0,0,3.8284336306751185e-11
0,1,0.9987383846518528
-1,0,2.2435488130442756e-63
0,0,1.7376644928006616e-35
0,0,5.290398976161645e-37
0,1,0.9999999999990534
0,0,4.252376309784844e-22
-1,0,6.189791665810509e-78
0,0,1.360412178306336e-44
-1,0,4.5151175643778185e-36
0,0,3.632167762432051e-24
-1,0,1.2342990616100046e-54
0,1,0.9932368483549658
-1,0,3.641049775711235e-33
-1,0,4.689596700596752e-52
0,0,2.0248165045773354e-61
0,0,5.317527416354666e-18
0,0,0.00017405934728099065
0,0,1.240628377872175e-35
-1,0,8.313156459266569e-47
0,0,3.240157782009982e-17
0,0,4.787391699240734e-07
0,0,3.400585058462334e-26
-1,0,2.8146724318769494e-71
0,1,0.999999999998143
-1,0,3.0254731726378997e-47
-1,0,5.517250710276817e-68
0,0,3.8284336306751185e-11
0,0,1.4622982420909946e-20
0,0,7.516629200866054e-14
0,0,5.066665722411517e-09
0,0,1.817024637216125e-38
0,0,1.0423284636086022e-14
-1,0,4.0007449524967027e-42
0,1,0.9998805588889411
0,0,8.83602179260611e-27
-1,0,8.233765155923364e-57
0,0,5.070792352583759e-12
0,0,6.563056444240794e-49
0,0,1.0519467847682617e-10
0,0,5.024428305831158e-16
0,1,0.9970757539106633
0,0,5.028520509584594e-19
0,0,8.843218392765145e-30
0,0,1.8218868927761978e-10
0,0,5.062516872574578e-06
0,0,8.88856520274725e-11
-1,0,1.228284483600852e-36
-1,0,1.3052386059839594e-53
0,0,1.6503047696413446e-14
0,0,0.0001662547162411652
0,0,4.288123560592953e-15
-1,0,7.920971871451542e-38
-1,0,1.544728000103146e-53
-1,0,1.1624734049429601e-40
-1,0,1.789768081338297e-58
-1,0,3.571862216199946e-38
-1,0,3.747174134533354e-53
0,0,5.641486308317911e-29
0,0,2.1623328265776336e-13
-1,0,5.669111146001743e-47
0,0,3.059070618017825e-12
-1,0,1.5472452679712762e-59
0,0,4.18005679741909e-42
-1,0,1.7926846632105335e-64
-1,0,5.9998177126420895e-49
0,0,0.0001242781436448864
-1,0,8.669623706302625e-78
-1,0,1.825185384150752e-47
0,0,9.343859300987676e-26
0,0,1.3910261329174636e-05
-1,0,5.3261927871527236e-24
-1,0,2.0460051512251297e-54
-1,0,2.2823646387594455e-43
0,1,0.9999999999999545
0,1,0.9999999834216713
-1,0,2.7216305220817225e-33
0,0,7.048845863512871e-22
0,0,3.55299796853001e-26
0,0,3.56605102764933e-32
0,0,1.9384037181046687e-24
-1,0,3.783304997238489e-43
0,0,0.00034140752203900887
0,1,0.9999999999995175
0,0,5.573979195787842e-30
-1,0,6.647952482237321e-51
-1,0,2.5647526494500607e-59
0,1,0.9997227345096905
-1,0,2.1250695845195274e-70
0,0,4.298609631969263e-24
0,0,3.987737636156239e-30
0,0,9.86480847342368e-19
0,0,1.1103406997080228e-40
0,0,4.504103341383476e-27
0,0,1.1040309638062498e-19
-1,0,5.303335987068368e-46
0,0,4.766849389830948e-29
0,0,4.787391699240734e-07
-1,0,2.417473301230963e-48
0,0,2.7172026054456337e-27
0,1,0.9994562134587763
0,0,1.2262861442764261e-30
0,0,3.395052526757302e-20
0,0,4.045171014696255e-07
-1,0,3.3942718235089514e-57
0,0,2.8710315305943877e-23
-1,0,6.698382371600431e-41
0,0,2.1805055445694805e-06
-1,0,7.3510996093745975e-53
0,0,2.7216305220817225e-33
0,0,7.819819053231959e-36
0,0,1.5593409019987206e-12
0,0,4.504103341383476e-27
0,0,5.915990249143678e-35
0,1,0.9998805588889411
0,0,2.305778791629422e-05
0,1,0.9999994299082272
0,0,3.377731980531128e-39
0,0,2.8222043372433572e-43
0,0,1.4757919293273253e-16
0,0,1.4733909111975146e-10
0,0,4.30561458811919e-30
-1,0,1.2113335537992544e-68
0,0,2.890456370951173e-10
0,0,0.00014707774493516926
0,0,0.08144701269382977
0,0,1.240628377872175e-35
0,0,6.02077258517588e-24
-1,0,2.7011402725704737e-43
0,0,9.37433736771586e-38
0,0,4.269721526179681e-37
0,0,2.1640939635613518e-16
0,0,3.834672394515762e-17
0,0,4.227239029384288e-38
-1,0,1.4324262895575532e-65
0,0,4.7629701337101997e-26
0,0,0.026543175832607572
-1,0,4.4774780146491246e-43
0,0,2.5869078989064834e-15
0,0,2.1965459464970446e-33
0,0,0.03126115450603585
0,0,2.1658565349229757e-19
-1,0,2.4397810820174225e-44
0,0,0.195906971427103
0,0,1.1674835386182366e-18
0,0,8.873316656122791e-05
0,0,2.7083683722540657e-15
0,0,3.5989575687712366e-28
0,0,5.028520509584594e-19
0,1,0.9083862650298646
-1,0,4.3977484349945796e-60
-1,0,1.3031150672851498e-47
0,0,3.620358772931124e-12
0,0,2.4259165318935036e-23
0,0,1.558071909881688e-09
0,0,3.821326088854908e-42
-1,0,1.734837425183222e-29
-1,0,5.9998177126420895e-49
0,1,0.9970757539106633
0,0,2.419998726815956e-14
0,0,1.7196690547597182e-42
0,0,2.41606148720688e-08
0,0,5.330530766478646e-27
0,0,2.712781892743208e-21
0,1,0.9999999986753256
0,0,1.24265008910658e-41
0,0,7.071837989963259e-34
0,0,4.766849389830948e-29
-1,0,1.6179088560350908e-62
0,0,1.2469901499998406e-16
0,0,1.3044763729629003e-13
0,0,2.546028948724942e-32
0,0,5.627724410131669e-20
0,0,3.796518511010118e-18
0,0,1.845453805901652e-12
0,0,3.386770601515726e-11
0,0,3.62625846066245e-18
0,0,9.359085927799089e-32
0,0,7.948636537916718e-13
-1,0,2.8680354230334585e-57
0,0,1.9415625146013764e-30
0,0,3.596028741565813e-25
0,0,5.087332407709751e-24
0,0,2.608654458798072e-08
0,0,2.683604802939453e-19
0,0,2.2922013815935168e-21
-1,0,1.2906702150674437e-57
0,0,2.1539224773393388e-44
0,0,4.262774965717484e-31
0,0,5.675033411334493e-13
0,0,4.291616072429488e-18
0,0,2.2605678754886697e-53
-1,0,1.6308513831048266e-46
0,0,0.0001242781436448864
0,0,1.547601143831972e-22
-1,0,2.856384383326254e-42
0,0,1.2822913431555307e-33
-1,0,9.655425356245345e-61
0,0,7.8230302427851e-30
0,1,0.9999999999999545
0,0,3.2053085466781307e-15
0,0,7.096536933931475e-09
0,0,5.334872278921898e-30
0,0,1.1121500959032532e-46
0,0,9.84074415117779e-10
-1,0,4.7707318054567175e-32
0,1,0.8348283043581547
-1,0,7.940341620303329e-47
0,0,3.197479261009754e-06
0,0,6.409884316943849e-10
-1,0,8.240471241197916e-60
0,0,5.627724410131669e-20
0,1,0.9985072449447328
-1,0,2.851737230883082e-36
0,0,2.41606148720688e-08
0,0,4.420299485669513e-41
0,0,3.150796355331351e-35
0,0,1.3023539047554406e-07
-1,0,3.6077583706634862e-37
-1,0,2.1268003720242438e-73
0,0,3.822058930264104e-05
0,0,1.8360388505541118e-31
-1,0,1.025200439509799e-74
-1,0,1.9285145600018534e-43
0,0,2.4443189953031675e-13
0,0,1.4524711049629157e-33
0,0,7.04310952149228e-19
-1,0,2.3924376909688928e-55
-1,0,7.018596477663257e-44
-1,0,1.278869161096898e-61
0,1,0.9993565019537483
-1,0,2.8633693151031184e-51
0,0,7.037377847699805e-16
0,0,8.235658972192901e-20
0,0,4.18005679741909e-42
-1,0,5.204661518439035e-60
-1,0,3.939113578808708e-68
0,0,5.9657225333556735e-28
0,1,0.9996718776349768
-1,0,3.020550923682918e-41
0,0,2.88274231523498e-38
0,1,0.9773428762556998
-1,0,8.171775881077386e-67
0,0,2.7311359730592563e-08
-1,0,1.6308513831048266e-46
0,0,6.654897299074783e-17
0,0,8.342190863693612e-22
0,0,8.308294840778003e-07
0,0,1.306602130027202e-19
0,0,8.335401999116093e-19
-1,0,1.55138560942096e-31
-1,0,9.744522974050597e-57
-1,0,2.4358117161707646e-38
-1,0,3.812004307732571e-33
0,0,7.484372371679685e-36
-1,0,1.278869161096898e-61
0,0,9.818442758644385e-47
-1,0,4.0508328934053866e-50
0,0,6.0109771780198734e-18
0,1,0.9995404815407174
0,0,9.359085927799089e-32
0,1,0.9999999999928537
0,0,3.197479261009754e-06
0,0,5.52751261675961e-37
0,0,3.6174125163797505e-09
0,0,5.627724410131669e-20
-1,0,3.234142382597156e-48
0,0,5.38848616091857e-29
-1,0,9.846494314950593e-50
0,1,0.9999999999956888
0,0,0.004255991032256202
0,1,0.9996116960617354
0,0,1.393312311619446e-11
0,1,0.9994562134587763
-1,0,1.3802552975522253e-52
0,0,1.1712916697177693e-30
0,0,4.998795169953076e-35
0,0,4.534577228969419e-14
0,0,4.500437907670954e-24
-1,0,1.732014957021721e-23
0,0,1.646251897763279e-05
-1,0,1.1085342472832452e-34
-1,0,2.5190825981422333e-76
-1,0,2.999020262916922e-60
0,0,4.7397605780969686e-08
0,0,6.721777040489068e-16
0,0,3.8315517428773746e-14
-1,0,3.9496544255398e-40
0,0,3.5747713606992144e-41
0,0,3.799610629427446e-21
0,1,0.9993565019537483
0,0,0.003042324308450278
-1,0,2.3982880989705128e-64
0,0,0.00034140752203900887
0,0,8.843218392765145e-30
0,0,0.02153246432169708
0,1,0.9998020269621882
0,0,4.787391699240734e-07
0,1,0.951104399013151
0,0,2.4443189953031675e-13
-1,0,7.100683640326638e-49
-1,0,4.22379890750555e-35
-1,0,2.305301725538316e-42
0,0,2.2922013815935168e-21
0,0,8.88856520274725e-11
0,1,0.9999999999998517
-1,0,8.64143682125006e-66
0,0,1.55138560942096e-31
-1,0,3.391509569309257e-54
0,0,1.3712948503295975e-28
0,0,7.8230302427851e-30
-1,0,8.340272550072564e-59
-1,0,3.596028741565813e-25
0,0,5.873820730281803e-54
0,0,5.646081082099326e-32
-1,0,4.0508328934053866e-50
0,0,7.882374010762086e-20
0,0,5.911175823616906e-32
-1,0,1.0841223445268056e-73
0,0,4.5308869954400554e-11
0,0,0.01160793322096587
-1,0,1.0823585476682909e-67
-1,0,4.449183033391e-65
0,0,5.271034168965784e-31
0,0,8.873316656122791e-05
0,0,5.94632663556351e-16
0,0,2.3095895115517215e-11
0,0,1.1712916697177693e-30
0,0,6.334326181946486e-42
0,0,1.4569456923781024e-14
0,1,0.9999999544473778
-1,0,1.6378801748166153e-24
-1,0,3.765523036149443e-71
0,0,7.59216909196184e-13
0,0,4.766849389830948e-29
-1,0,1.151371691752255e-50
0,1,0.999999999996922
-1,0,4.230681953110083e-41
0,0,2.448302224497484e-19
0,0,4.75135129667646e-17
0,1,0.9999999999105633
0,0,2.0464757449049265e-17
0,0,4.024535385680886e-26
0,0,7.113890680446516e-18
0,0,4.255839706859435e-25
0,0,2.1290221446787597e-39
-1,0,4.78629311450749e-44
0,0,7.888793901454001e-23
0,1,0.999999999998143
-1,0,1.5196937725905883e-76
-1,0,1.903449135399398e-78
0,0,6.20130447654878e-47
0,1,0.9998805588889411
0,0,1.1380613064240188e-45
-1,0,3.0434641513727923e-31
0,0,2.1822862362579864e-09
0,1,0.999999592975428
0,0,4.7552210897010193e-20
-1,0,3.1526374320069704e-75
0,0,2.6901672238006203e-28
-1,0,2.659529275743772e-69
0,0,8.81446711257395e-18
0,0,2.0431462613337995e-11
-1,0,2.97644163845719e-70
-1,0,2.7033402475107337e-46
0,0,3.234886254991489e-11
0,0,1.9289544092558867e-06
0,0,2.4259165318935036e-23
-1,0,8.924821187406903e-26
-1,0,8.798102927907653e-49
0,0,4.681967030412411e-46
0,1,0.999999999998143
0,0,0.03126115450603585
0,0,7.037377847699805e-16
0,0,1.7479975161508892e-19
-1,0,5.330530766478646e-27
-1,0,1.3240378364245392e-30
-1,0,7.047224958734749e-59
0,0,5.070792352583759e-12
-1,0,1.7912257786552198e-61
0,0,1.4634892278093264e-23
-1,0,4.456433361920449e-71
-1,0,1.9447264586301288e-36
0,0,9.689147748706395e-36
-1,0,1.7025588440211186e-43
0,0,2.2959367219801966e-27
0,0,6.31373187127903e-30
-1,0,2.5320001081282538e-57
0,0,4.014717893765146e-17
-1,0,4.5151175643778185e-36
0,0,7.901649373359156e-29
-1,0,5.3435659146735726e-36
0,0,2.9941410511332525e-54
-1,0,6.709297964968003e-47
0,0,7.435784748921651e-12
0,0,6.987215013518583e-35
-1,0,2.1548069803323655e-38
-1,0,7.289818352494244e-60
0,1,0.9998805588889411
0,0,7.447902003290713e-18
0,0,1.4757919293273253e-16
0,0,5.024428305831158e-16
0,0,2.7061643054248107e-12
0,0,0.007945299752928703
-1,0,2.1618355911897333e-50
0,0,1.047432465115792e-32
0,0,7.397849591138284e-31
0,0,5.339217327360255e-33
-1,0,2.8540598612580598e-39
-1,0,2.573710265735046e-34
0,0,1.6325550601629224e-12
-1,0,1.023532504775573e-68
0,0,1.8424479774336362e-06
-1,0,5.011019100119082e-44
-1,0,1.7259868016417335e-48
0,0,5.980310963798956e-37
0,0,5.732065811657593e-12
-1,0,3.2507266210634014e-29
0,0,5.040817129361416e-28
-1,0,4.7386708795088246e-45
0,0,2.0481425207478394e-20
-1,0,2.305301725538316e-42
-1,0,1.7095034908311014e-58
-1,0,1.6295241982721285e-43
0,1,0.9999999999973992
-1,0,3.777149804973816e-37
-1,0,3.3311176184227666e-71
0,0,4.523310923202193e-05
0,0,3.604822381376425e-34
-1,0,4.247938679379951e-56
0,0,1.149498484560128e-44
0,1,0.9426474162673402
-1,0,1.6005075779916083e-60
0,0,3.197479261009754e-06
-1,0,4.2341276809649926e-44
-1,0,1.8218868927761978e-10
0,0,7.460039003718371e-24
-1,0,2.183561396836482e-49
0,0,1.0499938305792428e-41
0,0,5.070792352583759e-12
0,0,3.197479261009754e-06
0,0,6.660317457160297e-20
0,0,0.22380770318111992
-1,0,3.223627462611041e-36
0,0,8.864843380467188e-39
-1,0,2.1600762920671166e-47
-1,0,1.021035689335248e-59
-1,0,2.417473301230963e-48
-1,0,3.93270489607024e-62
0,0,1.547601143831972e-22
0,0,4.693416196876225e-55
0,0,5.975444194154464e-34
-1,0,1.5159866163856705e-67
0,0,1.6156481465724647e-19
0,0,7.908084963093105e-32
0,0,2.7355866700354198e-14
0,0,3.0665511937131826e-21
0,0,1.215564239035288e-43
0,0,2.4239423240289203e-20
0,0,1.7249788304049932e-08
0,0,4.427502745960028e-47
0,0,3.0119457133815837e-38
0,1,0.9999949061023707
0,0,7.048845863512871e-22
0,0,4.7552210897010193e-20
0,0,2.561168911983957e-16
-1,0,1.6459004325115005e-42
0,0,5.6094271051522e-08
-1,0,2.7033402475107337e-46
0,0,1.385075956313809e-27
-1,0,3.204571475668369e-52
0,1,0.9999999999994289
0,0,6.817022214293779e-30
0,0,6.671171020457649e-26
0,0,3.400585058462334e-26
0,1,0.999858646546025
-1,0,1.70533331089907e-49
0,0,4.031093714143766e-32
0,0,5.070792352583759e-12
-1,0,8.775055896247208e-09
-1,1,0.999999999999754
0,0,1.1674835386182366e-18
-1,0,2.4358117161707646e-38
0,0,1.936826247563229e-21
-1,0,2.5047674010921306e-55
0,0,3.06156211347767e-15
0,0,1.3862040474481952e-30
0,0,7.060332567449385e-28
0,0,1.6242262507690925e-31
0,1,0.9998805588889411
-1,0,1.9116527937126353e-56
0,0,1.2396187560370935e-32
0,0,2.0598480243240765e-41
0,0,1.1684344090910294e-21
0,0,4.4967754568839694e-21
-1,0,1.2312881001206258e-45
-1,0,8.64143682125006e-66
-1,0,4.7010645244675385e-61
0,0,1.0431774000828583e-17
0,1,0.6852339549891829
0,0,3.754143756282151e-22
0,0,9.86480847342368e-19
0,0,8.475414395904624e-05
-1,0,1.5526491533761053e-34
0,1,0.992005843600266
0,0,1.9546987491251007e-17
0,0,1.054519189548344e-19
-1,0,1.0814777256247017e-64
0,0,6.29833009053569e-21
0,0,7.020205869383544e-07
0,0,1.270566900172414e-37
-1,0,7.908084963093105e-32
0,0,1.8360388505541118e-31
-1,0,3.406126605906271e-32
0,0,2.8222043372433572e-43
0,0,7.32123667506312e-38
-1,0,1.734837425183222e-29
0,0,9.343859300987676e-26
0,0,6.990084296260736e-29
0,1,0.9975279983946987
0,0,8.34898525754024e-25
-1,0,4.1689010523128414e-70
0,0,4.0649807710580628e-25
-1,0,8.233765155923364e-57
-1,0,9.802468788012165e-41
0,0,1.1665334419626207e-15
0,0,7.888793901454001e-23
-1,0,2.0598480243240765e-41
-1,0,1.1634201948544515e-43
0,0,3.623307416025082e-15
0,0,1.1712916697177693e-30
0,1,0.9999999993247561
0,0,2.7288389848682037e-05
0,0,8.83602179260611e-27
0,1,0.9994562134587763
-1,0,1.2875217412219382e-48
0,0,9.86480847342368e-19
0,0,1.1049301545955205e-22
0,0,2.2940682915236464e-24
0,0,0.22380770318111992
0,0,1.6365472699619523e-21
0,1,0.9699191026903693
0,0,1.1067307338395804e-28
0,0,1.9069894887470967e-47
-1,0,2.0443401147708833e-51
0,0,1.5463417079407433e-19
0,1,0.9998805588889411
0,0,4.0179877271937115e-20
0,0,8.403540003184441e-49
-1,0,1.3567815071848547e-72
0,0,1.461108225595384e-17
0,0,1.6378801748166153e-24
0,0,5.960867635757781e-25
0,0,0.004255991032256202
-1,0,8.662568377284049e-75
0,0,9.832726107210103e-07
-1,0,3.635126023481029e-27
-1,0,1.643222659078504e-36
0,0,6.31373187127903e-30
-1,0,2.9917044228597075e-51
-1,0,2.875710124767539e-29
-1,0,6.5348917729486765e-71
-1,0,1.4300958247328674e-59
-1,0,6.637136693998178e-45
-1,1,0.999999999998143
-1,0,1.8375342336341796e-34
-1,0,5.01918498910826e-50
-1,0,1.240628377872175e-35
-1,0,1.1732003907898239e-36
0,0,2.0548232104291692e-32
0,0,1.6312264862217223e-09
-1,0,1.7999969284349057e-79
-1,0,2.0426764333212087e-48
0,0,1.2335782558522282e-14
-1,0,9.776307936973222e-69
-1,0,1.148563024119206e-41
-1,0,1.8957166083603985e-63
-1,0,2.2805072532474184e-40
-1,0,2.2490351318635953e-72
0,1,0.9994562134587763
0,0,0.00034140752203900887
0,1,0.9999999859919191
-1,0,1.4619619819069313e-57
0,1,0.9426474162673402
0,0,8.335401999116093e-19
-1,0,3.786386353756625e-46
0,0,1.3862040474481952e-30
0,0,1.4634892278093264e-23
0,0,9.407078036513552e-13
0,0,8.007091447394026e-40
0,1,0.9999999999834082
-1,0,4.511443167304446e-33
-1,0,8.676684781615533e-81
-1,0,7.030033887609685e-50
0,0,2.864027907532213e-14
0,0,1.113311909066677e-12
0,0,4.235099762581829e-07
0,0,2.0564967849619377e-35
0,0,7.453968033230415e-21
-1,0,1.5422148276668458e-47
0,0,1.0457283603154467e-26
0,0,7.948636537916718e-13
-1,0,6.256003189158061e-34
0,1,0.8933691021372658
-1,0,3.783304997238489e-43
0,0,1.1586939439938105e-28
0,1,0.9989337726694628
0,0,5.036714918634063e-25
0,1,0.5259972233890517
0,0,2.4443189953031675e-13
0,0,0.0015531210928195823
-1,0,2.540259058286333e-69
0,0,4.014717893765146e-17
0,0,4.534577228969419e-14
-1,0,2.7238471855427163e-36
-1,0,4.040951251085969e-41
-1,0,6.281521092837716e-49
0,0,4.259305924737836e-28
-1,0,1.0941263282709296e-69
0,0,1.3097972625839851e-28
0,0,1.9321015342186386e-12
0,0,1.3805727646999305e-15
0,0,4.27764477072113e-06
0,0,1.3805727646999305e-15
-1,0,2.0393531310258143e-42
-1,0,5.669111146001743e-47
0,0,5.627724410131669e-20
-1,0,4.172296461998271e-73
0,0,0.043243795157316745
0,0,9.430081872661784e-22
0,0,7.955110396896792e-16
0,0,1.3615201817414372e-47
0,0,2.7311359730592563e-08
0,0,1.8207330086498854e-38
-1,0,6.5189504925269685e-62
0,0,6.006085452248122e-15
-1,0,4.0137946964726494e-54
-1,0,1.5172213292215054e-70
-1,0,6.653366984036333e-54
0,1,0.9987383846518528
0,0,1.4459768336300473e-24
-1,0,7.047224958734749e-59
0,0,5.379719442834765e-23
0,1,0.8889187014738237
0,0,5.65067959814732e-35
-1,0,4.0508328934053866e-50
-1,0,3.528309091826048e-76
0,0,7.102316840877509e-12
0,0,7.102316840877509e-12
0,0,2.169385985455384e-25
0,0,2.5653425582224008e-22
-1,0,5.970581385081073e-31
0,0,3.946440201667418e-37
0,0,0.0011093640295020014
0,0,2.1078389888490846e-40
-1,0,6.164646401599594e-63
0,0,3.395052526757302e-20
0,0,3.0740500622140428e-30
0,0,2.744509684646908e-26
0,0,2.0464757449049265e-17
0,1,0.999999999999936
-1,0,4.251398462175066e-59
0,0,1.742314081836831e-07
0,0,1.1094371058238429e-37
0,1,0.7830138077938198
0,1,0.9987383846518528
-1,0,1.5250014320596084e-51
0,0,1.2376019765853162e-26
-1,0,7.313596489881136e-72
0,0,1.1674835386182366e-18
-1,0,3.377731980531128e-39
0,0,3.793428908954963e-15
-1,0,1.9348050437893753e-55
0,0,9.391764509125203e-07
-1,0,1.7021673351389226e-80
-1,0,6.154616921059977e-57
0,0,2.712781892743208e-21
0,0,4.527199560472966e-08
0,0,0.043243795157316745
0,0,7.935698323407841e-07
0,0,1.2355884783031046e-20
0,0,4.730961368812772e-39
0,0,3.2295190033169595e-05
-1,0,1.4583956572102927e-48
-1,0,6.95723011002526e-57
0,0,2.0464757449049265e-17
-1,0,4.220361585193731e-32
0,0,3.0385126322603096e-25
-1,0,5.339217327360255e-33
0,0,7.895219020900152e-26
-1,0,8.171775881077386e-67
0,0,4.011450721322808e-14
0,0,0.09497189825297926
0,0,0.06969986277065736
0,0,2.8710315305943877e-23
-1,0,1.5147529083576095e-64
-1,0,1.0992931302288771e-41
0,0,3.0385126322603096e-25
0,0,7.565745085193257e-38
0,0,1.2439480750016553e-07
-1,0,1.6952524905554334e-65
0,1,0.9999999999948979
0,1,0.999999999999936
0,0,1.250039508893926e-25
0,0,1.5450832969768696e-16
-1,0,5.954647083874864e-59
-1,0,6.296881769273556e-58
-1,0,5.888184426327323e-63
0,0,5.036714918634063e-25
0,0,0.28767782301502726
0,0,3.403354704299318e-29
0,0,1.7291970808332152e-17
-1,0,1.643222659078504e-36
0,0,0.043243795157316745
0,0,1.5425695462576092e-10
-1,0,4.7232644009916385e-33
0,0,5.693544397154584e-25
0,0,7.04310952149228e-19
0,1,0.9998805588889411
0,0,1.7465749979403985e-16
0,1,0.9883209532807343
0,0,5.854723625799232e-42
0,1,0.9999999999994289
0,0,6.772721076474801e-06
0,0,5.688910997786247e-22
0,0,2.4298697726816042e-29
0,0,0.003042324308450278
-1,0,4.782398035107717e-41
-1,0,9.37433736771586e-38
-1,0,8.857629181919924e-36
-1,0,4.0508328934053866e-50
0,0,5.317527416354666e-18
0,0,2.41606148720688e-08
-1,0,4.9631634703849295e-54
-1,0,4.746392953519159e-51
0,0,5.951169690075596e-19
0,1,0.9328310141832994
-1,0,8.292877262163781e-38
0,1,0.9999999999948979
-1,0,5.307655350409181e-49
-1,0,1.1010845234542196e-47
0,1,0.6478195940674748
0,1,0.999997403413078
-1,0,1.1504347068976433e-47
-1,0,1.2386099558310266e-29
0,0,5.012169152929402e-07
0,0,1.9510698228509413e-48
0,1,0.996541059690448
0,0,0.003042324308450278
0,0,3.056581140810014e-09
0,0,6.557715437047143e-46
0,0,4.229918028521761e-10
-1,0,2.0443401147708833e-51
0,1,0.9999999963601642
0,0,1.1763397953153622e-08
0,0,1.8241191799569284e-07
-1,0,3.580596759786742e-47
0,0,4.031093714143766e-32
0,0,1.306602130027202e-19
0,0,1.8140684557821998e-32
0,0,3.2157637135019546e-27
0,0,2.3885453497540598e-49
0,0,2.712781892743208e-21
-1,0,1.6281980935008012e-40
0,0,7.800743308337138e-27
-1,0,4.67708109423579e-80
-1,0,1.2113335537992544e-68
0,1,0.9998327148965551
-1,0,2.39438623952067e-58
0,0,0.0015531210928195823
0,0,2.169385985455384e-25
-1,0,1.4468217483505569e-64
0,0,1.0528035551060884e-13
0,0,1.625549120627163e-34
0,0,1.9546987491251007e-17
0,0,5.65067959814732e-35
0,0,3.0434641513727923e-31
0,0,2.1478012210603453e-26
0,0,1.3772030849836838e-06
0,0,3.374983186435037e-36
-1,0,4.790191366299667e-47
0,0,1.6295241982721285e-43
-1,0,1.1643677558899383e-46
0,1,0.996541059690448
0,0,6.716306866666559e-13
0,0,0.3612910141494263
0,1,0.9996116960617354
-1,0,4.511443167304446e-33
-1,0,8.798102927907653e-49
0,0,4.235099762581829e-07
-1,0,4.522475338927759e-42
-1,0,4.742530344820908e-48
0,0,2.440341651039185e-07
0,0,8.81446711257395e-18
0,0,0.01160793322096587
0,0,3.596028741565813e-25
0,0,5.646081082099326e-32
-1,0,4.047536330621298e-47
-1,1,0.9999999999994289
0,0,1.1712916697177693e-30
0,0,2.409613555021886e-36
0,0,1.1067307338395804e-28
0,0,0.03126115450603585
0,0,4.245457968866722e-16
0,0,2.712781892743208e-21
-1,0,6.653366984036333e-54
-1,0,1.740496167369276e-41
0,0,4.0179877271937115e-20
0,0,4.288123560592953e-15
0,0,4.534577228969419e-14
-1,0,1.0983985268430206e-38
0,0,8.34898525754024e-25
-1,0,6.647952482237321e-51
0,0,5.028520509584594e-19
0,0,3.234886254991489e-11
0,0,4.759094034523305e-23
0,0,2.273092814283679e-28
-1,0,4.971251374486781e-60
0,0,6.29833009053569e-21
0,1,0.9998327148965551
-1,0,2.8192591840247237e-77
0,0,6.687484537196587e-35
-1,0,7.440129634625645e-52
-1,0,5.023272922381736e-53
-1,0,5.015100382589812e-47
-1,0,2.051480146113914e-26
0,0,8.206995344468558e-45
0,0,1.383948783218569e-24
-1,1,0.9999999999963571
0,0,1.742314081836831e-07
-1,0,2.4397810820174225e-44
0,1,0.9996718776349768
0,0,1.3130002084389378e-37
-1,0,2.0014086962319e-56
-1,0,3.5168377700973105e-64
0,1,0.9999999999995175
0,0,1.3087313511963103e-25
-1,0,1.4491794695142775e-70
-1,0,1.2396187560370935e-32
0,0,0.004255991032256202
0,0,8.828831049031173e-24
0,0,4.7436211555379044e-11
0,0,2.878052280143287e-32
-1,0,7.018596477663257e-44
-1,0,3.762458658173191e-68
0,0,2.185842465179716e-15
0,0,3.596028741565813e-25
0,0,0.3233919406397353
0,0,1.5593409019987206e-12
0,0,2.892810537412978e-13
0,0,7.52887819820643e-20
-1,0,3.8182162984237416e-39
0,0,2.8710315305943877e-23
0,1,0.9999999999963571
0,1,0.9995404815407174
-1,0,5.01918498910826e-50
-1,0,5.521744298938084e-71
0,0,0.02153246432169708
-1,0,1.3757677789778014e-40
0,0,9.88893163226103e-28
-1,0,1.7419137346058662e-44
0,0,4.6781568514504715e-43
0,0,1.2520765563802468e-31
-1,0,2.8733698754349513e-26
0,0,4.048467287056672e-10
0,0,2.6989420879670916e-40
-1,0,1.2988783488465757e-35
0,0,6.71084113997029e-10
0,0,3.3922896372222005e-17
0,0,2.16762054183128e-22
0,1,0.999858646546025
0,0,5.317527416354666e-18
0,0,4.259305924737836e-28
0,0,7.888793901454001e-23
0,0,1.819251298385844e-35
-1,0,5.307655350409181e-49
0,1,0.9998805588889411
0,0,1.3862040474481952e-30
0,0,2.183561396836482e-49
0,1,0.9998805588889411
-1,0,2.5481025914532915e-35
0,0,3.1935759275986756e-09
-1,0,1.0823585476682909e-67
0,0,2.044810325482085e-14
0,0,0.02153246432169708
0,0,2.7333604529218308e-11
-1,0,9.830474706252577e-44
-1,0,7.094905112787675e-46
-1,0,1.428932014524519e-56
0,1,0.9998805588889411
0,0,1.7437334332040087e-10
0,0,3.210531874158143e-21
-1,0,1.2292848741066042e-39
-1,0,1.1770271692808314e-48
0,0,7.460039003718371e-24
0,0,4.255839706859435e-25
-1,0,1.057958850312693e-31
0,0,1.049139346902292e-38
0,0,2.376906280438269e-31
-1,0,2.5647526494500607e-59
0,1,0.9999999993247561
-1,0,3.209793602027417e-58
-1,0,2.9740194139436426e-67
0,0,5.636895273757779e-26
0,0,9.931453215041277e-06
0,1,0.999999999999936
0,0,0.00047812109245648303
0,0,2.288472118363846e-15
0,0,7.031650838331468e-13
0,1,0.9998020269621882
-1,1,0.9999999999956888
0,0,7.888793901454001e-23
-1,0,9.76040251696739e-63
0,0,8.79296493592803e-09
-1,0,9.921187631463338e-40
0,0,2.81531982372561e-34
-1,0,3.32028741026289e-59
0,0,1.943143842650292e-33
0,0,4.4967754568839694e-21
0,0,4.262774965717484e-31
0,0,2.878052280143287e-32
0,1,0.9998805588889411
0,0,1.6378801748166153e-24
-1,0,3.1889560176923844e-34
-1,0,3.223627462611041e-36
-1,0,2.554333658555378e-44
0,0,2.3998247975389037e-21
0,0,4.2014915552404165e-23
0,0,2.0704106424151178e-22
0,0,1.8390308346463473e-37
0,0,3.033569168948816e-19
0,0,1.936826247563229e-21
0,0,5.632307975375918e-23
0,0,2.065360061963469e-13
-1,0,1.5225203534722363e-45
0,0,1.0457283603154467e-26
0,1,0.9949359965058693
0,1,0.9998805588889411
0,0,9.321065797052941e-17
-1,0,1.1624734049429601e-40
0,0,7.866319613729323e-20
-1,0,1.643222659078504e-36
0,0,1.7390797537471444e-38
0,0,2.0498106541156183e-23
-1,0,6.904851442272413e-67
0,0,0.0018375691109064796
0,0,2.878052280143287e-32
0,0,2.892810537412978e-13
-1,0,2.83833374358483e-64
0,0,2.0531509978492802e-29
-1,0,4.244481712151722e-53
0,0,1.9159948812412565e-19
0,0,5.384101017564536e-26
0,0,3.5472174708889335e-20
-1,0,1.311931690497927e-34
0,0,1.7465749979403985e-16
0,0,6.20130447654878e-47
-1,0,5.873820730281803e-54
0,0,0.0011093640295020014
0,0,3.197479261009754e-06
0,0,2.88274231523498e-38
0,0,9.89698578701871e-31
0,0,7.869549898623249e-14
-1,0,8.319927205706716e-50
-1,0,1.8222159257099913e-41
-1,0,5.299020138820234e-43
0,0,1.709896687073957e-21
0,0,2.16762054183128e-22
-1,0,3.728057168800583e-72
-1,0,1.7245821957234342e-45
-1,0,1.7362503835917817e-32
0,1,0.99991071685414
0,0,6.404663863168172e-07
0,0,1.107632123487792e-31
-1,0,6.904851442272413e-67
0,1,0.9989337726694628
0,1,0.9990989279903383
-1,0,1.4312605828198616e-62
0,0,2.7378147002426263e-17
-1,0,1.9363808681380764e-58
-1,0,2.1565619878031178e-41
0,0,1.1058300777411465e-25
0,0,4.7436211555379044e-11
-1,1,0.9999999999998941
0,0,1.0465800658748932e-29
0,0,4.7629701337101997e-26
0,0,9.88893163226103e-28
-1,0,1.4456443266063143e-61
0,1,0.9999999999995175
0,0,6.29833009053569e-21
-1,0,2.510892497390715e-64
0,0,1.7479975161508892e-19
0,0,2.7061643054248107e-12
0,0,1.862483112939918e-08
-1,0,7.541147156346835e-26
-1,0,1.7912257786552198e-61
0,1,0.998233833172175
-1,0,5.603573618579088e-42
0,0,2.519662002523883e-39
0,0,2.169385985455384e-25
0,0,6.340942965423908e-08
0,1,0.999999999999754
-1,0,8.171775881077386e-67
-1,0,2.7260656543909068e-39
-1,0,3.181729105820483e-71
0,1,0.9997927336607192
-1,0,6.221532068333993e-59
-1,0,5.061378353849965e-43
0,0,1.3175859730924685e-12
0,0,0.17071943780201443
0,0,1.6074055912106298e-38
0,1,0.9996564769293487
-1,0,8.886521249379834e-48
0,0,0.10604365902262962
0,0,5.960867635757781e-25
0,0,5.024428305831158e-16
0,0,5.970581385081073e-31
0,0,1.9531080177075905e-14
-1,0,2.2490351318635953e-72
0,0,2.9361900947606718e-30
0,1,0.9999999106361657
0,0,7.869549898623249e-14
-1,0,2.556414065150677e-47
0,0,6.308593764113644e-27
-1,0,1.8121753577237556e-66
0,0,4.235099762581829e-07
-1,0,3.4089007651205997e-35
0,0,1.1722456417670114e-33
0,0,8.83602179260611e-27
0,0,1.1085342472832452e-34
0,0,1.6503047696413446e-14
0,0,6.591342502196182e-27
-1,0,1.7970684499806632e-73
0,0,2.1876227498600926e-18
0,0,1.1031325047773203e-16
0,1,0.951104399013151
-1,0,3.209793602027417e-58
0,0,5.9851816972402814e-40
0,0,2.5027290244879456e-52
-1,0,3.359120384006595e-64
-1,0,3.604822381376425e-34
0,0,1.4646811835397324e-26
0,0,8.369401659748302e-34
-1,0,5.954647083874864e-59
0,0,1.0536610231398921e-16
0,0,1.4658741100722708e-29
0,0,3.403354704299318e-29
0,0,7.066082936978882e-31
-1,0,5.3479180437441315e-39
0,0,1.3862040474481952e-30
0,0,1.1636864344365998e-06
-1,0,8.355785185159647e-28
0,0,4.266246832097746e-34
0,0,3.223627462611041e-36
0,0,1.3175859730924685e-12
0,0,6.671171020457649e-26
0,0,4.73481455502469e-42
-1,1,0.9999999999986742
0,0,1.1753686901975342e-05
0,1,0.9998805588889411
0,0,2.2786513792734172e-37
0,0,2.878052280143287e-32
0,0,1.156333978253675e-28
-1,0,3.596028741565813e-25
0,1,0.8567681313056623
0,0,1.0536610231398921e-16
0,1,0.9083862650298646
0,0,4.5382704678472834e-17
0,0,7.466114918778466e-27
0,0,7.04310952149228e-19
-1,0,6.91047517840119e-70
0,1,0.9997227345096905
0,0,1.1722456417670114e-33
-1,0,1.6165922038148684e-59
0,0,1.3816971881578378e-18
0,1,0.999999999976761
0,0,4.7552210897010193e-20
0,0,4.799100966101762e-16
-1,0,5.834346674907289e-67
0,1,0.964595173798503
-1,0,4.040951251085969e-41
-1,0,2.88743999314442e-44
0,0,2.521714170387829e-42
0,0,0.005950932719763848
-1,0,7.848547625921419e-42
0,0,1.9336751566663606e-15
0,0,9.391764509125203e-07
0,0,0.01160793322096587
-1,0,2.417473301230963e-48
-1,0,9.303761104660064e-48
0,0,3.19415269731215e-40
-1,0,3.795645489367497e-55
0,1,0.9981510614485619
0,0,4.766849389830948e-29
-1,0,1.569530097892309e-36
0,0,4.485805977790049e-12
0,0,2.41606148720688e-08
0,0,5.975444194154464e-34
0,0,9.830474706252577e-44
0,0,2.305778791629422e-05
-1,0,2.8610391087061894e-48
0,0,7.037377847699805e-16
0,1,0.8711630436872507
0,0,3.197479261009754e-06
0,0,5.636895273757779e-26
0,0,1.639214165271079e-27
0,0,2.902246389319458e-25
0,0,7.760946240690533e-46
-1,0,2.5716157835131653e-31
-1,0,2.158318424659944e-44
-1,0,1.901900110853953e-75
0,0,1.2999362353425032e-38
0,0,6.637136693998178e-45
-1,0,9.89698578701871e-31
0,1,0.9083862650298646
0,0,0.043243795157316745
0,0,2.0564967849619377e-35
0,1,0.9999999999995175
0,0,0.008315245403467647
0,0,3.377731980531128e-39
0,0,7.119684671000674e-21
-1,0,1.3648496095446115e-56
0,0,3.4208066391677616e-10
-1,0,4.481124748411028e-46
-1,0,1.5539137264392187e-37
-1,0,2.2940682915236464e-24
-1,0,2.4298697726816042e-29
0,0,2.2605678754886697e-53
-1,0,5.230147342881186e-78
-1,0,6.557715437047143e-46
0,0,5.941487522319699e-13
-1,1,0.999999999999936
0,0,1.1665334419626207e-15
0,0,2.1658565349229757e-19
0,1,0.9999999999674507
0,0,1.6298963422228797e-06
-1,0,2.411576092654822e-39
-1,0,1.2988783488465757e-35
-1,0,2.009572335665844e-71
0,0,1.5450832969768696e-16
0,0,2.5674319311433604e-25
0,0,4.4967754568839694e-21
0,1,0.9998805588889411
0,0,4.0550646162642993e-16
-1,0,5.545542415041853e-49
0,0,4.5077717604507894e-30
0,1,0.9999999999997089
-1,0,4.5187949541065195e-39
0,0,3.799610629427446e-21
0,0,1.5568015316848554e-06
0,0,3.1482322411655617e-32
0,0,1.396719483130729e-20
0,0,0.09497189825297926
0,0,0.04860902208509603
0,0,3.2183828294565544e-30
-1,0,5.303335987068368e-46
0,0,7.447902003290713e-18
0,0,4.4894594943780166e-15
0,1,0.9998805588889411
-1,0,6.179721275554154e-72
-1,0,2.4233849306951414e-57
0,1,0.9994306961340126
-1,0,9.838481250090462e-47
-1,0,1.100188462234794e-44
0,0,1.7362503835917817e-32
-1,0,1.518457047683406e-73
-1,0,1.5472452679712762e-59
0,1,0.999999999998143
0,0,1.4658741100722708e-29
0,0,2.051480146113914e-26
0,0,2.2023752744634195e-05
-1,0,7.403874855311932e-34
-1,0,1.4421178073614388e-52
0,0,1.2106261594348872e-28
0,0,1.55138560942096e-31
0,1,0.9998327148965551
0,0,2.17115286696547e-28
0,0,2.5716157835131653e-31
-1,0,9.343859300987676e-26
0,0,1.165584118493112e-12
-1,0,5.339217327360255e-33
0,0,7.908084963093105e-32
0,0,6.654897299074783e-17
0,0,7.472195782437812e-30
-1,0,4.1621185202336434e-64
0,0,0.3612910141494263
-1,0,8.776640747533828e-40
-1,0,3.035341747310234e-59
0,0,4.255839706859435e-25
0,0,1.570808419835975e-39
-1,0,3.7410777248429126e-47
0,0,4.021260223775965e-23
0,0,4.259305924737836e-28
0,0,1.4506933621011177e-36
-1,0,3.231510441537758e-45
0,1,0.9987383846518528
0,0,1.3087313511963103e-25
-1,0,3.234142382597156e-48
0,0,0.03126115450603585
0,0,3.0360398944490377e-22
0,0,7.908084963093105e-32
0,1,0.9998805588889411
0,1,0.9996718776349768
0,0,1.0457283603154467e-26
-1,0,4.175694637114633e-76
0,0,1.8315599989986171e-22
0,0,7.504399568692198e-08
0,0,1.3108640421154913e-31
-1,0,1.5250014320596084e-51
-1,0,6.642542386753347e-48
-1,0,1.1103406997080228e-40
0,0,2.2959367219801966e-27
0,1,0.9999999999963571
-1,0,3.372236629304124e-33
0,0,5.281791839576413e-31
0,0,1.3910261329174636e-05
0,0,2.4259165318935036e-23
0,1,0.9996718776349768
0,0,3.3454743722937816e-49
-1,0,8.819617591366942e-58
-1,0,6.339485247177279e-45
0,0,8.362590651058703e-31
0,0,2.573710265735046e-34
-1,0,1.6152766230845897e-56
0,0,3.840921324814765e-23
-1,0,2.0368570776041524e-45
0,0,1.6476198034905432e-08
0,0,3.793428908954963e-15
-1,0,4.9591244541089305e-51
0,0,6.324020643390781e-36
-1,0,2.252700129113182e-78
0,0,3.4089007651205997e-35
0,0,1.3805727646999305e-15
0,0,1.6418854065167402e-33
0,0,1.0457283603154467e-26
-1,0,1.0992931302288771e-41
0,0,8.321840839767089e-13
0,0,2.082718003297169e-06
-1,0,3.19415269731215e-40
-1,0,2.0410141057734636e-45
0,0,8.857629181919924e-36
-1,0,2.7260656543909068e-39
0,0,2.1729211875326244e-31
-1,0,1.3108640421154913e-31
0,0,4.799100966101762e-16
0,0,2.446309799184008e-16
0,0,7.020205869383544e-07
0,0,5.37096698763372e-17
0,0,6.604794794336248e-27
0,0,1.0528035551060884e-13
0,0,2.859368237810322e-08
-1,0,2.4155059644569688e-45
0,0,3.403354704299318e-29
-1,0,2.5626654569252016e-56
0,0,8.328618659308255e-16
0,0,0.14817349570447372
-1,0,1.925376991682462e-37
0,0,3.0045983428510894e-29
0,0,7.04310952149228e-19
-1,0,7.319553133141664e-75
0,0,1.1114993872456326e-06
-1,0,8.655518789883477e-72
0,0,8.26591526403522e-26
0,1,0.8762257613637073
0,1,0.9994562134587763
-1,0,1.3755193584183828e-09
0,0,3.395052526757302e-20
-1,0,4.47019344783231e-37
0,0,1.6100249976339857e-44
0,0,0.019095830652572244
-1,0,1.3802552975522253e-52
0,0,7.060332567449385e-28
-1,0,5.659887869237483e-41
-1,0,4.774617383160802e-35
-1,0,1.3659612270969142e-59
0,0,0.48391075049997395
0,0,2.27494416102011e-31
0,1,0.6478195940674748
0,0,9.931453215041277e-06
0,1,0.9999999899987467
0,0,2.5481025914532915e-35
0,0,4.045171014696255e-07
0,0,1.8133365056604945e-23
0,0,2.1840636292880744e-12
-1,0,2.800956900983121e-53
0,0,7.869549898623249e-14
-1,0,9.830474706252577e-44
-1,0,8.362590651058703e-31
0,0,1.7465749979403985e-16
-1,0,3.5225687613887595e-70
0,0,3.629211908812246e-21
-1,0,1.8222159257099913e-41
0,0,3.2183828294565544e-30
-1,0,3.795645489367497e-55
0,0,8.9998469608009e-19
0,0,1.3816971881578378e-18
0,0,2.859368237810322e-08
-1,0,1.5209315047625906e-79
-1,0,1.9348050437893753e-55
-1,0,4.1655084058073653e-67
-1,0,2.2916742825132804e-58
-1,0,2.433829455617438e-35
-1,0,5.339217327360255e-33
-1,0,2.3034256738534866e-39
-1,0,1.9222445279835717e-31
0,0,1.648961753639649e-11
-1,0,4.259305924737836e-28
-1,0,3.2019635993763507e-49
0,0,5.915990249143678e-35
-1,0,3.045942935955951e-34
0,0,1.2967651578743072e-29
0,0,8.419170313671831e-18
-1,0,2.2508668845422455e-75
0,0,2.0531509978492802e-29
0,0,1.392178416426274e-08
0,0,1.0423284636086022e-14
0,0,3.822058930264104e-05
-1,0,4.251398462175066e-59
-1,0,4.255839706859435e-25
0,0,7.0545868775634765e-25
-1,0,2.7121580798216574e-58
0,0,1.9321015342186386e-12
0,0,5.936652343622828e-10
-1,0,4.979352458527829e-66
0,0,6.676604432863693e-29
0,0,1.1049301545955205e-22
0,0,5.873820730281803e-54
-1,0,2.163596323193901e-53
-1,0,2.376359703194068e-68
-1,0,2.728285930096791e-42
0,1,0.9998805588889411
0,0,3.386770601515726e-11
0,0,2.1764621505274283e-37
-1,0,2.9667645612077355e-58
0,0,2.305778791629422e-05
-1,0,5.970581385081073e-31
0,0,5.036714918634063e-25
0,0,1.4385998907428366e-43
0,0,8.723183554991092e-25
0,0,1.3752030552093122e-46
0,0,0.0006695437149090915
-1,0,2.7260656543909068e-39
-1,0,2.417473301230963e-48
0,0,2.7355866700354198e-14
-1,0,5.053143818988408e-37
-1,0,1.0395466950297082e-42
-1,0,1.2469901499998406e-16
0,1,0.9999999999999545
-1,0,3.783304997238489e-43
-1,0,2.709950928940362e-55
0,0,6.638662835252471e-08
0,1,0.9998805588889411
-1,0,1.5539137264392187e-37
-1,0,1.369301514922623e-68
0,0,4.534577228969419e-14
0,0,1.2726373988180659e-43
0,1,0.9816338355075809
0,0,2.892810537412978e-13
-1,0,1.9510698228509413e-48
0,0,1.55138560942096e-31
0,1,0.8889187014738237
0,0,1.3208079652693636e-21
-1,0,2.284223537040588e-46
-1,0,2.158318424659944e-44
0,0,8.405472868635131e-12
0,0,2.2959367219801966e-27
-1,0,1.3780097115535033e-46
0,0,3.234886254991489e-11
-1,0,9.830474706252577e-44
0,0,7.358778972378295e-19
-1,0,6.552378776358428e-43
-1,0,2.174690948328966e-34
0,0,0.003042324308450278
-1,0,7.077597730217313e-37
-1,0,1.833051734226253e-25
0,0,7.403874855311932e-34
-1,0,6.286637150352865e-52
-1,0,1.7245821957234342e-45
0,0,3.796518511010118e-18
-1,0,1.047432465115792e-32
-1,0,4.2341276809649926e-44
-1,0,8.812440197510748e-55
0,0,5.627724410131669e-20
-1,0,5.853377313270513e-79
0,1,0.9999999999990534
0,0,1.4646811835397324e-26
0,1,0.9999999999724969
0,0,7.077597730217313e-37
0,0,1.732014957021721e-23
0,0,4.259305924737836e-28
0,0,1.3108640421154913e-31
0,0,1.4745909316855616e-13
0,0,9.343859300987676e-26
-1,0,1.0296189416656374e-52
-1,0,2.540259058286333e-69
0,0,1.833051734226253e-25
0,1,0.9996718776349768
-1,0,1.831138825885831e-59
0,0,1.0385131470548051e-08
0,0,1.2355884783031046e-20
-1,0,4.5187949541065195e-39
0,0,1.0431774000828583e-17
-1,0,1.2416388220054213e-38
-1,0,2.2959367219801966e-27
0,0,3.22100407858044e-33
-1,0,2.252700129113182e-78
-1,0,6.951568324791121e-54
0,0,1.3108640421154913e-31
-1,0,3.045942935955951e-34
-1,0,2.8337159583637932e-58
-1,0,1.6938728961813737e-62
-1,0,2.9667645612077355e-58
0,1,0.9989337726694628
0,0,5.036714918634063e-25
0,0,1.1151261471057564e-18
-1,0,2.2860839493229377e-49
0,0,2.1565619878031178e-41
-1,0,2.158318424659944e-44
-1,0,9.265965724175242e-33
0,1,0.9999881734566287
0,0,1.3044763729629003e-13
0,0,4.248915731218496e-19
0,1,0.9998805588889411
-1,0,6.324020643390781e-36
0,0,1.558071909881688e-09
0,0,8.708991500166083e-19
0,0,1.8390308346463473e-37
0,0,2.7355866700354198e-14
0,0,4.500437907670954e-24
0,0,1.0457283603154467e-26
0,0,5.9657225333556735e-28
0,0,9.921187631463338e-40
0,0,3.2183828294565544e-30
-1,0,1.7245821957234342e-45
0,0,3.4208066391677616e-10
0,0,3.369492307318045e-30
0,0,2.433829455617438e-35
0,0,4.9906624538794387e-29
-1,0,2.707745574235793e-52
0,0,0.0018375691109064796
0,0,2.3015511488972238e-36
0,0,8.88856520274725e-11
0,0,5.304555758594713e-09
-1,0,1.917888277310026e-68
0,1,0.9083862650298646
0,0,1.0528035551060884e-13
0,0,3.808902103355266e-30
-1,0,9.937355064718066e-46
-1,0,3.580596759786742e-47
0,0,5.5772361892366206e-70
0,0,1.8270920731981182e-13
0,0,7.968073937266495e-22
0,0,1.3862040474481952e-30
-1,0,4.481124748411028e-46
-1,0,1.1760693060304298e-45
0,0,3.6174125163797505e-09
0,0,2.921882424168938e-12
-1,0,1.1722456417670114e-33
-1,0,1.8450294378666854e-49
0,0,8.328618659308255e-16
0,0,1.1169433416013948e-24
0,0,1.0431774000828583e-17
0,0,3.234886254991489e-11
0,0,3.400585058462334e-26
0,0,7.096536933931475e-09
0,0,1.640549242209476e-30
-1,0,1.2819964761368465e-70
0,1,0.8348283043581547
0,0,0.10604365902262962
0,0,1.9038869403249065e-41
0,0,6.638662835252471e-08
0,0,8.917558178994746e-23
-1,0,3.406126605906271e-32
0,0,3.7648694464500716e-25
-1,0,1.7912257786552198e-61
0,0,2.3133531874533664e-17
-1,0,2.8360239111049083e-61
0,0,2.446309799184008e-16
0,0,1.5438259101060392e-13
-1,0,1.459583464423205e-51
0,0,9.343859300987676e-26
0,0,6.687484537196587e-35
0,0,3.4235927558749635e-13
0,1,0.9979104483238276
-1,0,4.5151175643778185e-36
0,0,5.594456967128444e-36
-1,0,8.783788984113879e-43
0,0,6.335381719606951e-05
-1,0,5.930457065488258e-44
0,0,3.197479261009754e-06
0,0,7.895219020900152e-26
0,0,4.251398462175066e-59
-1,0,6.318874163235277e-33
0,0,4.5493682422882883e-26
-1,0,2.7033402475107337e-46
0,0,8.489945373969603e-11
0,0,2.5549205181341855e-07
0,1,0.8933691021372658
0,0,2.9795509931136365e-36
0,0,1.1840263623209269e-32
0,0,7.048845863512871e-22
0,0,1.472191650983598e-07
-1,0,4.790191366299667e-47
0,0,1.4769939051352934e-19
-1,0,5.24841407633071e-53
0,0,8.73739873699674e-31
0,0,5.040817129361416e-28
-1,0,9.389613661172825e-44
-1,0,5.002866496502554e-38
-1,0,8.812440197510748e-55
0,0,1.730605445398075e-20
0,0,7.504399568692198e-08
0,0,3.808902103355266e-30
0,0,9.366708543593605e-35
0,0,5.07492231809709e-15
-1,0,1.5459861216914146e-56
-1,0,3.0304034428233282e-53
-1,0,6.179721275554154e-72
0,0,4.4967754568839694e-21
0,0,2.4076526144996413e-33
0,0,3.0156366829082743e-35
-1,0,6.276409198763826e-46
0,0,2.719415662538704e-30
0,0,5.960867635757781e-25
0,0,1.8360388505541118e-31
0,0,4.747484652884506e-14
0,0,4.230681953110083e-41
0,0,4.255839706859435e-25
0,0,6.34610782177089e-11
0,0,2.7149913493356813e-24
0,0,7.020205869383544e-07
0,0,2.2959367219801966e-27
0,0,5.62314457498721e-17
0,0,6.001197707320965e-12
0,0,1.5488616054853637e-25
0,0,1.4745909316855616e-13
-1,0,1.228284483600852e-36
0,0,1.7263837891169478e-11
0,0,2.051480146113914e-26
0,0,1.306602130027202e-19
0,0,4.747484652884506e-14
0,0,2.8733698754349513e-26
0,0,2.9046101574628065e-28
-1,0,4.200525408743611e-60
-1,0,1.1624734049429601e-40
0,0,3.596028741565813e-25
0,0,5.03261604628071e-22
0,1,0.9999999999999105
0,0,6.716306866666559e-13
-1,0,3.0715484040863975e-27
0,0,1.2906702150674437e-57
0,0,3.0311004541219195e-16
0,0,2.2959367219801966e-27
0,0,0.02990112525388578
-1,0,5.930457065488258e-44
-1,0,3.3427518293992627e-46
0,0,2.0670422183572948e-16
0,1,0.9999999998941533
0,0,0.00047812109245648303
0,0,1.1067307338395804e-28
0,0,1.4575439623161063e-08
0,0,7.453968033230415e-21
0,0,7.066082936978882e-31
0,1,0.9999999999998517
0,0,1.392178416426274e-08
-1,0,7.428025025452384e-46
-1,0,1.2093627925400745e-62
-1,0,7.920971871451542e-38
0,0,6.34610782177089e-11
0,0,1.635215449823595e-18
0,0,2.065360061963469e-13
0,0,1.7362503835917817e-32
0,0,9.305901025666618e-11
0,1,0.9998943366252102
0,1,0.9999461360071845
0,0,1.943143842650292e-33
0,0,1.5501230937363183e-28
0,0,3.1837677927338556e-28
-1,0,2.1250695845195274e-70
0,1,0.9998805588889411
0,1,0.9999900069855107
-1,0,1.819251298385844e-35
0,0,5.353218188306953e-05
0,0,0.00014707774493516926
0,0,2.1729211875326244e-31
-1,0,6.296881769273556e-58
-1,0,1.7108958157237308e-61
0,0,1.6418854065167402e-33
0,1,0.9583694221824939
0,0,7.968073937266495e-22
-1,0,1.632179648878564e-49
0,0,6.709297964968003e-47
0,0,2.072096912312159e-25
0,0,5.5365201766018914e-43
-1,0,1.9363808681380764e-58
-1,0,8.158480930834874e-61
0,0,2.191187670322138e-24
-1,0,4.037662729970086e-38
-1,0,6.692931236334951e-38
0,0,6.620945996292236e-36
0,0,1.833051734226253e-25
-1,0,1.9363808681380764e-58
0,0,2.4037355195893946e-27
0,0,7.888793901454001e-23
0,0,2.7017542518333507e-06
-1,0,1.4324262895575532e-65
0,0,1.5450832969768696e-16
0,0,1.2355884783031046e-20
0,0,5.68428136907265e-19
-1,0,7.083362161558441e-40
0,0,1.9191171606002811e-25
0,0,7.472195782437812e-30
0,0,6.277852771798325e-09
0,0,0.059537192980607785
0,0,1.5568015316848554e-06
0,0,0.0009375332382088195
-1,0,7.478281598727064e-33
0,0,4.774617383160802e-35
0,0,1.2376019765853162e-26
-1,0,1.643222659078504e-36
0,0,1.4658741100722708e-29
-1,0,1.4468217483505569e-64
-1,0,7.077597730217313e-37
0,0,1.3097972625839851e-28
-1,0,4.037662729970086e-38
0,0,9.963946868827056e-18
0,0,4.75135129667646e-17
0,0,1.6242262507690925e-31
0,0,0.06969986277065736
0,1,0.9998805588889411
0,0,1.2439480750016553e-07
0,0,1.8360388505541118e-31
0,0,4.0616726947486607e-22
0,0,4.527199560472966e-08
0,0,3.578504482925151e-07
-1,0,7.78626111645825e-58
0,1,0.9942793861958309
-1,0,5.617276459016502e-51
0,0,1.0482855586031127e-35
-1,0,1.8360388505541118e-31
-1,0,3.592276052406121e-59
0,0,5.632307975375918e-23
0,0,4.037662729970086e-38
-1,0,4.511443167304446e-33
-1,0,1.0378554198667032e-36
0,0,3.2027000705484146e-12
0,0,1.1151261471057564e-18
0,0,7.020205869383544e-07
-1,0,1.8360388505541118e-31
0,0,3.5989575687712366e-28
0,0,0.0011093640295020014
0,0,7.0545868775634765e-25
-1,0,1.0457283603154467e-26
0,0,9.85678050452416e-16
0,0,1.0735825138663181e-37
-1,0,5.031458780034104e-59
-1,0,2.880396343114492e-35
0,0,2.4298697726816042e-29
0,0,2.7333604529218308e-11
-1,0,1.4444678630465088e-58
0,0,1.1684344090910294e-21
-1,0,9.806494147825837e-35
-1,0,1.3648496095446115e-56
0,0,1.2355884783031046e-20
0,0,4.034376885048665e-35
0,1,0.9999999999998517
-1,0,1.0983985268430206e-38
-1,0,3.629211908812246e-21
-1,0,7.927423198617573e-41
0,0,2.3885453497540598e-49
0,0,2.5716157835131653e-31
0,1,0.995908998538239
0,0,5.646081082099326e-32
0,0,2.3034256738534866e-39
0,0,5.9657225333556735e-28
0,1,0.6852339549891829
0,1,0.9699191026903693
-1,0,9.351469515279853e-29
0,0,9.939640618274006e-09
-1,0,4.0137946964726494e-54
0,0,1.5463417079407433e-19
-1,0,3.0533914095326583e-43
-1,0,1.233294590564664e-51
0,0,7.167854559598812e-08
0,1,0.9328310141832994
0,0,2.662307566314216e-35
0,0,1.392178416426274e-08
-1,0,8.648474939428141e-69
-1,0,3.050906563390897e-40
-1,0,3.032871589961331e-56
-1,0,9.273512497142755e-36
0,1,0.9214744111588653
-1,0,2.4417681899416118e-47
-1,0,1.643222659078504e-36
0,0,2.305778791629422e-05
-1,0,2.3866015545111296e-46
-1,0,2.3963363750903553e-61
-1,0,5.25696682096429e-59
-1,0,1.4359291094043531e-74
0,0,1.640549242209476e-30
0,0,1.845453805901652e-12
0,0,2.851737230883082e-36
0,0,2.1164367517758826e-55
-1,0,5.225891055460911e-75
-1,0,5.892980126244369e-66
0,1,0.9994562134587763
0,0,4.27764477072113e-06
0,0,1.4599191775337103e-14
0,0,4.747484652884506e-14
0,0,1.45010802852143e-27
0,0,7.895219020900152e-26
0,0,4.7397605780969686e-08
0,0,1.640549242209476e-30
0,0,1.8315599989986171e-22
0,0,3.197479261009754e-06
0,0,4.0550646162642993e-16
-1,0,7.74653793263897e-77
0,0,9.303761104660064e-48
0,0,2.847097639056076e-30
0,0,2.4259165318935036e-23
0,0,1.833051734226253e-25
0,0,1.3076663072460286e-22
-1,0,2.0598480243240765e-41
0,0,2.864027907532213e-14
0,0,4.500437907670954e-24
0,0,6.995777451273271e-32
-1,0,1.8390308346463473e-37
0,0,1.4374291599361988e-40
0,0,3.359893002209213e-27
-1,0,1.1653160886774712e-49
0,0,1.732014957021721e-23
-1,0,3.540632010757891e-51
0,0,3.403354704299318e-29
0,0,3.210531874158143e-21
0,0,8.664560820913266e-38
-1,0,3.706871728900999e-51
0,0,1.5413139677470816e-07
0,0,8.807293910170932e-15
-1,0,5.970581385081073e-31
0,0,3.9528712672741086e-43
0,0,2.0531509978492802e-29
0,0,1.3805727646999305e-15
-1,0,3.380483013414319e-42
-1,0,1.0465800658748932e-29
0,0,9.872842980795532e-22
-1,0,1.9003523469028157e-72
0,0,2.542912752627091e-35
0,0,7.816663870477094e-27
-1,0,1.274711271520323e-49
0,0,4.747484652884506e-14
-1,0,1.8062835704635613e-54
0,0,6.552378776358428e-43
-1,0,8.776640747533828e-40
0,0,2.4259165318935036e-23
0,0,5.32185833806907e-21
0,0,8.80012654523391e-12
-1,0,1.8345446844149003e-28
0,0,4.6781568514504715e-43
0,0,3.2262529832870655e-39
0,1,0.992005843600266
0,1,0.9999999999998517
-1,0,2.0564967849619377e-35
-1,0,1.4421178073614388e-52
0,0,2.6901672238006203e-28
0,0,1.9100970930402845e-53
0,0,2.0636792740814346e-10
0,0,3.8284336306751185e-11
-1,0,8.333485246616645e-56
-1,0,3.821326088854908e-42
0,0,1.3944471109681036e-14
-1,0,4.78629311450749e-44
0,0,9.84074415117779e-10
0,0,4.493115986594924e-18
-1,0,3.3942718235089514e-57
-1,0,9.326512292127697e-57
0,0,3.946440201667418e-37
-1,0,7.035759580028909e-53
0,0,1.2335782558522282e-14
-1,0,2.6573649541180693e-66
0,0,1.9546987491251007e-17
0,0,3.802705266256332e-24
0,1,0.9998805588889411
0,0,3.2183828294565544e-30
0,0,2.589014835968662e-18
0,0,2.0133100747069705e-40
0,0,6.29833009053569e-21
-1,0,9.694809321818545e-76
0,0,5.627724410131669e-20
0,1,0.9999999999999545
0,0,1.2345829579320586e-17
-1,0,7.071837989963259e-34
0,0,1.0431774000828583e-17
-1,0,5.294707802804126e-40
0,0,1.5463417079407433e-19
-1,1,0.9999999999995175
-1,0,8.676684781615533e-81
-1,0,1.2830406129962472e-73
0,0,3.197479261009754e-06
0,0,7.09071155275e-06
0,1,0.999999980379826
-1,0,2.744509684646908e-26
-1,0,3.592276052406121e-59
-1,0,5.320634559627081e-58
0,0,1.2376019765853162e-26
0,0,1.0588205171362005e-34
0,0,7.339139846287696e-47
0,0,4.045171014696255e-07
-1,0,6.524259927162957e-65
0,0,1.1112450295346938e-43
-1,0,1.085889015644839e-79
0,1,0.9998805588889411
0,0,1.943143842650292e-33
0,0,2.7149913493356813e-24
0,0,1.5631540757046255e-21
0,0,9.860759176804601e-25
0,0,0.04860902208509603
0,0,0.05077542812781682
0,1,0.9951619999287069
0,0,3.197479261009754e-06
0,0,2.5716157835131653e-31
-1,0,7.867740270313114e-51
-1,0,1.460772239059441e-54
0,0,2.0464757449049265e-17
0,0,7.007177675642549e-38
0,0,1.547601143831972e-22
-1,0,1.640549242209476e-30
0,0,4.045171014696255e-07
-1,0,5.84385424738319e-73
0,0,4.245457968866722e-16
-1,0,1.5209315047625906e-79
0,0,4.500437907670954e-24
0,0,2.8710315305943877e-23
0,0,5.308876143525601e-12
-1,0,1.8222159257099913e-41
0,0,1.1674835386182366e-18
-1,0,2.2697886114064216e-68
0,0,0.14817349570447372
0,0,1.1067307338395804e-28
0,0,2.521714170387829e-42
0,0,3.431964724989058e-22
0,0,7.522751206467332e-17
0,0,1.4646811835397324e-26
0,0,5.304555758594713e-09
-1,0,6.329171315156579e-39
-1,0,6.647952482237321e-51
-1,0,8.783788984113879e-43
0,0,1.107632123487792e-31
0,0,5.028520509584594e-19
-1,0,2.8610391087061894e-48
0,0,0.06969986277065736
-1,0,4.1553470228948565e-58
0,0,2.286609762587253e-12
0,1,0.99999999843227
0,0,5.632307975375918e-23
0,1,0.9995404815407174
0,0,9.980183981957067e-24
-1,0,6.529573686129774e-68
0,0,3.3978176665597694e-23
-1,0,8.735389544054197e-68
0,1,0.9999999881636844
0,0,1.1772978927040375e-11
0,0,1.0482855586031127e-35
-1,0,1.8957166083603985e-63
0,0,0.17071943780201443
-1,0,7.345117293630633e-50
0,0,4.7629701337101997e-26
-1,0,6.20635520071289e-50
0,1,0.999999999998143
0,0,2.719415662538704e-30
0,1,0.98371812994427
0,0,5.317527416354666e-18
0,1,0.9994562134587763
-1,0,8.864843380467188e-39
0,0,4.6781568514504715e-43
0,0,5.641486308317911e-29
0,0,8.89580459828451e-14
-1,0,1.0832400871075515e-70
-1,0,3.540632010757891e-51
0,0,1.8241191799569284e-07
0,0,5.011019100119082e-44
0,0,2.899884544807672e-22
-1,0,4.419283023585458e-78
0,0,2.7288389848682037e-05
-1,0,4.227239029384288e-38
0,0,5.03261604628071e-22
-1,0,2.712781892743208e-21
0,0,3.5931022978363633e-22
-1,0,1.718975193417275e-33
0,1,0.9426474162673402
-1,0,6.615557878652744e-33
-1,1,0.9999999999995175
0,0,7.875959344569253e-17
0,0,5.65067959814732e-35
0,0,2.5826991605847565e-09
0,0,5.062516872574578e-06
0,0,1.1712916697177693e-30
-1,0,2.4259165318935036e-23
-1,0,5.065500651997495e-46
0,0,1.8241191799569284e-07
-1,0,4.7386708795088246e-45
-1,0,3.0304034428233282e-53
-1,0,2.2916742825132804e-58
0,1,0.999999999999946
0,0,1.936826247563229e-21
0,0,6.721777040489068e-16
-1,0,1.4658741100722708e-29
0,0,6.293204517320368e-18
0,0,2.0531509978492802e-29
0,0,4.5308869954400554e-11
0,1,0.9999939714632199
0,0,1.6897408456784333e-53
0,0,1.0957190824788641e-29
-1,0,3.786386353756625e-46
0,0,3.242796765995855e-20
0,0,5.231350308710641e-41
-1,0,2.0564967849619377e-35
0,0,1.8241191799569284e-07
-1,0,5.307655350409181e-49
0,1,0.9999999999999105
0,0,1.3165137215303971e-09
0,1,0.995908998538239
0,0,2.8951666204184293e-16
0,0,2.719415662538704e-30
-1,0,3.231510441537758e-45
0,0,3.5901782356432154e-19
-1,0,7.434074866357561e-49
-1,0,9.326512292127697e-57
-1,0,3.798736896742249e-58
0,0,1.9658702047081795e-38
-1,0,7.472195782437812e-30
0,0,1.9384037181046687e-24
-1,0,5.9900563977068854e-43
0,1,0.999999999996922
0,0,2.159686252932561e-16
-1,0,4.766849389830948e-29
-1,0,1.0420887768258979e-51
-1,0,1.1464307003851e-72
0,0,6.293204517320368e-18
-1,0,6.687484537196587e-35
-1,0,1.3791320475031354e-49
0,0,8.83602179260611e-27
0,0,3.197479261009754e-06
-1,0,8.383040323559765e-40
-1,0,5.006941138990964e-41
0,0,1.7536991842969494e-31
0,0,2.4219697227722305e-17
-1,0,2.3034256738534866e-39
-1,0,7.100683640326638e-49
0,0,1.1665334419626207e-15
0,0,7.935698323407841e-07
-1,0,1.0482855586031127e-35
-1,0,4.4085025803292833e-69
-1,0,1.9997799523174098e-53
0,0,2.719415662538704e-30
0,0,9.37433736771586e-38
0,0,4.715579955638611e-27
-1,0,5.6552818595099e-38
-1,0,1.0992931302288771e-41
0,0,2.191187670322138e-24
-1,0,4.495741408904358e-58
-1,0,6.2610984633213815e-37
-1,0,5.8248545706363646e-61
0,0,1.9981525338726976e-50
0,0,3.802705266256332e-24
0,0,1.0440270279832427e-20
0,0,1.393312311619446e-11
-1,0,7.325514627859615e-78
0,0,1.3910261329174636e-05
0,0,7.108101405034634e-15
0,1,0.9997227345096905
-1,0,2.4298697726816042e-29
0,0,6.705375374065342e-07
0,0,2.6967456922436135e-37
-1,0,2.5522549449923856e-41
-1,0,3.580596759786742e-47
-1,0,2.5068074378756848e-58
0,1,0.9999999999881541
-1,0,3.604822381376425e-34
0,1,0.9994306961340126
0,0,4.284633890939898e-12
0,0,2.084418633978098e-09
-1,0,8.29963149197727e-41
0,0,3.0434641513727923e-31
0,0,1.843951974486688e-09
0,0,2.0481425207478394e-20
-1,0,9.37433736771586e-38
0,0,5.911175823616906e-32
0,1,0.9999939714632199
0,0,3.6018887813938043e-31
-1,0,6.497755926946984e-50
0,0,0.0367860510579545
-1,0,1.1454977365031343e-69
0,0,1.2978213232573847e-32
0,1,0.9998805588889411
0,0,5.956016689069447e-22
-1,0,7.478281598727064e-33
0,0,0.22380770318111992
-1,0,1.4444678630465088e-58
0,0,6.94591114711098e-51
0,0,2.149550522609389e-29
0,0,2.5842082927780015e-49
0,0,1.468262878707134e-35
-1,0,7.496568803726682e-42
-1,0,3.3392634511200824e-80
0,0,8.41231880331339e-15
0,1,0.9999999999998517
0,0,3.369492307318045e-30
0,0,0.03126115450603585
0,0,9.366708543593605e-35
-1,0,1.1722456417670114e-33
0,0,1.7334256166384623e-26
0,0,1.2439480750016553e-07
0,0,6.692931236334951e-38
0,0,2.5674319311433604e-25
0,0,9.88893163226103e-28
0,0,1.1049301545955205e-22
-1,0,3.725023280500814e-69
0,1,0.9932368483549658
0,0,1.640549242209476e-30
-1,0,2.1565619878031178e-41
-1,0,5.244142923465412e-50
0,0,5.494837560639801e-53
-1,0,6.573751512306312e-55
0,0,9.913113781274879e-37
0,1,0.8762257613637073
-1,0,1.648582569607887e-48
-1,0,5.031458780034104e-59
0,0,7.508785110914479e-48
0,0,1.8345446844149003e-28
-1,0,1.6966332085560893e-68
-1,0,1.383948783218569e-24
0,0,6.990084296260736e-29
-1,0,1.0823585476682909e-67
0,1,0.9987383846518528
0,1,0.9905529069064053
0,0,1.2365948176318657e-23
0,0,8.82164615727456e-21
-1,0,1.833051734226253e-25
0,0,3.2295190033169595e-05
0,0,5.273198706245101e-25
0,0,1.112405895979798e-09
-1,0,9.68691969801768e-73
0,0,7.516629200866054e-14
0,0,0.00014707774493516926
-1,0,5.011019100119082e-44
0,0,1.833051734226253e-25
-1,0,2.4358117161707646e-38
0,0,5.330530766478646e-27
0,0,6.335381719606951e-05
-1,0,9.838481250090462e-47
0,0,3.232253604199606e-08
-1,0,4.78629311450749e-44
0,0,3.796518511010118e-18
0,0,8.807293910170932e-15
-1,0,1.2386099558310266e-29
0,0,1.943143842650292e-33
-1,0,6.329171315156579e-39
0,0,6.552378776358428e-43
0,0,2.2940682915236464e-24
0,0,2.2978066742015118e-30
0,0,1.3097972625839851e-28
0,0,2.307709917270032e-08
0,0,4.7552210897010193e-20
0,0,0.0006695437149090915
0,0,1.9384037181046687e-24
0,0,9.430081872661784e-22
-1,0,1.3862040474481952e-30
0,0,1.732014957021721e-23
-1,0,2.5258235217126957e-48
0,1,0.7830138077938198
-1,0,4.941864572699277e-76
0,0,4.9591244541089305e-51
-1,0,2.8100931420780112e-65
0,0,3.709890833459548e-54
0,0,1.9562907761321764e-20
0,0,2.890456370951173e-10
0,0,7.510512176782339e-11
-1,0,1.1504347068976433e-47
0,0,7.508785110914479e-48
-1,0,7.415940109694486e-40
-1,0,1.740496167369276e-41
0,0,7.856746033200837e-08
0,0,5.627724410131669e-20
-1,0,9.870572688797576e-59
0,1,0.998233833172175
0,0,5.996313904150707e-09
-1,0,5.303335987068368e-46
0,0,5.627724410131669e-20
0,0,3.4235927558749635e-13
0,0,8.843218392765145e-30
0,0,6.29833009053569e-21
0,1,0.996541059690448
-1,0,2.271637266996614e-71
0,1,0.9996116960617354
0,0,2.0670422183572948e-16
0,0,1.3097972625839851e-28
0,0,2.5653425582224008e-22
0,0,2.2495524236788168e-35
0,0,5.960867635757781e-25
-1,0,2.5068074378756848e-58
0,0,0.01618318896968751
-1,0,5.352273717456705e-42
-1,0,5.66449763038305e-44
-1,0,5.980310963798956e-37
0,0,1.9384037181046687e-24
-1,0,1.2152847161287982e-80
-1,0,1.908542658395211e-50
-1,0,3.728057168800583e-72
-1,0,1.9069894887470967e-47
0,0,2.2940682915236464e-24
0,0,5.308876143525601e-12
0,0,3.6174125163797505e-09
0,0,2.7216305220817225e-33
0,0,4.5308869954400554e-11
0,0,4.238550881844789e-10
0,0,0.026543175832607572
0,0,8.82164615727456e-21
0,0,8.475414395904624e-05
0,0,7.0545868775634765e-25
0,0,1.7451536373731714e-13
0,0,1.1636864344365998e-06
0,0,3.4089007651205997e-35
0,0,9.88088403196471e-25
0,1,0.9999999999996556
0,0,2.1342284028137228e-48
0,0,3.7349912336163523e-41
0,0,9.328657446912176e-20
0,0,6.186176952317785e-38
0,0,4.262774965717484e-31
-1,0,6.620945996292236e-36
0,0,3.5631489797462815e-29
0,0,7.497730858500664e-05
0,0,3.802705266256332e-24
0,0,9.250890597905736e-27
0,0,4.024535385680886e-26
0,0,3.9560907290023216e-46
-1,0,1.8237000505490502e-44
0,0,2.1623328265776336e-13
-1,0,4.034376885048665e-35
-1,0,1.9316572412601654e-49
0,0,9.336255279878453e-23
0,1,0.6084988841347952
0,0,1.1722456417670114e-33
-1,0,1.4548380322418274e-39
0,0,3.774075965147622e-34
0,0,3.197479261009754e-06
0,0,2.880396343114492e-35
0,0,2.569523005778337e-28
0,0,4.998795169953076e-35
0,0,1.7390797537471444e-38
0,0,2.2922013815935168e-21
-1,0,5.360995710357393e-48
0,0,1.3063016726649027e-56
0,0,8.73028825274225e-28
-1,0,2.018233373405729e-49
0,0,2.4358117161707646e-38
0,0,1.453654086855718e-36
0,0,1.730605445398075e-20
0,0,7.131286812900255e-27
-1,0,4.9591244541089305e-51
-1,0,4.0137946964726494e-54
-1,0,1.7970684499806632e-73
0,0,3.4235927558749635e-13
0,1,0.9990989279903383
0,0,2.69455108394425e-34
0,0,4.4967754568839694e-21
0,0,1.639214165271079e-27
-1,0,1.7376644928006616e-35
0,0,3.805802423547981e-27
-1,0,1.703945512765919e-46
-1,0,3.3454743722937816e-49
0,0,4.262774965717484e-31
-1,0,2.88274231523498e-38
0,0,1.4658741100722708e-29
-1,0,4.665671775784847e-71
0,0,2.417473301230963e-48
-1,0,6.904851442272413e-67
-1,0,3.6077583706634862e-37
0,0,1.468262878707134e-35
0,1,0.999999999999946
0,0,3.197479261009754e-06
0,0,2.3152373247164508e-20
0,0,3.429171796352796e-19
-1,0,1.1732003907898239e-36
-1,0,4.280162597675814e-46
0,0,6.31373187127903e-30
0,0,0.022520688130870985
0,0,6.995777451273271e-32
0,0,1.2988783488465757e-35
0,1,0.999999999996922
0,0,2.401779362605094e-24
0,0,0.01618318896968751
0,0,1.047432465115792e-32
-1,0,1.2312881001206258e-45
0,0,7.478281598727064e-33
-1,0,1.7122892746115718e-64
0,0,4.220361585193731e-32
0,0,0.00014707774493516926
-1,0,2.158318424659944e-44
-1,0,9.343859300987676e-26
0,0,1.8315599989986171e-22
-1,0,3.3832362869081116e-45
0,0,0.0009375332382088195
0,1,0.9992385207630193
-1,0,4.2375762152328115e-47
0,0,2.803238172731014e-56
0,0,2.7216305220817225e-33
-1,0,1.9116527937126353e-56
0,0,4.500437907670954e-24
0,0,1.8315599989986171e-22
0,1,0.9990989279903383
-1,0,5.307655350409181e-49
0,0,1.1040309638062498e-19
0,1,0.9999999999963571
-1,0,6.324020643390781e-36
0,0,4.259305924737836e-28
0,0,0.00017405934728099065
0,0,6.73273075749283e-22
0,0,7.370770739119499e-25
-1,0,7.727640950443455e-68
-1,0,2.2860839493229377e-49
0,0,8.213679626760746e-48
0,0,1.5151013107771946e-27
0,0,1.107632123487792e-31
0,0,2.158814385030491e-07
0,0,3.1811768464532055e-25
0,0,0.025383025976290358
-1,0,5.94980119946419e-56
0,0,2.591123489050096e-21
0,0,5.070792352583759e-12
0,0,2.7534618046018786e-38
0,0,9.88088403196471e-25
0,0,1.4694587223927326e-38
0,0,0.06969986277065736
-1,0,8.326703466659622e-53
-1,0,1.5372007424485675e-35
0,0,3.197479261009754e-06
-1,0,3.8151090387360626e-36
0,0,1.3087313511963103e-25
-1,0,1.8033448640498184e-48
0,0,8.328618659308255e-16
0,0,3.825317909951081e-08
0,0,1.6182809849526081e-25
0,0,3.989347279506552e-39
0,1,0.9997657107404383
-1,0,1.470655540047054e-41
0,0,6.308593764113644e-27
-1,0,1.2396187560370935e-32
0,0,5.632307975375918e-23
-1,0,1.1672150720234374e-55
-1,0,4.4049149463976226e-66
0,0,1.935250060765373e-18
-1,0,7.502674470904951e-45
-1,0,4.774617383160802e-35
0,0,1.0482855586031127e-35
0,0,8.873316656122791e-05
0,0,2.8897917020471113e-47
0,1,0.9979104483238276
0,0,0.0009375332382088195
0,0,9.939640618274006e-09
0,0,1.84996663303257e-21
0,0,4.4967754568839694e-21
-1,0,6.698382371600431e-41
0,0,9.905046501575548e-34
0,0,1.379449256294559e-12
0,0,5.673728419151599e-50
0,0,1.2802051381675538e-27
0,0,7.071837989963259e-34
0,0,4.0040034055016206e-45
0,0,3.2053085466781307e-15
-1,0,5.303335987068368e-46
0,0,1.7974817866988838e-36
0,0,8.879289409409737e-45
0,0,2.8222043372433572e-43
-1,0,1.2133075265843426e-74
0,1,0.9985072449447328
-1,0,1.459583464423205e-51
-1,0,1.0312967947751317e-58
0,1,0.9993565019537483
-1,0,8.7909430426579e-46
0,1,0.9998805588889411
0,1,0.992005843600266
-1,0,4.504103341383476e-27
-1,0,1.1624734049429601e-40
0,0,1.7334256166384623e-26
-1,0,1.1551272687702332e-62
-1,0,2.6552023938144705e-63
0,0,1.94993039940267e-08
-1,0,2.709950928940362e-55
0,0,2.8951666204184293e-16
-1,0,9.381972405222036e-41
0,0,1.6338847135188113e-15
-1,0,3.808902103355266e-30
0,0,2.589014835968662e-18
-1,0,4.0137946964726494e-54
0,0,2.3133531874533664e-17
-1,0,1.100188462234794e-44
0,0,0.09110076525753384
0,0,6.649481551906991e-14
0,0,2.7105742342037313e-18
-1,0,4.0007449524967027e-42
-1,0,5.334872278921898e-30
0,0,1.8300694777432462e-19
0,0,4.500437907670954e-24
0,0,8.34898525754024e-25
-1,0,1.1187634973726036e-30
0,0,1.383948783218569e-24
0,1,0.9995404815407174
0,0,0.0018375691109064796
-1,0,8.676684781615533e-81
0,0,8.671617772700603e-41
-1,0,7.727640950443455e-68
0,0,5.040817129361416e-28
0,1,0.9998805588889411
-1,0,2.4056932697883617e-30
0,0,2.9140844977055344e-40
-1,0,6.334326181946486e-42
-1,0,2.670991557055439e-47
0,1,0.9970757539106633
0,0,3.596028741565813e-25
0,0,1.3884629868259245e-36
0,1,0.996541059690448
0,0,0.0002884921269176837
0,0,4.806921516164349e-22
-1,0,3.2183828294565544e-30
0,0,2.88743999314442e-44
-1,0,2.560579962954958e-53
0,0,0.00017405934728099065
0,1,0.999858646546025
0,1,0.9999997093994294
-1,0,1.3670737500189912e-62
0,0,1.8300694777432462e-19
0,0,1.2469901499998406e-16
0,0,1.8345446844149003e-28
0,0,1.2396187560370935e-32
0,0,1.2365948176318657e-23
0,0,1.5657013704564707e-27
0,0,1.55138560942096e-31
0,0,1.3034147915388992e-10
0,0,9.343859300987676e-26
-1,0,4.0007449524967027e-42
-1,0,7.880561433505555e-57
0,0,0.0013126465350366196
0,0,5.951169690075596e-19
0,0,1.4769939051352934e-19
0,0,1.0072278383315841e-19
-1,0,1.2875217412219382e-48
0,0,5.32185833806907e-21
-1,0,8.808822875958652e-61
-1,0,7.740233809678027e-74
0,1,0.9996116960617354
0,0,4.75135129667646e-17
-1,0,1.6044214196671472e-69
0,0,3.787257231398219e-09
0,0,7.948636537916718e-13
-1,0,1.4382690800709291e-80
-1,0,1.819251298385844e-35
-1,0,2.829105685980314e-52
0,0,2.1147143981724695e-52
0,1,0.7830138077938198
0,0,2.5653425582224008e-22
-1,0,4.0007449524967027e-42
-1,0,1.1112450295346938e-43
-1,0,3.619526259799896e-49
-1,0,6.682042270575227e-32
0,0,1.643222659078504e-36
-1,0,1.5172213292215054e-70
-1,0,8.939364955372892e-32
0,0,7.409905026831683e-37
0,1,0.9989337726694628
0,1,0.9999999963601642
-1,0,2.2996781494270453e-33
-1,0,2.8610391087061894e-48
0,0,6.97871188171298e-23
-1,0,3.3121878679097347e-50
-1,0,3.55218094521936e-63
0,0,0.0010596658060126462
0,0,4.0007449524967027e-42
0,0,1.3055388188344664e-16
0,0,0.48391075049997395
-1,0,5.065500651997495e-46
0,0,2.194758400130333e-30
0,1,0.9998805588889411
0,0,4.229918028521761e-10
-1,0,2.8680354230334585e-57
0,0,8.89580459828451e-14
0,0,3.799610629427446e-21
-1,0,2.546028948724942e-32
0,0,0.009389440805952186
0,0,5.3261927871527236e-24
0,0,2.4443189953031675e-13
-1,0,7.721352205822963e-65
0,0,1.845453805901652e-12
0,0,5.636895273757779e-26
-1,0,2.7011402725704737e-43
-1,0,5.9900563977068854e-43
0,0,9.305901025666618e-11
0,1,0.999999999996922
0,0,1.0879087338187058e-48
-1,0,5.239875246459016e-47
0,1,0.6478195940674748
-1,0,3.0304034428233282e-53
0,0,4.021260223775965e-23
0,1,0.9999999999993241
0,0,8.355785185159647e-28
0,0,2.5653425582224008e-22
-1,0,4.415686616542447e-75
0,0,1.9289544092558867e-06
0,0,4.259305924737836e-28
0,0,0.0009375332382088195
-1,0,2.8610391087061894e-48
0,0,3.0665511937131826e-21
0,0,2.561168911983957e-16
-1,0,1.3802552975522253e-52
0,0,0.4307665635623696
0,1,0.9999999999997922
0,0,3.0261690490284914e-10
0,0,3.777149804973816e-37
0,0,6.638662835252471e-08
-1,0,5.673728419151599e-50
-1,0,1.6005075779916083e-60
0,0,3.3373133886132623e-40
0,0,4.235099762581829e-07
-1,0,1.0508490102002935e-44
0,0,3.058367174899416e-49
0,1,0.9949359965058693
0,0,0.01160793322096587
-1,0,7.696248363436271e-53
0,0,2.7083683722540657e-15
0,0,1.2272849072116175e-33
0,0,1.6736889973044233e-28
0,0,1.1040309638062498e-19
0,0,1.461108225595384e-17
0,0,3.5901782356432154e-19
-1,0,3.779543548826767e-09
-1,0,4.3977484349945796e-60
0,0,1.4587310970966277e-11
0,0,2.5674319311433604e-25
0,0,4.500437907670954e-24
-1,0,2.7327319079688738e-48
0,0,3.0385126322603096e-25
0,1,0.9999999999361455
0,0,8.807293910170932e-15
0,0,1.47940079443788e-25
0,0,3.812004307732571e-33
0,0,5.010114273949019e-13
-1,0,2.3015511488972238e-36
0,0,1.3944471109681036e-14
0,0,3.790341821199789e-12
0,0,1.1031325047773203e-16
0,0,6.654897299074783e-17
0,0,7.516629200866054e-14
-1,0,7.060332567449385e-28
-1,0,3.926306639843741e-56
0,1,0.6852339549891829
0,0,4.0179877271937115e-20
-1,0,3.5377506488192595e-48
0,0,4.262774965717484e-31
-1,0,1.6126486726066413e-50
-1,0,7.0545868775634765e-25
-1,0,5.924560888233449e-10
0,0,2.859368237810322e-08
0,0,1.828580169472237e-16
0,0,3.7410777248429126e-47
0,0,1.047432465115792e-32
-1,0,2.83833374358483e-64
0,0,1.311931690497927e-34
-1,0,2.018233373405729e-49
0,0,3.6144556192992342e-06
0,0,1.7147819081190954e-24
-1,0,6.296881769273556e-58
0,0,2.5779043491939984e-40
0,0,2.2978066742015118e-30
0,0,1.7362503835917817e-32
-1,0,4.269721526179681e-37
0,1,0.964595173798503
0,0,4.998795169953076e-35
0,0,3.6144556192992342e-06
0,0,1.3772030849836838e-06
-1,0,1.5539137264392187e-37
-1,0,3.001462849661027e-63
0,0,5.94632663556351e-16
0,0,6.692931236334951e-38
-1,0,4.216927060170545e-29
0,0,3.3978176665597694e-23
0,0,2.194758400130333e-30
0,0,4.074921174571714e-34
-1,0,5.612705126401782e-48
0,0,4.493115986594924e-18
-1,0,2.5068074378756848e-58
-1,0,2.037693507977355e-39
0,0,3.056581140810014e-09
0,0,0.40099927641817706
0,0,1.3055388188344664e-16
-1,0,2.8192591840247237e-77
0,1,0.992005843600266
0,0,1.1013377794976757e-10
0,0,5.951169690075596e-19
-1,0,3.798736896742249e-58
0,0,4.227239029384288e-38
-1,0,2.1729211875326244e-31
0,1,0.9998805588889411
0,0,1.9321015342186386e-12
0,0,4.262774965717484e-31
0,0,7.829401800258732e-33
-1,0,4.78629311450749e-44
0,0,6.692931236334951e-38
0,1,0.9996116960617354
-1,0,2.5716157835131653e-31
0,0,2.065360061963469e-13
-1,0,1.024366132663733e-71
0,0,0.0005657986584487429
0,0,1.0870233950405424e-45
0,0,1.6156481465724647e-19
0,0,1.732014957021721e-23
-1,0,6.189791665810509e-78
0,0,3.056581140810014e-09
-1,0,1.5172213292215054e-70
0,1,0.9996116960617354
-1,0,1.047432465115792e-32
-1,0,7.478281598727064e-33
0,1,0.999999999998431
-1,0,3.147508295035776e-69
0,0,2.1805055445694805e-06
0,0,7.0414899358045555e-56
-1,0,2.3802321868439864e-74
0,0,2.6901672238006203e-28
0,0,2.1764621505274283e-37
-1,0,3.610696751201086e-40
-1,0,7.440129634625645e-52
0,0,8.80012654523391e-12
0,0,7.81030267911492e-24
-1,0,2.7011402725704737e-43
-1,0,1.9285145600018534e-43
-1,0,2.4318488082253254e-32
-1,0,1.2322909369566144e-48
0,0,5.19196521501907e-51
0,0,5.012169152929402e-07
0,0,3.0409873840214733e-28
-1,0,1.3791320475031354e-49
0,0,9.343859300987676e-26
-1,0,3.3832362869081116e-45
-1,0,1.643222659078504e-36
-1,0,9.281065416666805e-39
0,0,2.051480146113914e-26
0,0,2.0464757449049265e-17
0,0,3.47493173448022e-30
-1,0,8.64143682125006e-66
-1,0,1.3873330573694646e-33
0,0,1.2386099558310266e-29
-1,0,5.3479180437441315e-39
0,0,3.2053085466781307e-15
0,0,1.1646355662282207e-09
-1,0,2.7033402475107337e-46
-1,0,1.6924944245195042e-59
0,0,2.859368237810322e-08
0,0,4.0049241903433276e-08
0,0,1.727789862393625e-14
0,0,3.0409873840214733e-28
-1,0,8.82164615727456e-21
-1,0,1.2245035957677252e-70
0,0,2.158814385030491e-07
-1,0,4.034376885048665e-35
0,0,8.80012654523391e-12
0,0,3.084691286795865e-05
0,0,1.6034844699171938e-29
-1,0,8.798102927907653e-49
0,1,0.9987383846518528
0,0,1.392178416426274e-08
-1,0,1.3813794624453301e-55
-1,0,1.2386099558310266e-29
-1,0,2.0393531310258143e-42
0,1,0.9999999999973992
-1,0,7.440129634625645e-52
0,0,1.5334508795661098e-26
0,0,3.0484237394138882e-37
-1,0,5.530742458807538e-77
-1,0,8.213679626760746e-48
0,0,7.429733461370469e-09
0,0,5.138458587517624e-23
0,0,2.7311359730592563e-08
0,0,6.308593764113644e-27
0,0,5.665797289303462e-07
0,0,1.3154406156422896e-06
0,0,3.4180216238495594e-07
0,0,7.108101405034634e-15
0,0,5.545542415041853e-49
-1,0,9.846494314950593e-50
0,0,9.391764509125203e-07
-1,0,2.0264656398014218e-64
-1,0,1.7956059979051645e-70
-1,0,1.6966332085560893e-68
-1,0,5.883392629144586e-60
0,0,2.813028719945123e-31
0,0,0.013708596884227979
0,0,1.0423284636086022e-14
0,0,7.856746033200837e-08
-1,0,1.2396187560370935e-32
-1,0,2.8540598612580598e-39
0,0,2.4259165318935036e-23
0,0,9.422407683730682e-19
0,0,7.429733461370469e-09
-1,0,2.5129375228298004e-67
-1,0,1.727392551557571e-51
0,0,1.3186590962310795e-15
0,0,3.059070618017825e-12
0,0,3.578504482925151e-07
0,0,3.629211908812246e-21
0,0,5.896756042126845e-23
0,0,1.1013377794976757e-10
-1,0,1.8077547190116187e-57
-1,0,4.175694637114633e-76
-1,0,2.2605678754886697e-53
0,0,1.1684344090910294e-21
0,0,7.522751206467332e-17
0,0,3.802705266256332e-24
-1,0,1.9003523469028157e-72
0,0,8.432890079808923e-24
-1,0,1.0338187024690721e-67
-1,0,3.604822381376425e-34
-1,0,1.049139346902292e-38
0,0,1.6113363011171683e-47
0,0,1.3944471109681036e-14
0,0,5.375341433825111e-20
-1,0,5.65067959814732e-35
0,0,0.0006695437149090915
-1,0,1.647240955157606e-45
-1,0,1.6980150510984922e-71
0,0,4.4167022514309816e-38
-1,0,3.223627462611041e-36
0,0,9.712841351148744e-45
0,1,0.9999999999939615
0,1,0.9990989279903383
0,0,9.947736172329814e-12
0,1,0.9999860035146343
-1,0,5.9657225333556735e-28
0,0,2.1729211875326244e-31
-1,0,8.376218215742594e-37
0,0,1.398995558320304e-26
0,0,1.2355884783031046e-20
0,1,0.9979104483238276
-1,0,6.20635520071289e-50
-1,0,1.0385131470548051e-08
0,0,5.360995710357393e-48
0,0,1.3197330933855102e-18
0,0,1.107632123487792e-31
0,1,0.6084988841347952
-1,0,2.2978066742015118e-30
-1,0,1.5501230937363183e-28
0,0,1.3828225274154256e-21
-1,0,2.856384383326254e-42
0,0,3.5901782356432154e-19
0,0,1.8450294378666854e-49
-1,0,5.294707802804126e-40
0,0,1.6325550601629224e-12
0,0,4.504103341383476e-27
-1,0,9.397261140632914e-47
-1,0,3.0254731726378997e-47
-1,0,1.1067307338395804e-28
-1,0,1.6361709406534454e-58
-1,0,3.783304997238489e-43
-1,0,4.754127611316919e-57
0,0,4.4894594943780166e-15
0,1,0.9999999999995175
0,0,8.79296493592803e-09
0,0,6.240742232339853e-25
-1,0,1.2322909369566144e-48
-1,0,1.280953188994727e-67
0,0,4.0179877271937115e-20
0,0,0.0070351474193042236
0,0,8.843218392765145e-30
-1,0,2.2398987043933934e-57
0,0,4.719420614280612e-30
0,1,0.9989337726694628
-1,0,9.806494147825837e-35
-1,0,2.0498106541156183e-23
0,0,1.4694587223927326e-38
0,1,0.5677175264054021
-1,0,2.5278807078972538e-51
0,0,1.4646811835397324e-26
-1,0,6.545540944246758e-77
0,0,1.8300694777432462e-19
-1,0,7.100683640326638e-49
-1,0,1.5422148276668458e-47
0,0,8.39863243477405e-09
0,0,9.88088403196471e-25
0,0,7.007177675642549e-38
0,0,1.1753686901975342e-05
-1,0,2.7121580798216574e-58
0,1,0.999999999998431
0,0,5.675033411334493e-13
0,0,2.4259165318935036e-23
0,0,7.472195782437812e-30
0,0,0.0006695437149090915
0,0,1.1067307338395804e-28
0,1,0.999999999998431
0,0,2.7585823928297735e-07
0,0,6.644070211626927e-11
-1,0,1.2896198692473776e-54
0,1,0.9970757539106633
-1,0,3.592276052406121e-59
0,0,2.0636792740814346e-10
0,0,4.021260223775965e-23
0,0,0.00034140752203900887
0,1,0.999999999996922
0,0,9.321065797052941e-17
-1,0,3.555074060079715e-66
0,0,4.266246832097746e-34
0,0,1.1577510002994072e-25
0,0,1.9483056267659077e-05
0,0,3.197479261009754e-06
-1,0,5.225891055460911e-75
0,0,0.0025718657341300983
-1,0,5.601273469339417e-48
0,0,3.400585058462334e-26
0,0,0.11047258117099837
-1,0,1.2185367497833583e-52
0,0,0.013708596884227979
-1,0,2.4298697726816042e-29
0,0,3.587256553048226e-16
-1,0,6.618228237066448e-42
0,0,6.9289672219124e-42
-1,0,1.0429375180844631e-54
0,0,8.748105926152806e-28
-1,0,1.6268730679118917e-37
-1,0,7.421980107900232e-43
0,0,3.802705266256332e-24
-1,0,2.0564967849619377e-35
0,0,4.839444189231517e-09
0,0,7.59216909196184e-13
0,0,1.4745909316855616e-13
0,0,9.343859300987676e-26
0,0,1.6060974865342936e-35
0,0,1.1058300777411465e-25
0,0,6.001197707320965e-12
0,0,4.2134953301595923e-26
-1,0,8.272647534337451e-29
0,0,8.81446711257395e-18
-1,0,7.854939966322916e-45
0,1,0.9975279983946987
0,0,1.3186590962310795e-15
0,0,2.719415662538704e-30
0,0,2.1605731223391352e-10
-1,0,1.901900110853953e-75
0,0,0.0007922964240675578
0,0,3.2375209456258986e-14
0,0,1.055378054900354e-22
-1,0,4.252376309784844e-22
0,0,6.318874163235277e-33
0,0,9.88893163226103e-28
0,0,4.4967754568839694e-21
0,0,2.4259165318935036e-23
0,1,0.9995404815407174
-1,0,3.6018887813938043e-31
0,0,2.2940682915236464e-24
-1,0,1.5274865537790655e-57
0,0,5.980310963798956e-37
0,0,2.692358261614399e-31
0,1,0.9989337726694628
0,0,4.5077717604507894e-30
0,0,5.070792352583759e-12
0,0,1.0431774000828583e-17
-1,0,6.620945996292236e-36
0,0,8.910301081209826e-20
0,1,0.9975279983946987
0,0,4.021260223775965e-23
0,1,0.9999999999996556
0,0,5.62314457498721e-17
0,0,2.3114705834987635e-14
-1,0,2.5522549449923856e-41
-1,0,6.974243148591729e-66
0,0,3.8315517428773746e-14
0,0,2.307709917270032e-08
0,0,2.169385985455384e-25
0,0,4.220361585193731e-32
0,0,7.466114918778466e-27
0,1,0.9975279983946987
0,0,5.357864709919789e-08
0,0,3.9560907290023216e-46
-1,0,2.0360352355280738e-36
-1,0,2.8850901980595577e-41
-1,0,4.975300267673359e-63
-1,0,1.3862040474481952e-30
0,0,3.6144556192992342e-06
-1,0,8.676684781615533e-81
0,0,1.392991914991358e-48
0,0,3.8284336306751185e-11
0,0,1.1753686901975342e-05
0,0,4.027813215079277e-29
0,0,3.197479261009754e-06
0,0,1.3805727646999305e-15
0,0,1.3154406156422896e-06
0,0,2.5377512393629958e-20
0,0,3.1889560176923844e-34
0,0,3.6174125163797505e-09
-1,0,1.6275297523917893e-46
0,0,1.925376991682462e-37
0,0,3.210531874158143e-21
0,0,1.5425695462576092e-10
0,0,2.557002055343915e-10
-1,0,2.1565619878031178e-41
0,0,4.7436211555379044e-11
-1,0,1.9384037181046687e-24
0,0,7.113890680446516e-18
-1,0,3.023011046322738e-44
0,0,3.8151090387360626e-36
0,0,0.0017553054697640625
-1,0,4.0007449524967027e-42
0,1,0.9999999999997922
0,1,0.9999999881636844
0,0,5.9657225333556735e-28
-1,0,3.747174134533354e-53
0,0,1.8241191799569284e-07
-1,0,3.725023280500814e-69
0,0,4.0179877271937115e-20
-1,0,3.55218094521936e-63
-1,0,1.8077547190116187e-57
-1,0,1.2396187560370935e-32
0,0,6.318874163235277e-33
0,1,0.9999999999997089
0,0,1.535319295280543e-38
0,0,5.401663031802797e-38
0,0,5.670415072971314e-10
0,0,3.0434641513727923e-31
0,0,3.395052526757302e-20
0,0,2.3133531874533664e-17
-1,0,3.56605102764933e-32
0,0,3.0311004541219195e-16
0,0,1.3154406156422896e-06
0,0,2.7172026054456337e-27
0,0,5.3261927871527236e-24
-1,0,6.241825639054572e-71
-1,0,1.8405286545824947e-40
-1,0,2.4076526144996413e-33
-1,0,4.266246832097746e-34
0,1,0.9888388702745229
0,0,7.447902003290713e-18
0,0,5.68428136907265e-19
-1,0,2.0410141057734636e-45
0,0,1.9023375594944102e-38
0,0,3.155930850481156e-41
-1,0,1.5135202043196977e-61
0,0,3.4347599283583545e-25
-1,0,1.3757677789778014e-40
0,0,9.88893163226103e-28
0,0,7.854939966322916e-45
0,0,4.262774965717484e-31
0,0,4.173256115664929e-36
0,0,1.7437334332040087e-10
0,0,3.2183828294565544e-30
-1,0,9.671159706888816e-67
0,0,1.0440270279832427e-20
0,0,1.379449256294559e-12
0,0,2.0636792740814346e-10
0,0,0.0004566888923197919
-1,0,5.954647083874864e-59
0,0,2.1504181849333865e-38
0,0,2.185842465179716e-15
0,0,1.0966115035602482e-32
-1,0,6.573751512306312e-55
0,0,5.960867635757781e-25
0,0,3.197479261009754e-06
0,0,5.330530766478646e-27
0,0,1.5413139677470816e-07
-1,0,8.206995344468558e-45
-1,0,7.38709596253551e-71
-1,0,6.159629620004466e-60
0,0,1.1674835386182366e-18
-1,0,1.15418722763167e-59
0,0,5.3435659146735726e-36
0,0,7.060332567449385e-28
0,0,1.2376019765853162e-26
-1,0,2.8360239111049083e-61
0,0,8.376218215742594e-37
-1,0,3.027937304260319e-50
0,0,2.018233373405729e-49
0,0,2.158814385030491e-07
0,0,4.774617383160802e-35
0,1,0.9999999999998244
0,0,2.3988397198797105e-27
0,0,5.669111146001743e-47
0,0,5.066665722411517e-09
-1,0,2.6552023938144705e-63
0,0,5.59901343731876e-39
-1,0,1.708112299010694e-55
0,0,4.266246832097746e-34
0,1,0.9999999999999105
-1,0,3.050906563390897e-40
-1,0,5.83909852604526e-70
0,0,4.431108776786326e-50
0,0,2.712781892743208e-21
-1,0,1.049139346902292e-38
0,0,4.5308869954400554e-11
0,0,1.646251897763279e-05
0,0,1.0510906014110416e-07
0,0,2.7172026054456337e-27
0,0,2.305778791629422e-05
-1,0,1.0321367463790658e-61
0,0,7.914525794367556e-35
0,0,8.75876495592797e-40
0,0,2.6956387347954555e-43
0,0,1.1049301545955205e-22
0,1,0.999999980379826
-1,0,5.94980119946419e-56
0,0,5.281791839576413e-31
0,0,1.0528035551060884e-13
0,0,9.437762311924835e-25
-1,0,3.613637524936551e-43
0,0,3.197479261009754e-06
-1,0,7.792602726891841e-61
-1,0,1.6295241982721285e-43
-1,0,1.6192265806178983e-65
-1,0,9.303761104660064e-48
0,0,4.7436211555379044e-11
0,0,6.001197707320965e-12
0,0,7.504399568692198e-08
0,0,3.045942935955951e-34
0,0,5.069626307598437e-49
0,0,1.730605445398075e-20
0,0,2.307709917270032e-08
0,0,2.0431462613337995e-11
-1,0,4.5261587212810526e-45
0,1,0.9905529069064053
-1,0,7.861337513040107e-48
-1,0,5.883392629144586e-60
0,0,1.3197330933855102e-18
0,1,0.9999999999995923
0,0,3.4089007651205997e-35
0,0,6.721777040489068e-16
0,0,8.83602179260611e-27
0,0,1.8424479774336362e-06
-1,0,1.40241662748318e-35
0,0,1.1636864344365998e-06
-1,0,5.659887869237483e-41
-1,0,3.2288806423487756e-42
-1,0,5.873820730281803e-54
0,0,4.527199560472966e-08
0,0,9.931453215041277e-06
0,0,6.34610782177089e-11
0,0,3.0540843807441115e-06
0,0,3.197479261009754e-06
0,0,8.81446711257395e-18
0,0,0.0015531210928195823
-1,0,5.970581385081073e-31
0,0,6.716306866666559e-13
0,0,3.793428908954963e-15
0,0,6.654897299074783e-17
-1,0,9.679036494782878e-70
0,0,2.4423298109407693e-10
0,0,5.583062476939196e-36
0,0,1.5450832969768696e-16
0,0,1.0510906014110416e-07
-1,0,8.728280694878682e-65
-1,0,3.027937304260319e-50
0,1,0.9996718776349768
0,0,1.1634201948544515e-43
-1,0,7.0414899358045555e-56
0,0,3.197479261009754e-06
0,0,2.3095895115517215e-11
0,0,1.1058300777411465e-25
0,0,1.4634892278093264e-23
-1,0,2.8710315305943877e-23
0,1,0.9996718776349768
-1,0,8.233765155923364e-57
0,1,0.9564998108593744
0,0,9.88893163226103e-28
-1,0,5.352273717456705e-42
-1,0,9.846494314950593e-50
0,0,1.3272756058268319e-39
0,0,1.5425695462576092e-10
0,0,1.833051734226253e-25
0,0,8.910301081209826e-20
0,0,1.392178416426274e-08
-1,0,1.040393365860364e-45
-1,0,7.94680872338537e-50
0,0,2.5653425582224008e-22
0,0,1.0536610231398921e-16
-1,0,1.3755193584183828e-09
0,0,2.440341651039185e-07
-1,0,4.4774780146491246e-43
-1,0,1.831138825885831e-59
0,0,3.3978176665597694e-23
0,0,8.355785185159647e-28
0,1,0.6852339549891829
0,0,2.17115286696547e-28
0,0,1.9711307625916238e-10
-1,0,2.262409021143833e-56
0,0,1.801877304236259e-45
0,0,2.034378312578855e-33
0,0,7.066082936978882e-31
0,0,3.0311004541219195e-16
0,0,1.0448773478729135e-23
0,0,7.031650838331468e-13
0,0,2.1805055445694805e-06
0,0,0.01160793322096587
0,0,4.014717893765146e-17
-1,1,0.9999999999996556
-1,0,2.0632047248205207e-47
-1,0,5.044922681181822e-31
-1,0,1.351269749872716e-57
-1,0,5.646081082099326e-32
-1,0,3.023011046322738e-44
0,0,1.1693860540113193e-24
0,0,1.2355884783031046e-20
-1,0,3.531182763979271e-79
-1,0,1.5312218316466704e-66
0,0,1.179216401449781e-17
-1,0,2.829105685980314e-52
-1,0,6.3034598383334515e-24
0,0,9.939640618274006e-09
0,0,7.066082936978882e-31
0,0,6.644070211626927e-11
0,0,1.7433324563964899e-47
0,0,2.1658565349229757e-19
0,0,7.510512176782339e-11
0,0,2.468883675260867e-12
0,0,7.441840909878595e-15
0,0,7.119684671000674e-21
-1,0,1.819251298385844e-35
0,0,1.6242262507690925e-31
0,0,5.65067959814732e-35
0,0,1.3154406156422896e-06
-1,0,1.8941738765359204e-60
-1,0,6.339485247177279e-45
-1,0,1.468262878707134e-35
-1,0,3.006353992948691e-69
0,0,1.0975046514843053e-35
-1,0,3.006353992948691e-69
0,0,3.8669082503076785e-10
0,0,0.0067217673615464395
0,0,7.882374010762086e-20
0,1,0.9999999881636844
0,0,5.679655507945155e-16
0,0,1.165584118493112e-12
-1,0,8.298132843077709e-10
-1,0,3.779543548826767e-09
0,0,3.825317909951081e-08
-1,0,8.340272550072564e-59
0,0,1.845453805901652e-12
0,0,2.336601699943272e-16
0,0,0.00038591271812399324
-1,0,5.053143818988408e-37
-1,0,1.5372007424485675e-35
-1,0,2.5842082927780015e-49
-1,0,1.5324689529797642e-69
0,0,2.8176127935220724e-37
0,0,5.012169152929402e-07
0,0,3.38401433740014e-08
-1,0,2.2823646387594455e-43
-1,0,1.2133075265843426e-74
0,1,0.9999999999978024
0,0,1.4634892278093264e-23
0,0,8.678680472103954e-44
0,0,8.362590651058703e-31
-1,0,8.340272550072564e-59
0,0,1.7249788304049932e-08
0,0,9.391764509125203e-07
0,0,5.091475844436597e-27
0,1,0.9985072449447328
0,1,0.9999999999995923
0,0,9.313480325268148e-14
0,0,5.975444194154464e-34
-1,0,1.9348050437893753e-55
0,0,3.4235927558749635e-13
0,0,1.244961377612367e-10
0,0,5.020339432305583e-13
0,0,5.313200019138955e-15
0,0,2.5595288986778373e-59
-1,0,1.360412178306336e-44
0,0,1.843951974486688e-09
0,0,7.345117293630633e-50
0,0,1.3097972625839851e-28
-1,0,2.6552023938144705e-63
0,1,0.9999999999899907
0,0,0.0014835725928047804
0,0,7.339139846287696e-47
0,0,2.569523005778337e-28
0,0,5.894335547662095e-29
-1,0,2.309058414068372e-48
0,0,0.03126115450603585
0,0,1.1151261471057564e-18
-1,0,2.8100931420780112e-65
0,1,0.5677175264054021
0,1,0.9998805588889411
0,0,4.7552210897010193e-20
0,0,1.116034374495416e-21
0,0,0.3612910141494263
0,0,2.446309799184008e-16
0,1,0.9999999999995175
0,0,8.426027404322007e-21
0,0,2.8710315305943877e-23
-1,0,2.4002414124547614e-67
0,0,1.47940079443788e-25
0,0,6.3034598383334515e-24
0,1,0.9426474162673402
0,0,6.738214307938695e-25
-1,0,4.673274891442517e-77
0,0,6.3034598383334515e-24
-1,0,2.5716157835131653e-31
0,0,3.06156211347767e-15
0,0,8.81446711257395e-18
-1,0,4.1655084058073653e-67
0,1,0.9999999999990534
0,0,2.7149913493356813e-24
-1,0,7.011618450004525e-10
-1,0,8.333485246616645e-56
0,0,1.3087313511963103e-25
-1,0,2.875710124767539e-29
0,0,2.17115286696547e-28
0,0,7.948636537916718e-13
0,1,0.7830138077938198
0,0,0.019095830652572244
-1,0,4.782398035107717e-41
0,0,1.5463417079407433e-19
-1,0,8.292877262163781e-38
0,0,3.22100407858044e-33
0,0,3.997489151216798e-39
-1,0,2.0598480243240765e-41
0,0,1.1040309638062498e-19
0,0,8.355785185159647e-28
0,0,1.599205086909919e-57
-1,0,7.721352205822963e-65
0,0,1.3772030849836838e-06
-1,0,3.2288806423487756e-42
0,0,1.727789862393625e-14
0,0,9.407078036513552e-13
-1,0,5.636895273757779e-26
0,0,1.8270920731981182e-13
0,0,1.232574371382551e-11
-1,0,1.1019813144810706e-50
0,0,5.879956846509769e-20
0,0,1.1586939439938105e-28
-1,0,2.878052280143287e-32
0,0,1.0562376197651846e-25
0,0,1.306602130027202e-19
0,0,4.259305924737836e-28
0,0,2.440341651039185e-07
0,0,0.005950932719763848
0,0,2.2828843849918488e-06
0,0,3.623307416025082e-15
0,1,0.9949359965058693
0,0,4.998795169953076e-35
-1,0,4.782398035107717e-41
-1,0,9.728669266121666e-51
0,0,4.5077717604507894e-30
0,0,1.4658741100722708e-29
0,0,3.197479261009754e-06
-1,0,1.8266719274996128e-50
0,0,4.747484652884506e-14
-1,0,1.100188462234794e-44
0,0,5.675033411334493e-13
0,0,0.013708596884227979
-1,0,3.406126605906271e-32
0,1,0.9998805588889411
0,0,3.403354704299318e-29
0,0,2.7216305220817225e-33
-1,0,1.939982473435238e-27
0,1,0.996541059690448
0,0,3.560249293526242e-26
0,0,3.623307416025082e-15
0,0,8.828831049031173e-24
-1,0,2.7033402475107337e-46
0,0,3.197479261009754e-06
0,0,1.5488616054853637e-25
0,0,6.29833009053569e-21
-1,0,8.776640747533828e-40
-1,0,5.049031576816325e-34
-1,1,0.9999999999998517
-1,0,7.030033887609685e-50
-1,0,7.071837989963259e-34
0,1,0.9999999999988798
-1,0,1.085889015644839e-79
-1,0,1.5459861216914146e-56
0,0,4.909782597166367e-52
0,0,3.769456708637804e-37
0,0,1.7217764121562713e-39
0,0,3.197479261009754e-06
-1,0,8.857629181919924e-36
0,0,6.035495633655437e-33
0,1,0.8102720095590964
0,0,8.910301081209826e-20
0,1,0.9998805588889411
0,0,2.4443189953031675e-13
0,1,0.992005843600266
0,0,1.7437334332040087e-10
-1,0,1.0287810390480268e-49
-1,0,9.913113781274879e-37
-1,0,1.1010845234542196e-47
-1,0,6.904851442272413e-67
-1,0,5.307655350409181e-49
-1,0,3.0304034428233282e-53
-1,0,3.997489151216798e-39
-1,0,7.007177675642549e-38
-1,0,1.2757494748605525e-52
0,0,3.197479261009754e-06
0,0,1.1674835386182366e-18
-1,0,4.790191366299667e-47
0,0,3.3922896372222005e-17
0,0,7.04310952149228e-19
0,0,4.259305924737836e-28
0,0,1.4575439623161063e-08
-1,0,1.3052386059839594e-53
0,0,1.833051734226253e-25
0,0,2.191187670322138e-24
-1,0,2.7238471855427163e-36
0,1,0.9998805588889411
0,0,7.001475243141662e-35
0,0,8.807293910170932e-15
0,0,1.107632123487792e-31
0,0,0.3233919406397353
0,0,0.28767782301502726
-1,0,1.0312967947751317e-58
0,0,3.3345974871170924e-37
0,0,0.004255991032256202
-1,0,7.848547625921419e-42
-1,0,5.01918498910826e-50
0,1,0.9999999834216713
0,0,4.216927060170545e-29
0,0,5.931817588182763e-07
-1,0,1.925376991682462e-37
0,0,4.2100663928862665e-23
0,0,8.355785185159647e-28
0,0,1.5488616054853637e-25
0,0,7.901649373359156e-29
0,0,1.6476198034905432e-08
0,0,2.794124218674128e-44
0,0,1.7291970808332152e-17
0,0,2.7061643054248107e-12
0,0,2.072096912312159e-25
0,0,6.676604432863693e-29
0,0,1.5413139677470816e-07
-1,0,1.3907256073407678e-42
0,0,1.472191650983598e-07
-1,0,5.320634559627081e-58
0,0,2.5176115047114914e-36
0,0,1.0365851432615691e-39
0,0,3.8284336306751185e-11
0,1,0.9583694221824939
-1,0,4.241027558199196e-50
0,0,7.472195782437812e-30
0,0,2.589014835968662e-18
0,0,3.4116771837809905e-38
0,0,6.351276483097178e-14
-1,0,3.8151090387360626e-36
0,0,4.4967754568839694e-21
0,0,1.6516488794508114e-17
0,0,0.00047812109245648303
0,0,2.3152373247164508e-20
0,0,2.174690948328966e-34
0,0,2.200125408079679e-39
-1,0,4.654290289339702e-62
-1,0,2.0564967849619377e-35
-1,0,1.9003523469028157e-72
0,0,9.88893163226103e-28
0,0,4.7552210897010193e-20
-1,0,5.6552818595099e-38
0,0,5.641486308317911e-29
0,0,7.948636537916718e-13
0,0,3.1662249557274037e-53
-1,0,1.4491794695142775e-70
0,1,0.9999999999998745
-1,0,4.5187949541065195e-39
-1,0,5.316304633822056e-55
0,1,0.9328310141832994
-1,0,1.107632123487792e-31
-1,0,2.816964874397632e-74
-1,0,2.4562881665119473e-31
0,0,3.5082587608284036e-55
0,0,0.00010501250477294228
-1,0,4.2731990502664046e-40
0,0,2.712781892743208e-21
0,0,1.468262878707134e-35
-1,0,2.0531509978492802e-29
0,0,7.466114918778466e-27
0,0,7.478281598727064e-33
-1,0,3.812004307732571e-33
-1,0,3.5168377700973105e-64
0,0,6.563056444240794e-49
0,0,6.557715437047143e-46
0,0,3.3454743722937816e-49
-1,0,2.573710265735046e-34
0,0,3.033569168948816e-19
0,0,9.321065797052941e-17
0,0,9.351469515279853e-29
0,1,0.9999998942394027
0,0,2.273092814283679e-28
0,0,6.293204517320368e-18
-1,0,2.2860839493229377e-49
0,0,7.0545868775634765e-25
-1,0,1.6418854065167402e-33
0,0,4.527199560472966e-08
0,0,1.112405895979798e-09
-1,0,4.010528275327284e-51
0,0,0.009389440805952186
-1,0,1.8375342336341796e-34
0,0,1.1085342472832452e-34
0,0,2.5470566488750235e-41
-1,0,3.027937304260319e-50
-1,0,4.172296461998271e-73
0,0,4.523310923202193e-05
0,0,7.466114918778466e-27
0,0,5.0790556472829244e-18
0,0,3.0385126322603096e-25
0,0,1.4670680081976434e-32
0,0,1.2355884783031046e-20
0,0,1.1646355662282207e-09
0,0,3.0261690490284914e-10
0,0,3.087298787621926e-08
-1,0,8.355785185159647e-28
0,0,1.3076663072460286e-22
0,0,4.7436211555379044e-11
-1,0,1.6070359631248944e-75
0,0,4.295111428782668e-21
0,0,7.167854559598812e-08
0,0,3.6018887813938043e-31
0,0,1.6325550601629224e-12
0,0,5.627724410131669e-20
0,0,1.936826247563229e-21
0,0,3.7289146447167635e-35
0,0,5.996313904150707e-09
0,0,4.284633890939898e-12
0,0,4.068291541668423e-28
0,0,1.2365948176318657e-23
-1,0,7.024312854751849e-47
-1,0,3.027937304260319e-50
-1,0,1.3735294938812369e-34
0,1,0.9999999999963571
0,0,2.3152373247164508e-20
-1,0,4.742530344820908e-48
-1,0,1.0279438183145273e-46
0,0,2.84824686505848e-39
0,0,2.2828843849918488e-06
0,0,2.5470566488750235e-41
-1,0,5.526241547454931e-74
0,1,0.9998805588889411
0,1,0.9998327148965551
0,0,6.638662835252471e-08
0,0,9.697039187169192e-39
0,0,3.033569168948816e-19
0,0,2.3885453497540598e-49
-1,0,3.223627462611041e-36
0,0,1.1722456417670114e-33
-1,0,1.7231787328716886e-42
-1,0,6.387575172682677e-35
0,0,1.9384037181046687e-24
0,0,3.01809280308785e-38
-1,0,1.0287810390480268e-49
0,0,4.545665972055684e-23
0,0,5.330530766478646e-27
-1,1,0.999999999998431
0,0,1.939982473435238e-27
-1,0,7.508785110914479e-48
0,1,0.8102720095590964
-1,0,1.6126486726066413e-50
0,0,2.2959367219801966e-27
0,1,0.6852339549891829
0,0,6.3034598383334515e-24
0,0,1.716178532079852e-27
-1,0,4.0508328934053866e-50
-1,0,3.939113578808708e-68
0,0,7.585990588422996e-10
0,0,6.654897299074783e-17
0,0,5.975444194154464e-34
-1,0,2.0281161181827678e-67
0,0,1.113311909066677e-12
-1,0,9.303761104660064e-48
0,0,3.5989575687712366e-28
0,1,0.9998805588889411
0,0,3.197479261009754e-06
0,0,7.045952460381791e-28
-1,0,4.774617383160802e-35
0,0,5.65067959814732e-35
0,1,0.9987383846518528
0,0,1.446570620477389e-18
-1,0,7.083362161558441e-40
-1,0,1.3063016726649027e-56
0,1,0.8102720095590964
-1,1,0.999999999999754
0,0,1.1674835386182366e-18
0,0,3.0385126322603096e-25
-1,0,5.659887869237483e-41
0,1,0.9996718776349768
-1,0,3.045942935955951e-34
0,0,1.732014957021721e-23
0,0,3.825317909951081e-08
-1,1,0.9999999999963571
0,0,5.07492231809709e-15
0,0,0.01618318896968751
0,0,1.3076663072460286e-22
0,1,0.9996116960617354
0,0,1.0562376197651846e-25
0,0,9.343859300987676e-26
0,0,1.3108640421154913e-31
0,0,5.0790556472829244e-18
0,0,1.7067222393404644e-52
0,0,1.5488616054853637e-25
0,0,2.4239423240289203e-20
0,0,1.472191650983598e-07
0,0,4.07824004125873e-37
0,0,1.7334256166384623e-26
0,1,0.9998020269621882
0,0,5.002866496502554e-38
-1,0,9.37433736771586e-38
0,0,7.025928484669714e-10
0,0,3.8315517428773746e-14
-1,0,5.299020138820234e-43
0,0,1.7465749979403985e-16
0,0,1.3044763729629003e-13
-1,0,1.021867283663162e-62
0,0,4.466555609949195e-34
0,0,1.3862040474481952e-30
0,0,8.342190863693612e-22
0,0,3.369492307318045e-30
-1,0,2.284223537040588e-46
0,0,5.330530766478646e-27
0,0,1.2541169234115981e-37
-1,0,2.8192591840247237e-77
0,0,8.83602179260611e-27
0,0,1.2335782558522282e-14
0,0,4.943001231731042e-39
-1,0,1.7970684499806632e-73
0,0,2.169385985455384e-25
0,0,2.8199076308543096e-40
0,0,5.65067959814732e-35
0,0,3.200093706973188e-09
-1,0,1.8077547190116187e-57
-1,0,4.73481455502469e-42
0,0,8.903049889241954e-17
-1,0,2.1782347953020104e-40
0,0,2.8222043372433572e-43
-1,0,1.7926846632105335e-64
0,0,5.646081082099326e-32
0,0,5.049031576816325e-34
0,0,9.170006399017973e-40
-1,0,4.7087253156699075e-67
0,0,0.00010501250477294228
0,0,1.054519189548344e-19
0,1,0.9998805588889411
0,0,1.3828225274154256e-21
0,0,2.7311359730592563e-08
-1,0,7.319553133141664e-75
0,0,3.0131825615162536e-32
-1,0,3.604822381376425e-34
0,1,0.9994562134587763
0,1,0.9984372666531405
0,0,4.5077717604507894e-30
0,0,1.4658741100722708e-29
-1,0,4.5187949541065195e-39
-1,0,3.4172368068023845e-44
-1,0,7.071837989963259e-34
0,0,2.1840636292880744e-12
0,0,7.0545868775634765e-25
-1,0,5.044922681181822e-31
0,0,1.1763397953153622e-08
0,0,0.44205127039933484
0,0,1.3816971881578378e-18
0,0,2.7017542518333507e-06
-1,0,2.8850901980595577e-41
0,0,7.108101405034634e-15
0,1,0.9998805588889411
0,0,1.1732003907898239e-36
0,0,1.716178532079852e-27
0,0,7.497730858500664e-05
0,0,3.2157637135019546e-27
-1,0,2.7033402475107337e-46
0,0,5.996313904150707e-09
0,0,0.003042324308450278
-1,0,6.916103494846711e-73
0,0,7.403874855311932e-34
0,0,8.220369353143967e-51
0,0,1.116034374495416e-21
0,0,4.051764609707699e-13
-1,0,4.9591244541089305e-51
0,0,6.2458250770403615e-28
-1,0,4.241027558199196e-50
0,0,7.102316840877509e-12
0,0,1.6583858672278324e-32
-1,0,6.642542386753347e-48
-1,0,2.0063028915938716e-65
0,0,5.040817129361416e-28
-1,0,7.047224958734749e-59
-1,0,5.970581385081073e-31
0,0,5.679655507945155e-16
-1,0,3.3454743722937816e-49
-1,0,7.018596477663257e-44
0,0,6.687484537196587e-35
0,0,3.197479261009754e-06
0,0,1.3087313511963103e-25
-1,0,2.1268003720242438e-73
0,0,3.587256553048226e-16
0,0,0.3612910141494263
-1,0,4.937842889439795e-73
-1,0,2.6984547400113894e-09
-1,0,4.2375762152328115e-47
0,0,1.5568015316848554e-06
0,0,2.0754735734309385e-31
0,0,9.343859300987676e-26
0,0,1.2439480750016553e-07
-1,0,3.795645489367497e-55
0,0,6.552378776358428e-43
-1,0,1.5384527333747245e-38
0,0,1.2967651578743072e-29
0,1,0.9997227345096905
-1,0,4.484774452297555e-49
-1,0,3.22100407858044e-33
0,0,1.4436243229475422e-18
-1,0,4.473026400434881e-09
0,0,7.403874855311932e-34
0,1,0.8102720095590964
-1,0,4.017063777992501e-57
0,0,3.5377506488192595e-48
0,0,2.065360061963469e-13
-1,0,2.5626654569252016e-56
-1,0,1.9447264586301288e-36
0,0,4.0049241903433276e-08
-1,0,6.318874163235277e-33
0,0,8.355785185159647e-28
0,0,5.960867635757781e-25
0,0,3.596028741565813e-25
0,0,5.665797289303462e-07
-1,0,5.2698220777048765e-68
0,0,2.5653425582224008e-22
0,0,3.3978176665597694e-23
0,1,0.99999999843227
0,0,5.6185684669065964e-14
0,0,3.8315517428773746e-14
0,1,0.9974122333506357
-1,0,2.3982880989705128e-64
0,0,1.833051734226253e-25
-1,0,3.5197020992999586e-67
0,0,3.400585058462334e-26
0,0,5.334872278921898e-30
-1,0,1.0983985268430206e-38
0,0,7.961589528579774e-19
-1,0,1.3907256073407678e-42
0,0,0.28767782301502726
0,0,1.1114993872456326e-06
0,0,1.4745909316855616e-13
-1,0,9.389613661172825e-44
-1,0,5.5127607784921155e-65
0,0,9.359085927799089e-32
0,0,7.037377847699805e-16
0,1,0.9999984335483707
0,0,1.817024637216125e-38
-1,0,1.7245821957234342e-45
0,0,1.3165137215303971e-09
0,0,7.955110396896792e-16
0,0,1.3673881853302751e-25
0,0,1.383948783218569e-24
-1,0,1.040393365860364e-45
-1,0,4.007264512391281e-48
0,0,7.391829230317148e-28
0,0,0.019095830652572244
0,0,4.5077717604507894e-30
0,0,6.547046458637749e-40
0,0,6.71084113997029e-10
0,0,3.0665511937131826e-21
-1,0,3.3256981057447197e-65
0,0,7.863145668059127e-11
0,1,0.9844369487419706
0,0,7.516629200866054e-14
0,0,1.7437334332040087e-10
-1,0,2.163596323193901e-53
0,1,0.7830138077938198
-1,0,3.4089007651205997e-35
0,0,2.7172026054456337e-27
0,1,0.9999999999105633
0,0,2.569523005778337e-28
0,1,0.9998805588889411
0,0,1.4745909316855616e-13
-1,0,4.269721526179681e-37
0,0,2.8686950886959757e-20
0,0,8.20031650183689e-42
-1,0,7.066082936978882e-31
-1,0,9.138090841254077e-65
0,0,4.0649807710580628e-25
0,0,4.7707318054567175e-32
-1,0,4.2375762152328115e-47
-1,0,2.8360239111049083e-61
0,0,7.510512176782339e-11
0,0,1.2376019765853162e-26
-1,0,3.01809280308785e-38
0,0,5.040817129361416e-28
0,1,0.9999999990542314
-1,0,1.801877304236259e-45
-1,0,1.9348050437893753e-55
-1,0,9.68691969801768e-73
0,0,3.2375209456258986e-14
0,0,1.306602130027202e-19
-1,0,1.5237603877857772e-48
0,0,5.665797289303462e-07
-1,0,8.185092496591332e-73
0,0,8.308294840778003e-07
-1,0,2.1164367517758826e-55
0,0,2.2922013815935168e-21
0,0,2.2568900779251604e-47
-1,0,2.8897917020471113e-47
0,0,2.589014835968662e-18
0,0,2.6038115222902434e-39
0,0,1.057958850312693e-31
0,0,9.258425092762211e-30
0,0,1.165584118493112e-12
0,0,2.0531509978492802e-29
0,0,4.759094034523305e-23
-1,0,1.1634201948544515e-43
0,0,1.0185449646514786e-50
0,0,2.3034256738534866e-39
0,0,8.41231880331339e-15
0,0,5.6185684669065964e-14
0,0,5.960867635757781e-25
0,0,1.7437334332040087e-10
-1,0,3.5776828745848716e-44
-1,0,1.3907256073407678e-42
0,0,2.7017542518333507e-06
-1,0,1.4694587223927326e-38
-1,0,9.19991738739246e-52
-1,0,3.580596759786742e-47
-1,0,1.8405286545824947e-40
-1,0,2.983720155278554e-79
-1,0,6.94591114711098e-51
-1,0,3.209793602027417e-58
0,0,1.4575439623161063e-08
0,1,0.9868179853383323
-1,0,9.671159706888816e-67
0,0,5.044922681181822e-31
-1,0,8.676684781615533e-81
0,0,7.096536933931475e-09
-1,0,7.3690758066805865e-62
0,0,5.070792352583759e-12
0,0,2.8222043372433572e-43
-1,0,9.937355064718066e-46
0,0,1.9222445279835717e-31
0,0,5.375341433825111e-20
0,1,0.8762257613637073
0,1,0.9998020269621882
-1,0,3.1967542119246752e-43
0,0,5.3261927871527236e-24
-1,0,1.6418854065167402e-33
0,1,0.929898377361482
0,0,7.541147156346835e-26
-1,0,3.7310935280857716e-75
0,0,1.7479975161508892e-19
-1,0,2.573710265735046e-34
-1,0,2.510892497390715e-64
-1,0,9.822474678130136e-41
0,0,1.5501230937363183e-28
0,0,9.343859300987676e-26
-1,0,6.286637150352865e-52
-1,0,2.582105267274661e-46
0,0,2.4298697726816042e-29
0,0,4.791293137272075e-10
0,0,7.060332567449385e-28
0,0,8.391727286917918e-06
0,0,9.88088403196471e-25
0,1,0.5259972233890517
-1,0,1.9003523469028157e-72
0,0,6.682042270575227e-32
-1,0,3.783304997238489e-43
0,0,1.7291970808332152e-17
0,0,9.947736172329814e-12
0,0,0.05077542812781682
-1,0,2.880396343114492e-35
0,0,2.051480146113914e-26
0,0,2.0878153787597932e-15
-1,0,6.2114100384977225e-53
0,0,1.4769939051352934e-19
0,0,3.0385126322603096e-25
-1,0,8.857629181919924e-36
0,0,8.328618659308255e-16
0,0,3.2295190033169595e-05
0,0,1.0983985268430206e-38
0,0,1.1636864344365998e-06
0,0,2.5481025914532915e-35
0,0,5.670415072971314e-10
-1,0,7.484372371679685e-36
0,0,4.7629701337101997e-26
0,0,8.83602179260611e-27
0,0,1.9531080177075905e-14
0,0,4.248915731218496e-19
-1,0,5.617276459016502e-51
-1,0,1.2342990616100046e-54
0,0,8.335401999116093e-19
0,0,4.670545793159904e-37
0,0,4.5308869954400554e-11
0,0,3.197479261009754e-06
0,0,1.2459753509623552e-13
0,0,1.5372007424485675e-35
0,0,2.1800088838276336e-43
-1,0,9.945448658500235e-49
0,0,4.759094034523305e-23
0,0,3.1889560176923844e-34
-1,0,4.0508328934053866e-50
0,0,2.569523005778337e-28
0,0,3.6077583706634862e-37
0,0,1.3828225274154256e-21
-1,0,1.4312605828198616e-62
0,0,0.0070351474193042236
0,1,0.9999999999978024
-1,0,7.307644694129089e-69
-1,0,1.1454977365031343e-69
0,1,0.999999999999754
0,0,1.3044763729629003e-13
0,0,6.3034598383334515e-24
-1,0,7.78626111645825e-58
0,0,1.5631540757046255e-21
-1,0,1.6281980935008012e-40
-1,0,8.620356813745442e-57
0,0,0.06969986277065736
-1,0,1.021867283663162e-62
0,0,2.589014835968662e-18
-1,0,7.024312854751849e-47
0,0,2.0636792740814346e-10
0,0,5.936652343622828e-10
0,0,5.954647083874864e-59
0,0,1.2345829579320586e-17
-1,0,1.8450294378666854e-49
0,0,8.342190863693612e-22
0,0,4.2731990502664046e-40
0,0,0.48391075049997395
0,0,1.1722456417670114e-33
0,1,0.8348283043581547
0,0,2.2996781494270453e-33
0,0,1.113311909066677e-12
-1,1,0.999999999999936
0,0,2.0619994296892084e-07
-1,0,1.1681657238405313e-58
0,0,3.197479261009754e-06
-1,0,9.311338660512408e-51
0,0,4.681967030412411e-46
0,1,0.9970757539106633
0,0,7.066082936978882e-31
0,0,0.0012538529220670232
0,0,1.4524711049629157e-33
0,0,2.0498106541156183e-23
0,0,1.2222992138442212e-18
0,0,1.923810122274827e-34
-1,0,2.6616953601264094e-72
-1,0,3.5225687613887595e-70
0,0,3.0107304372852206e-29
0,1,0.8102720095590964
0,0,8.235658972192901e-20
0,0,4.493115986594924e-18
0,0,1.7259868016417335e-48
0,0,0.06969986277065736
0,0,3.028633748331064e-13
0,0,3.5901782356432154e-19
0,1,0.9998805588889411
0,0,9.19991738739246e-52
-1,0,5.626430296802586e-57
0,0,2.151301248897345e-32
-1,0,1.6113363011171683e-47
0,0,4.68578031261868e-49
-1,0,2.6967456922436135e-37
-1,0,5.9657225333556735e-28
0,0,6.62633850234628e-39
0,0,1.742314081836831e-07
0,0,3.834672394515762e-17
0,0,2.4622947128883933e-40
0,0,1.5593409019987206e-12
-1,0,1.5551793294485353e-40
-1,0,1.4646811835397324e-26
0,0,1.113311909066677e-12
0,0,1.1605821359823148e-34
0,0,3.3978176665597694e-23
0,0,0.0009375332382088195
0,0,3.3264630366192018e-28
-1,0,8.383040323559765e-40
0,0,6.29833009053569e-21
0,0,3.087298787621926e-08
0,0,3.050906563390897e-40
0,1,0.998233833172175
-1,1,0.9999999999997922
0,0,1.7362503835917817e-32
0,0,1.0448773478729135e-23
0,0,5.020339432305583e-13
0,0,1.3757677789778014e-40
0,0,3.0261690490284914e-10
0,0,4.262774965717484e-31
0,0,9.89698578701871e-31
0,0,5.062516872574578e-06
0,0,2.3152373247164508e-20
0,0,1.1022347769131205e-13
0,0,1.2864739576259093e-45
0,0,3.197479261009754e-06
0,1,0.9932368483549658
0,1,0.9999999999978024
0,0,0.009389440805952186
0,0,2.051480146113914e-26
0,0,0.00010501250477294228
0,0,2.5418867244786292e-26
0,0,5.5410294595030625e-46
0,0,3.774075965147622e-34
-1,0,1.3162109866985436e-46
-1,0,1.2906702150674437e-57
-1,0,1.5274865537790655e-57
-1,0,2.83833374358483e-64
-1,0,1.794144735971249e-67
0,1,0.9993565019537483
-1,0,9.870572688797576e-59
0,0,7.020205869383544e-07
0,0,5.6552818595099e-38
0,0,6.671171020457649e-26
0,0,3.2131467289806698e-24
0,0,2.864027907532213e-14
-1,0,2.3015511488972238e-36
0,0,5.049031576816325e-34
0,0,4.252376309784844e-22
0,0,4.7552210897010193e-20
0,0,1.3712948503295975e-28
0,0,3.796518511010118e-18
0,0,5.360995710357393e-48
-1,0,4.790191366299667e-47
0,0,5.65067959814732e-35
-1,0,4.0040034055016206e-45
0,0,1.3816971881578378e-18
-1,0,8.714080347336863e-59
-1,0,1.1551272687702332e-62
-1,0,2.5088491361907948e-61
0,0,5.334872278921898e-30
-1,0,7.28388590736091e-57
-1,0,6.281521092837716e-49
-1,0,3.5776828745848716e-44
-1,0,6.5348917729486765e-71
0,0,1.9289544092558867e-06
-1,0,5.049031576816325e-34
0,1,0.9998805588889411
0,0,1.94993039940267e-08
-1,0,8.676684781615533e-81
-1,0,3.2262529832870655e-39
0,0,1.4622982420909946e-20
-1,0,2.851737230883082e-36
0,0,1.2315712887354796e-08
-1,0,2.7216305220817225e-33
0,0,9.20741036652807e-55
-1,0,3.1372750418382155e-57
-1,0,2.8337159583637932e-58
0,0,4.7232644009916385e-33
-1,0,4.040951251085969e-41
0,0,1.7433324563964899e-47
-1,0,1.1722456417670114e-33
0,0,6.620945996292236e-36
-1,0,1.453654086855718e-36
-1,0,8.64143682125006e-66
-1,0,7.496568803726682e-42
0,0,0.16432136011197176
0,0,1.4524711049629157e-33
-1,0,6.584464008910085e-61
0,1,0.7203891326024138
-1,0,4.9298093387798036e-67
-1,0,1.1770271692808314e-48
0,0,1.6312264862217223e-09
0,1,0.9987383846518528
0,0,3.0261690490284914e-10
0,1,0.9999999999999105
0,0,8.881330911419466e-08
-1,0,1.734837425183222e-29
0,0,8.807293910170932e-15
0,0,1.547601143831972e-22
-1,0,2.037693507977355e-39
0,0,5.960867635757781e-25
0,0,0.002173999232644471
0,0,2.419998726815956e-14
0,1,0.9996718776349768
0,1,0.9905529069064053
-1,0,3.1837677927338556e-28
0,0,1.4769939051352934e-19
0,0,1.9054375830665428e-44
0,0,9.235839997890438e-21
-1,0,1.459583464423205e-51
-1,0,3.5435157194550837e-54
0,1,0.5677175264054021
0,1,0.9999999956923156
0,0,3.0665511937131826e-21
0,1,0.6084988841347952
0,0,1.0440270279832427e-20
0,0,3.9496544255398e-40
0,0,1.0431774000828583e-17
0,0,1.2469901499998406e-16
-1,0,1.655687780800974e-26
0,0,1.8270920731981182e-13
-1,0,3.1688037242676973e-56
0,0,7.908084963093105e-32
0,0,2.4298697726816042e-29
-1,0,2.5501779230839485e-38
0,0,2.151301248897345e-32
-1,0,1.939982473435238e-27
-1,0,1.1662651938456128e-52
-1,0,6.164646401599594e-63
0,0,0.005950932719763848
0,1,0.9998805588889411
-1,0,5.975444194154464e-34
0,0,2.3015511488972238e-36
0,1,0.9844369487419706
0,0,1.4483331779321608e-30
0,0,3.223627462611041e-36
0,0,3.197479261009754e-06
0,0,6.293204517320368e-18
0,0,2.380779654783076e-37
-1,0,1.7390797537471444e-38
0,0,9.89698578701871e-31
-1,0,3.812004307732571e-33
0,0,2.5549205181341855e-07
0,0,2.7238471855427163e-36
0,1,0.9999999939665167
0,1,0.9862075999373902
0,0,8.34898525754024e-25
0,0,2.5590846358995484e-13
0,0,2.712781892743208e-21
0,0,1.2165542693907305e-46
0,1,0.9685511617238017
-1,0,3.783304997238489e-43
-1,0,6.647952482237321e-51
0,1,0.9998805588889411
-1,0,3.812004307732571e-33
0,0,7.460039003718371e-24
-1,0,2.3841109810408467e-80
-1,0,4.673274891442517e-77
0,0,7.460039003718371e-24
0,0,7.04310952149228e-19
0,1,0.9999999999999545
-1,0,1.4254462634610274e-47
0,0,8.475414395904624e-05
0,0,9.832726107210103e-07
0,0,4.3204656401640495e-05
-1,0,1.1672150720234374e-55
0,0,2.719415662538704e-30
-1,0,1.4560229419059314e-42
0,0,2.4170367846145603e-17
-1,0,2.2568900779251604e-47
-1,0,3.718962908815633e-63
-1,0,4.746392953519159e-51
-1,0,8.843218392765145e-30
0,0,2.5758064538322005e-37
0,0,1.3910261329174636e-05
-1,0,3.7159364214134653e-60
0,0,4.255839706859435e-25
0,1,0.996541059690448
0,0,4.245457968866722e-16
-1,0,3.802705266256332e-24
-1,0,1.8450294378666854e-49
0,0,1.2106261594348872e-28
0,0,1.534699816373066e-29
-1,0,5.015100382589812e-47
0,0,3.2454378993327606e-23
0,1,0.999999999999936
-1,0,2.6552023938144705e-63
0,0,4.7117424225198145e-24
0,0,9.351469515279853e-29
-1,0,3.786386353756625e-46
0,0,2.875710124767539e-29
-1,0,1.0378554198667032e-36
0,0,2.5653425582224008e-22
0,0,6.001197707320965e-12
0,0,4.2255038365768315e-44
0,0,1.2376019765853162e-26
-1,0,1.2978213232573847e-32
0,0,1.5488616054853637e-25
0,0,5.481433398877013e-44
0,0,1.2396187560370935e-32
0,1,0.9998805588889411
0,0,1.3816971881578378e-18
0,0,8.39863243477405e-09
0,0,3.6174125163797505e-09
0,0,0.0025718657341300983
0,0,6.71084113997029e-10
0,0,1.939982473435238e-27
0,0,3.389528996123036e-14
-1,0,1.2322909369566144e-48
0,0,3.6077583706634862e-37
0,0,6.308593764113644e-27
0,0,4.75135129667646e-17
-1,0,1.100188462234794e-44
0,0,4.252376309784844e-22
0,0,0.003042324308450278
0,0,7.048845863512871e-22
0,0,1.939982473435238e-27
-1,0,6.5348917729486765e-71
0,1,0.9999998246885874
0,0,1.398995558320304e-26
0,0,6.654897299074783e-17
0,0,2.5674319311433604e-25
-1,0,7.030033887609685e-50
0,0,2.899884544807672e-22
-1,0,2.971599160633484e-64
0,0,4.715579955638611e-27
0,0,9.430081872661784e-22
0,0,5.840441554365716e-33
-1,0,2.5842082927780015e-49
-1,0,9.296189715413143e-45
-1,0,3.3338306856996725e-74
-1,0,1.6308513831048266e-46
0,0,2.7378147002426263e-17
0,0,1.1732003907898239e-36
0,0,5.3261927871527236e-24
0,1,0.9999999999997922
0,0,7.379803202774286e-22
-1,0,4.266246832097746e-34
-1,0,1.644561000781062e-39
0,0,8.321840839767089e-13
-1,0,1.727392551557571e-51
0,0,1.4524711049629157e-33
0,0,8.88856520274725e-11
0,0,1.1684344090910294e-21
-1,0,7.94680872338537e-50
0,0,9.770598770313543e-29
-1,0,9.351469515279853e-29
0,0,1.244961377612367e-10
0,0,1.0457283603154467e-26
0,0,5.585355147879256e-30
0,0,6.671171020457649e-26
0,0,1.833051734226253e-25
0,0,9.288624487753533e-42
0,0,4.27764477072113e-06
0,0,4.027813215079277e-29
-1,0,4.7629701337101997e-26
-1,0,1.543470902372709e-50
-1,0,5.027364185119825e-56
0,0,1.3055388188344664e-16
-1,0,9.359085927799089e-32
0,1,0.9999999999995923
0,0,3.426381140598321e-16
-1,0,6.687484537196587e-35
-1,0,1.3130002084389378e-37
-1,0,1.2396187560370935e-32
-1,0,1.734837425183222e-29
0,0,2.288472118363846e-15
0,0,5.330530766478646e-27
0,0,2.332800199726308e-10
0,0,8.81446711257395e-18
0,1,0.9999999993247561
0,0,1.385075956313809e-27
0,0,2.169385985455384e-25
0,0,1.1094371058238429e-37
0,0,4.021260223775965e-23
0,0,2.3095895115517215e-11
0,0,1.2376019765853162e-26
-1,0,2.174690948328966e-34
0,0,3.045942935955951e-34
0,0,5.37096698763372e-17
0,0,1.7362503835917817e-32
0,0,3.203992834863121e-21
0,1,0.9992385207630193
0,0,3.840921324814765e-23
0,0,5.379719442834765e-23
0,0,2.8686950886959757e-20
0,0,5.951169690075596e-19
-1,0,1.7007821134728693e-77
0,0,3.604822381376425e-34
-1,0,3.1915532998090347e-37
0,0,5.632307975375918e-23
0,1,0.9999999999995923
0,0,8.335401999116093e-19
-1,0,1.8107006116654228e-63
0,0,4.466555609949195e-34
0,0,1.6312264862217223e-09
-1,0,2.4233849306951414e-57
0,0,1.5463417079407433e-19
-1,0,2.5647526494500607e-59
0,0,1.1013377794976757e-10
-1,0,1.0465800658748932e-29
0,0,1.311931690497927e-34
0,0,4.0179877271937115e-20
0,0,8.924821187406903e-26
0,0,3.1915532998090347e-37
0,0,0.17071943780201443
-1,0,1.6335089964737252e-52
0,0,1.7465749979403985e-16
0,1,0.9999999996557989
0,0,3.3922896372222005e-17
-1,0,9.288624487753533e-42
0,0,1.8300694777432462e-19
0,0,3.4089007651205997e-35
0,0,4.774617383160802e-35
0,1,0.9979104483238276
0,0,3.232253604199606e-08
0,0,1.4745909316855616e-13
0,0,2.433829455617438e-35
0,1,0.951104399013151
0,0,0.28767782301502726
0,0,9.85678050452416e-16
0,0,2.0481425207478394e-20
0,0,7.920971871451542e-38
0,0,4.742530344820908e-48
0,0,0.44205127039933484
-1,0,2.271637266996614e-71
0,0,1.4646811835397324e-26
0,0,1.3097972625839851e-28
-1,0,4.280162597675814e-46
-1,0,9.167897726552241e-77
0,0,6.340942965423908e-08
-1,0,2.4194422403251164e-51
0,0,5.3261927871527236e-24
0,0,3.403354704299318e-29
-1,0,2.4397810820174225e-44
-1,0,7.035759580028909e-53
0,0,3.3373133886132623e-40
-1,0,8.843218392765145e-30
0,0,1.4634892278093264e-23
-1,0,4.0007449524967027e-42
-1,0,5.221638231802058e-72
0,0,4.7213256001905413e-39
0,0,7.901649373359156e-29
0,1,0.9992385207630193
0,0,1.3816971881578378e-18
0,0,3.0409873840214733e-28
0,0,1.2315712887354796e-08
0,0,1.1013377794976757e-10
0,0,0.0006695437149090915
-1,0,9.838481250090462e-47
0,0,2.1658565349229757e-19
0,0,4.252376309784844e-22
0,1,0.9992385207630193
0,0,1.1801768278884512e-20
0,0,1.1712916697177693e-30
0,0,3.059070618017825e-12
0,0,2.169385985455384e-25
0,0,1.2185367497833583e-52
0,0,2.7105742342037313e-18
0,0,1.8375342336341796e-34
-1,0,5.94495925862807e-53
0,0,7.908084963093105e-32
-1,0,1.1712916697177693e-30
0,0,7.066082936978882e-31
0,0,2.712781892743208e-21
0,1,0.9999999999992002
-1,0,1.5384527333747245e-38
-1,0,4.704893360848616e-64
-1,0,8.206995344468558e-45
0,0,2.0464757449049265e-17
0,0,1.461108225595384e-17
0,0,1.311931690497927e-34
-1,0,9.744522974050597e-57
0,0,4.7629701337101997e-26
0,0,5.675033411334493e-13
0,0,5.028520509584594e-19
0,1,0.964595173798503
0,0,5.375341433825111e-20
-1,0,6.221532068333993e-59
-1,0,2.5647526494500607e-59
0,0,9.298327031230795e-08
-1,0,4.766849389830948e-29
0,0,3.596028741565813e-25
-1,0,5.3435659146735726e-36
0,0,4.0049241903433276e-08
0,0,7.025928484669714e-10
0,0,3.197479261009754e-06
0,0,0.043243795157316745
0,0,1.4448000994764079e-21
0,0,2.16762054183128e-22
0,0,1.5488616054853637e-25
0,0,9.399422559249699e-10
0,0,1.7249788304049932e-08
0,0,2.17115286696547e-28
0,0,2.3929879662485214e-18
-1,0,1.3087313511963103e-25
0,0,1.8469568571044408e-15
0,0,1.8315599989986171e-22
0,0,3.587256553048226e-16
0,1,0.7830138077938198
0,1,0.9999999999998745
0,0,2.902246389319458e-25
-1,0,1.640549242209476e-30
0,0,6.266197887389683e-40
0,0,4.262774965717484e-31
-1,0,4.68578031261868e-49
-1,0,6.62633850234628e-39
0,0,5.6185684669065964e-14
0,0,3.8284336306751185e-11
0,0,5.9657225333556735e-28
0,0,3.2375209456258986e-14
0,0,2.4037355195893946e-27
0,1,0.7830138077938198
-1,0,4.1689010523128414e-70
0,0,2.5549205181341855e-07
-1,0,2.427892347674536e-26
0,0,1.8300694777432462e-19
-1,0,1.789768081338297e-58
0,0,3.426381140598321e-16
-1,0,3.798736896742249e-58
0,0,8.335401999116093e-19
0,0,0.00034140752203900887
0,1,0.9999999999995923
0,1,0.9987383846518528
0,0,1.3816971881578378e-18
0,0,3.059070618017825e-12
0,0,2.7288389848682037e-05
-1,0,1.2312881001206258e-45
-1,0,1.8405286545824947e-40
0,0,7.108101405034634e-15
0,0,6.541718480350523e-37
-1,0,3.7925565977762856e-52
0,0,4.011450721322808e-14
-1,0,1.8420276944354154e-43
0,0,7.484372371679685e-36
-1,0,1.7970684499806632e-73
0,0,1.1684344090910294e-21
0,0,5.679655507945155e-16
-1,0,5.970581385081073e-31
-1,0,2.271637266996614e-71
0,0,4.7629701337101997e-26
-1,0,1.2152847161287982e-80
0,0,3.6716579604190433e-26
0,0,2.789578359487591e-38
0,1,0.9999999999996556
0,1,0.9999915562555295
-1,0,1.5539137264392187e-37
-1,0,5.208900515217313e-63
-1,0,1.085889015644839e-79
0,0,1.0457283603154467e-26
-1,0,5.603573618579088e-42
-1,0,1.1722456417670114e-33
-1,0,2.719415662538704e-30
-1,0,2.4155059644569688e-45
0,0,3.4208066391677616e-10
0,0,7.516629200866054e-14
0,0,0.0006695437149090915
-1,0,8.396701212753417e-46
0,1,0.7830138077938198
-1,0,2.9917044228597075e-51
0,1,0.9999999999995175
-1,0,1.3578865535778247e-75
0,0,5.07492231809709e-15
0,0,7.131286812900255e-27
0,0,1.2335782558522282e-14
0,1,0.9993565019537483
0,0,5.235611042482875e-44
0,0,2.6901672238006203e-28
0,0,8.308294840778003e-07
0,0,8.335401999116093e-19
0,0,6.934610599416665e-45
-1,0,1.825185384150752e-47
0,0,7.048845863512871e-22
0,0,6.860025997995336e-43
0,0,4.291616072429488e-18
-1,0,5.006037046663784e-10
-1,0,5.307655350409181e-49
-1,0,1.0905690789492775e-57
0,0,7.961589528579774e-19
0,0,1.3097972625839851e-28
-1,0,1.734837425183222e-29
-1,0,1.4444678630465088e-58
0,0,1.6516488794508114e-17
-1,0,7.434074866357561e-49
0,0,0.40099927641817706
-1,0,1.9003523469028157e-72
-1,0,2.6573649541180693e-66
0,0,5.941487522319699e-13
0,0,2.1782347953020104e-40
0,0,0.0070351474193042236
0,0,1.4646811835397324e-26
0,0,1.6325550601629224e-12
-1,0,5.360995710357393e-48
0,0,8.910301081209826e-20
0,1,0.999999999998143
0,0,2.902246389319458e-25
0,0,2.4239423240289203e-20
0,0,1.4670680081976434e-32
0,0,1.734837425183222e-29
-1,0,2.1285325691888642e-76
0,0,1.6202640969903118e-22
0,0,1.643222659078504e-36
0,0,2.7378147002426263e-17
-1,0,3.388749563028412e-51
-1,0,4.511443167304446e-33
0,0,1.843951974486688e-09
0,0,1.1114993872456326e-06
0,0,3.6144556192992342e-06
0,0,2.5674319311433604e-25
-1,0,6.513645378701929e-59
0,1,0.5259972233890517
-1,0,7.848547625921419e-42
-1,0,3.93270489607024e-62
0,0,1.7465749979403985e-16
0,0,1.91443564698346e-16
-1,0,6.637136693998178e-45
0,1,0.9992385207630193
0,0,7.447902003290713e-18
0,0,2.0636792740814346e-10
-1,0,9.318922387992901e-54
0,0,3.5989575687712366e-28
0,1,0.9998805588889411
-1,0,5.545542415041853e-49
0,1,0.9998805588889411
0,0,1.4599191775337103e-14
-1,0,3.604822381376425e-34
-1,0,4.47383424859457e-40
0,0,2.851737230883082e-36
-1,0,1.3140695966467455e-40
0,0,6.006085452248122e-15
0,0,1.730605445398075e-20
-1,0,5.9851816972402814e-40
0,0,1.664177643658681e-07
0,1,0.9998805588889411
0,0,7.974563627254879e-25
-1,0,1.6295241982721285e-43
0,0,4.0179877271937115e-20
-1,0,7.024312854751849e-47
0,0,6.34610782177089e-11
0,1,0.8102720095590964
0,0,5.899136257431232e-32
0,0,1.547601143831972e-22
0,0,6.318874163235277e-33
0,1,0.8348283043581547
0,0,4.529845103607647e-48
0,0,6.2880831152900875e-15
0,0,4.787391699240734e-07
0,0,1.7249788304049932e-08
-1,0,1.2396187560370935e-32
-1,0,4.73481455502469e-42
-1,0,7.83577854712105e-36
-1,0,2.88274231523498e-38
-1,0,4.9338244790211617e-70
-1,1,0.9999999999997089
-1,0,2.0264656398014218e-64
-1,0,2.1817844172801784e-46
-1,0,1.0448773478729135e-23
-1,0,4.459288813177611e-28
-1,0,1.049139346902292e-38
-1,0,2.1653584892465557e-56
0,0,7.048845863512871e-22
-1,1,0.9999999999992002
0,0,9.343859300987676e-26
0,1,0.9401158554375598
0,0,1.1684344090910294e-21
0,0,2.4180293347953594e-11
0,1,0.9987383846518528
0,0,1.6298963422228797e-06
0,0,2.4318488082253254e-32
0,0,4.27764477072113e-06
-1,0,4.210797269764313e-69
-1,0,2.5258235217126957e-48
0,1,0.9993565019537483
0,0,8.308294840778003e-07
0,0,5.366596101360889e-14
-1,0,1.1094371058238429e-37
0,0,1.6325550601629224e-12
0,0,9.905046501575548e-34
-1,0,1.5196937725905883e-76
-1,0,5.980310963798956e-37
0,0,8.924821187406903e-26
0,0,3.234886254991489e-11
0,0,9.86480847342368e-19
0,0,0.40099927641817706
0,0,7.048845863512871e-22
0,0,2.3978718230953574e-18
0,0,2.5237680096636667e-45
0,0,2.0481425207478394e-20
0,0,2.5549205181341855e-07
-1,0,4.750258708163746e-54
-1,0,1.6165922038148684e-59
0,0,1.8469568571044408e-15
0,0,1.4575439623161063e-08
-1,0,8.306391222851477e-44
0,0,7.102316840877509e-12
-1,0,7.428025025452384e-46
-1,0,4.681967030412411e-46
0,0,6.705375374065342e-07
0,0,1.8424479774336362e-06
-1,0,1.946310363589857e-39
-1,0,2.2879458768396567e-52
0,0,5.020339432305583e-13
0,0,3.386770601515726e-11
0,0,7.863145668059127e-11
0,1,0.9998805588889411
-1,0,6.276409198763826e-46
0,0,2.5522549449923856e-41
0,1,0.9999994299082272
0,0,2.0619994296892084e-07
0,0,3.623307416025082e-15
0,0,4.500437907670954e-24
0,0,6.705375374065342e-07
0,1,0.9999999999999105
0,0,7.888793901454001e-23
0,1,0.9999915562555295
-1,0,3.0484237394138882e-37
-1,0,1.2152847161287982e-80
0,1,0.9996718776349768
0,0,4.719420614280612e-30
0,0,5.083192342906572e-21
0,0,8.881330911419466e-08
0,0,2.2996781494270453e-33
-1,0,1.023532504775573e-68
-1,0,2.1302661771615024e-79
-1,0,1.923810122274827e-34
0,0,1.0482855586031127e-35
-1,0,2.3015511488972238e-36
0,0,7.955110396896792e-16
0,0,2.569523005778337e-28
0,0,1.734837425183222e-29
-1,0,3.4089007651205997e-35
0,0,2.0670422183572948e-16
0,1,0.9783369542741988
-1,0,5.848613842073376e-76
0,0,2.419998726815956e-14
-1,0,1.0832400871075515e-70
0,0,5.069626307598437e-49
-1,0,2.252700129113182e-78
-1,1,0.999999999998143
0,0,9.37433736771586e-38
0,0,1.8256051876022977e-10
0,1,0.9998805588889411
0,0,3.747174134533354e-53
0,1,0.9999999999999545
-1,0,3.6018887813938043e-31
0,0,2.7288389848682037e-05
0,1,0.9994562134587763
0,0,2.17115286696547e-28
0,0,1.8360388505541118e-31
-1,0,2.305301725538316e-42
-1,0,8.735389544054197e-68
-1,0,1.4397715750647834e-46
-1,0,7.3690758066805865e-62
0,0,2.9140844977055344e-40
-1,0,6.709297964968003e-47
-1,0,3.55218094521936e-63
0,0,1.635215449823595e-18
-1,0,4.1655084058073653e-67
-1,0,5.3435659146735726e-36
0,0,3.150796355331351e-35
0,0,2.719415662538704e-30
-1,0,2.3924376909688928e-55
-1,0,4.0179877271937115e-20
0,0,9.988312458246301e-27
0,0,5.044922681181822e-31
-1,0,1.1615273855279242e-37
-1,0,3.8151090387360626e-36
-1,0,9.160436902754032e-74
-1,0,4.0007449524967027e-42
-1,0,6.62633850234628e-39
0,0,1.4374291599361988e-40
0,0,1.0482855586031127e-35
0,0,0.022520688130870985
0,0,1.7437334332040087e-10
0,0,7.81030267911492e-24
-1,0,1.4524711049629157e-33
0,0,2.5674319311433604e-25
-1,0,2.858710798628255e-45
0,0,1.0510906014110416e-07
0,1,0.951104399013151
0,0,1.4769939051352934e-19
0,0,1.5151013107771946e-27
-1,0,3.759396773984042e-65
-1,0,1.300994983446306e-41
-1,0,8.864843380467188e-39
-1,0,1.3862040474481952e-30
0,0,2.4622947128883933e-40
-1,0,9.905046501575548e-34
0,0,1.3023539047554406e-07
0,0,8.335401999116093e-19
-1,0,1.7007821134728693e-77
0,0,6.563056444240794e-49
-1,0,7.927423198617573e-41
0,0,7.472195782437812e-30
-1,0,2.1233402055275355e-67
0,0,1.1058300777411465e-25
-1,0,7.301697741941459e-66
0,0,5.044922681181822e-31
0,0,1.2355884783031046e-20
0,0,3.234886254991489e-11
0,0,5.936652343622828e-10
0,0,0.28767782301502726
0,0,8.881330911419466e-08
0,0,3.38401433740014e-08
-1,0,3.223627462611041e-36
-1,0,7.733934817004529e-71
-1,0,8.676684781615533e-81
0,0,3.1482322411655617e-32
0,0,3.023705443045253e-07
0,0,9.217028933856332e-21
-1,0,1.3556773600771915e-69
0,0,3.2157637135019546e-27
-1,0,9.389613661172825e-44
0,0,7.547289130880106e-29
0,0,9.88088403196471e-25
0,0,3.0385126322603096e-25
0,0,2.4318488082253254e-32
0,0,0.48391075049997395
0,0,7.102316840877509e-12
0,1,0.9999999997923528
0,0,0.003042324308450278
-1,0,4.766849389830948e-29
0,0,1.3087313511963103e-25
-1,1,0.9999999999988798
-1,0,4.73481455502469e-42
0,0,1.532202959142389e-23
-1,0,7.908084963093105e-32
-1,0,4.658081029904056e-65
0,0,5.86904062225726e-51
-1,0,1.1112450295346938e-43
-1,0,9.806494147825837e-35
-1,0,5.954647083874864e-59
0,0,1.9483056267659077e-05
-1,0,9.913113781274879e-37
0,0,5.906365316063741e-29
0,0,6.318874163235277e-33
0,0,2.7260656543909068e-39
0,0,1.7494211929477658e-22
-1,0,1.2113335537992544e-68
0,0,3.793428908954963e-15
0,0,1.5618819828567195e-18
0,0,1.727789862393625e-14
-1,0,2.280095463021066e-09
-1,0,1.831138825885831e-59
0,1,0.9994562134587763
0,1,0.8348283043581547
-1,0,3.1739675639825074e-62
-1,0,7.295755629375726e-63
0,0,2.7083683722540657e-15
-1,0,7.874148242385844e-54
0,0,2.0414835098057608e-08
0,0,4.0049241903433276e-08
0,0,5.049031576816325e-34
0,0,2.27494416102011e-31
-1,0,9.655425356245345e-61
0,0,2.7238471855427163e-36
-1,0,1.0365851432615691e-39
-1,0,3.2183828294565544e-30
-1,0,3.023011046322738e-44
0,0,1.9321015342186386e-12
0,1,0.9083862650298646
0,0,2.427892347674536e-26
0,0,0.0014835725928047804
0,0,7.037377847699805e-16
-1,0,3.5747713606992144e-41
0,1,0.999999999754253
0,0,1.112405895979798e-09
0,0,6.2880831152900875e-15
0,0,4.835482496950181e-06
-1,0,5.6552818595099e-38
0,0,4.0179877271937115e-20
0,0,0.0005657986584487429
0,0,2.0564967849619377e-35
0,0,2.557002055343915e-10
-1,0,4.0007449524967027e-42
0,0,8.81446711257395e-18
0,0,2.875710124767539e-29
0,0,2.2940682915236464e-24
0,0,7.838941445481788e-45
0,0,0.195906971427103
0,0,1.7508460292746784e-25
0,0,1.639214165271079e-27
-1,0,6.529573686129774e-68
0,0,6.2880831152900875e-15
0,1,0.9998805588889411
0,0,5.339217327360255e-33
-1,0,8.29963149197727e-41
0,0,2.4298697726816042e-29
-1,0,4.998795169953076e-35
0,0,0.08144701269382977
-1,0,7.927423198617573e-41
0,0,1.2386099558310266e-29
0,0,0.1281449658120072
-1,0,5.352273717456705e-42
-1,0,5.5726974413437024e-67
0,0,9.298327031230795e-08
0,0,2.468883675260867e-12
0,1,0.9942793861958309
0,1,0.9999999999803639
0,0,7.0545868775634765e-25
0,0,1.3186590962310795e-15
-1,0,2.510892497390715e-64
0,1,0.6084988841347952
0,0,9.321065797052941e-17
0,0,9.84074415117779e-10
0,0,2.859368237810322e-08
0,0,1.625549120627163e-34
0,0,4.259305924737836e-28
-1,0,1.939982473435238e-27
0,0,2.0285825972757443e-30
0,0,1.232574371382551e-11
-1,0,3.403354704299318e-29
0,0,6.705375374065342e-07
0,0,7.020205869383544e-07
0,0,7.3510996093745975e-53
0,0,2.8540598612580598e-39
-1,0,5.303335987068368e-46
-1,1,0.9999999999998517
0,0,7.04310952149228e-19
-1,0,1.643222659078504e-36
-1,0,1.4421178073614388e-52
0,1,0.7530330563244314
0,0,7.13709497193577e-30
-1,0,2.0548232104291692e-32
0,0,4.75135129667646e-17
0,0,8.308294840778003e-07
0,0,1.55138560942096e-31
-1,0,1.794144735971249e-67
-1,0,3.4144558637277236e-41
-1,1,0.9999999999995923
-1,0,1.4370986184775242e-77
0,0,4.262774965717484e-31
0,0,1.6869917467318448e-47
-1,0,2.1302661771615024e-79
-1,0,7.727640950443455e-68
-1,0,1.2927734738033392e-63
-1,0,3.1449468566894663e-66
0,0,7.847130434285636e-11
0,0,3.3978176665597694e-23
-1,0,9.88893163226103e-28
0,1,0.9783369542741988
0,0,4.255839706859435e-25
0,0,3.997489151216798e-39
0,0,6.308593764113644e-27
0,1,0.9999999999997089
0,0,1.0344811198495193e-24
0,0,1.5577136286616914e-46
0,0,7.108101405034634e-15
-1,0,8.171775881077386e-67
-1,0,2.5584961661571924e-50
0,0,1.8375342336341796e-34
-1,0,6.524259927162957e-65
-1,0,3.2262529832870655e-39
0,0,0.002173999232644471
-1,0,7.792602726891841e-61
0,0,2.7288389848682037e-05
0,0,5.036714918634063e-25
-1,0,7.927423198617573e-41
-1,0,2.5068074378756848e-58
0,0,2.1425618532567126e-17
-1,0,4.945889531465209e-79
0,0,0.08144701269382977
0,0,7.060332567449385e-28
0,0,1.1665334419626207e-15
0,0,2.573710265735046e-34
-1,0,3.353655312642099e-58
-1,0,7.727640950443455e-68
-1,0,3.525437758263457e-73
0,1,0.9998805588889411
0,1,0.9999999859919191
0,0,5.3261927871527236e-24
0,0,2.4219697227722305e-17
-1,0,7.478281598727064e-33
-1,0,1.294880159981203e-69
-1,0,2.183561396836482e-49
-1,0,2.5758064538322005e-37
0,0,9.712841351148744e-45
-1,0,4.415686616542447e-75
-1,0,9.655425356245345e-61
0,0,2.0498106541156183e-23
0,0,1.3076663072460286e-22
0,0,3.400585058462334e-26
0,1,0.9999999999978024
0,0,1.1665334419626207e-15
0,0,1.7465749979403985e-16
-1,0,4.979352458527829e-66
0,0,1.6338847135188113e-15
-1,0,2.0632047248205207e-47
-1,0,9.288624487753533e-42
0,0,1.0332149731976484e-27
-1,0,1.3130002084389378e-37
-1,0,2.264251666341309e-59
-1,0,7.089131287807255e-43
-1,0,1.2988783488465757e-35
0,0,4.4967754568839694e-21
0,0,1.7508460292746784e-25
0,0,3.207919147301181e-18
-1,0,2.2978066742015118e-30
0,0,2.7172026054456337e-27
0,0,8.89580459828451e-14
0,0,4.504103341383476e-27
0,0,1.7334256166384623e-26
0,1,0.9994306961340126
0,0,1.5463417079407433e-19
-1,0,2.4155059644569688e-45
-1,0,3.350926112108472e-55
0,0,2.0252822247390317e-24
0,0,5.3261927871527236e-24
-1,0,8.16512570000169e-64
-1,0,1.049139346902292e-38
0,0,7.071837989963259e-34
-1,1,0.999999999999754
0,1,0.9997227345096905
-1,0,2.6989420879670916e-40
0,0,1.5488616054853637e-25
0,0,6.716306866666559e-13
0,0,9.822474678130136e-41
0,0,4.048467287056672e-10
0,0,6.71084113997029e-10
-1,0,7.740233809678027e-74
0,0,4.5151175643778185e-36
0,0,1.2335782558522282e-14
-1,0,7.78626111645825e-58
0,0,5.357864709919789e-08
-1,0,3.058367174899416e-49
0,1,0.999858646546025
0,1,0.999858646546025
-1,0,4.0508328934053866e-50
0,0,1.8345446844149003e-28
-1,0,1.24265008910658e-41
0,0,3.805802423547981e-27
0,0,5.028520509584594e-19
0,0,2.307709917270032e-08
0,0,2.2978066742015118e-30
-1,0,5.274114145254388e-71
0,0,9.872842980795532e-22
0,0,1.3165137215303971e-09
0,0,2.0619994296892084e-07
0,0,0.0009375332382088195
-1,0,1.278869161096898e-61
-1,0,8.655518789883477e-72
0,0,4.6944957112643065e-18
0,0,1.3108640421154913e-31
0,0,1.0423284636086022e-14
-1,0,1.2851314386357035e-79
-1,0,1.0385131470548051e-08
0,0,8.88856520274725e-11
0,0,6.006085452248122e-15
0,0,1.9384037181046687e-24
-1,0,8.191758939855939e-76
0,0,2.1929723084666376e-27
-1,0,6.687484537196587e-35
0,1,0.999999999999754
0,0,3.4235927558749635e-13
0,0,3.22100407858044e-33
-1,0,5.975444194154464e-34
0,0,2.2940682915236464e-24
0,0,2.169385985455384e-25
0,0,7.882374010762086e-20
0,0,6.361626437401153e-20
0,0,3.2295190033169595e-05
0,0,8.776640747533828e-40
-1,0,6.324020643390781e-36
0,0,7.048845863512871e-22
-1,0,3.374983186435037e-36
-1,0,3.2288806423487756e-42
-1,0,2.5278807078972538e-51
0,0,5.020339432305583e-13
-1,0,9.913113781274879e-37
0,0,3.793428908954963e-15
0,0,3.825317909951081e-08
0,0,8.286128528934137e-35
-1,0,2.9941410511332525e-54
0,0,4.288123560592953e-15
0,0,1.4769939051352934e-19
0,0,8.321840839767089e-13
0,0,1.9116527937126353e-56
0,0,1.057958850312693e-31
-1,0,1.6980150510984922e-71
-1,0,7.727640950443455e-68
-1,0,2.4298697726816042e-29
-1,0,5.853377313270513e-79
-1,0,1.8405286545824947e-40
0,1,0.9998805588889411
0,0,9.328657446912176e-20
0,0,2.8951666204184293e-16
0,0,1.306602130027202e-19
0,0,1.7376644928006616e-35
-1,0,2.556414065150677e-47
-1,0,1.6308513831048266e-46
-1,0,1.640549242209476e-30
0,0,3.2295190033169595e-05
0,0,2.897524622362082e-19
0,0,7.037377847699805e-16
0,0,6.371993257850351e-26
0,0,9.972062120611823e-21
0,0,0.11047258117099837
-1,0,1.2133075265843426e-74
0,0,2.1894044845139006e-21
0,0,2.7172026054456337e-27
-1,0,1.4300958247328674e-59
0,0,1.1226582700732313e-05
0,0,3.6174125163797505e-09
0,1,0.9999999106361657
0,0,1.3873330573694646e-33
0,0,2.5653425582224008e-22
-1,0,7.375077635712643e-65
-1,0,2.4155059644569688e-45
0,0,3.3922896372222005e-17
0,0,1.843951974486688e-09
-1,0,1.2396187560370935e-32
-1,0,9.14553346504401e-68
-1,0,4.5604931549527005e-35
-1,0,4.4085025803292833e-69
0,0,9.422407683730682e-19
0,0,1.041480217986963e-11
0,0,0.013708596884227979
0,0,0.019095830652572244
-1,0,2.7121580798216574e-58
0,0,2.305778791629422e-05
0,0,1.4757919293273253e-16
0,0,0.00010501250477294228
-1,0,6.174692226045301e-69
0,0,9.88088403196471e-25
0,1,0.9999999999990534
0,0,1.2480057755519856e-19
-1,0,4.027813215079277e-29
-1,0,2.556414065150677e-47
0,0,9.85678050452416e-16
0,0,2.0431462613337995e-11
-1,0,8.678680472103954e-44
-1,0,9.814481160420657e-38
0,0,4.523310923202193e-05
-1,0,1.3615201817414372e-47
0,0,4.5077717604507894e-30
-1,0,4.6694717861326225e-74
0,0,4.7386708795088246e-45
0,0,5.040817129361416e-28
0,0,1.5501230937363183e-28
-1,0,4.15873139334436e-61
0,0,7.466114918778466e-27
-1,0,1.8136513049060232e-69
0,0,2.719415662538704e-30
-1,0,3.3311176184227666e-71
0,0,1.547601143831972e-22
-1,0,1.4324262895575532e-65
0,0,1.8484611324812796e-18
0,0,1.8315599989986171e-22
0,0,2.4443189953031675e-13
0,0,2.546028948724942e-32
0,0,4.252376309784844e-22
0,0,4.248915731218496e-19
0,0,5.627724410131669e-20
-1,0,1.9510698228509413e-48
0,0,3.389528996123036e-14
0,0,1.2185367497833583e-52
0,0,4.252376309784844e-22
-1,0,1.6361709406534454e-58
0,0,8.26591526403522e-26
0,0,1.453654086855718e-36
-1,0,2.372493519824241e-62
-1,0,3.006353992948691e-69
-1,0,1.544728000103146e-53
0,0,3.0360398944490377e-22
0,0,8.873316656122791e-05
-1,0,2.007936948191766e-68
0,0,4.284633890939898e-12
-1,0,2.831409883831757e-55
0,0,9.832726107210103e-07
0,0,2.183561396836482e-49
0,0,4.048467287056672e-10
-1,0,7.035759580028909e-53
0,1,0.8933691021372658
0,0,7.0545868775634765e-25
-1,0,4.511443167304446e-33
0,0,3.4180216238495594e-07
-1,0,4.262774965717484e-31
0,0,1.0440270279832427e-20
-1,0,1.9447264586301288e-36
0,0,7.968073937266495e-22
0,0,3.2157637135019546e-27
-1,0,1.703945512765919e-46
0,0,1.9415625146013764e-30
0,0,3.197479261009754e-06
0,0,2.3095895115517215e-11
0,0,3.389528996123036e-14
0,0,5.0790556472829244e-18
-1,0,8.648474939428141e-69
-1,0,4.4347177445861425e-53
0,0,2.317122996536923e-23
-1,1,0.9999999999999243
0,0,2.8733698754349513e-26
-1,0,4.9338244790211617e-70
0,1,0.9214744111588653
0,0,2.1623328265776336e-13
0,0,1.379449256294559e-12
-1,0,5.339217327360255e-33
0,0,2.1658565349229757e-19
-1,0,1.362629087602753e-50
-1,0,9.846494314950593e-50
0,1,0.9998805588889411
0,0,5.975444194154464e-34
-1,0,1.3780097115535033e-46
0,0,3.389528996123036e-14
0,0,3.808902103355266e-30
0,0,1.7334256166384623e-26
0,0,0.08144701269382977
0,0,0.013708596884227979
-1,0,1.0420887768258979e-51
-1,0,1.6281980935008012e-40
-1,0,6.286637150352865e-52
-1,0,7.901649373359156e-29
0,0,5.070792352583759e-12
0,0,9.963946868827056e-18
0,0,2.6912531051143345e-37
0,0,8.419170313671831e-18
0,0,4.089153165869492e-09
0,0,5.970581385081073e-31
0,0,2.419998726815956e-14
-1,0,4.654290289339702e-62
0,1,0.9999999999997089
-1,0,1.9447264586301288e-36
-1,0,1.0321367463790658e-61
0,0,4.216927060170545e-29
0,0,0.00020598973967975843
0,1,0.9883209532807343
0,0,9.305901025666618e-11
0,0,5.960867635757781e-25
0,0,3.232253604199606e-08
-1,0,1.925376991682462e-37
0,0,1.2365948176318657e-23
-1,0,4.665671775784847e-71
0,0,4.795195463685987e-13
-1,0,1.2416388220054213e-38
0,0,0.0005657986584487429
0,0,3.5989575687712366e-28
-1,0,5.294707802804126e-40
0,0,1.0528035551060884e-13
0,0,1.8469568571044408e-15
-1,0,9.830474706252577e-44
-1,0,3.035341747310234e-59
0,1,0.999999999999754
-1,0,5.057259410423697e-40
-1,0,1.1436340858558803e-63
0,0,3.1610737127348973e-47
-1,0,1.2999362353425032e-38
0,0,2.169385985455384e-25
-1,0,6.692931236334951e-38
-1,0,4.276679406662847e-43
-1,0,4.73481455502469e-42
0,0,7.888793901454001e-23
0,0,1.049139346902292e-38
0,0,2.8528883296486854e-45
-1,0,6.164646401599594e-63
-1,0,2.880396343114492e-35
0,0,2.2666170281785537e-25
0,0,8.272647534337451e-29
-1,0,3.027937304260319e-50
0,0,4.759094034523305e-23
0,0,3.5931022978363633e-22
-1,0,5.07492231809709e-15
0,0,3.033569168948816e-19
-1,0,2.675344168791728e-53
0,0,9.430081872661784e-22
0,0,2.0498106541156183e-23
0,0,2.5481025914532915e-35
0,0,9.407078036513552e-13
-1,0,1.2819964761368465e-70
0,1,0.9999999999998517
0,0,0.00024377618858677555
-1,0,2.402196316837772e-70
-1,0,4.280162597675814e-46
0,1,0.9990989279903383
-1,0,1.6126486726066413e-50
0,0,3.4431592053988004e-34
-1,0,1.8004109387211064e-42
0,1,0.9999999999915423
0,0,5.94632663556351e-16
-1,0,9.846494314950593e-50
0,0,6.995777451273271e-32
-1,0,1.102878835909747e-53
-1,0,1.8222159257099913e-41
0,0,4.045171014696255e-07
-1,0,3.9689948185585506e-58
0,1,0.9998805588889411
-1,0,7.908084963093105e-32
0,0,8.83602179260611e-27
0,0,1.38959383656652e-39
0,0,1.1040309638062498e-19
0,0,4.014717893765146e-17
-1,0,3.798736896742249e-58
0,0,1.643222659078504e-36
-1,0,5.617276459016502e-51
0,1,0.9998805588889411
0,1,0.9783369542741988
-1,0,1.6295241982721285e-43
-1,0,2.7121580798216574e-58
0,0,4.266246832097746e-34
0,0,8.75876495592797e-40
0,0,2.892810537412978e-13
0,0,3.578504482925151e-07
0,0,8.881330911419466e-08
-1,0,2.9892697775112296e-48
0,0,1.4694587223927326e-38
0,0,1.1085342472832452e-34
0,1,0.9998327148965551
0,0,9.422407683730682e-19
0,0,7.516629200866054e-14
0,0,2.4259165318935036e-23
0,0,2.878052280143287e-32
-1,0,4.998795169953076e-35
0,0,4.259305924737836e-28
-1,0,1.468262878707134e-35
-1,0,7.301697741941459e-66
-1,0,2.9965796639468804e-57
0,1,0.9975279983946987
0,0,8.828831049031173e-24
0,0,4.07824004125873e-37
0,0,5.951169690075596e-19
-1,0,9.281065416666805e-39
0,0,9.79449155107111e-38
-1,0,5.603573618579088e-42
0,0,1.742314081836831e-07
-1,0,1.8092270657536032e-60
0,0,0.00034140752203900887
-1,0,2.7172026054456337e-27
0,0,2.0481425207478394e-20
0,1,0.9999999999998244
0,0,0.0007922964240675578
0,0,9.273512497142755e-36
0,0,5.281791839576413e-31
0,0,4.252376309784844e-22
-1,0,1.470655540047054e-41
0,0,1.6325550601629224e-12
0,0,2.17115286696547e-28
-1,0,1.0914573055507457e-60
0,0,1.1067307338395804e-28
0,1,0.9999999928594738
0,0,7.108101405034634e-15
0,0,1.1772978927040375e-11
0,0,5.931817588182763e-07
0,0,7.108101405034634e-15
-1,0,4.754127611316919e-57
-1,0,1.0346607080699582e-70
0,0,9.140192657954095e-28
0,1,0.9996718776349768
0,0,9.343859300987676e-26
0,0,1.393312311619446e-11
0,0,5.613996082542564e-11
0,0,3.2262529832870655e-39
0,0,3.6018887813938043e-31
0,0,1.1753686901975342e-05
-1,0,1.740496167369276e-41
0,0,9.988312458246301e-27
0,0,7.935698323407841e-07
-1,0,1.151371691752255e-50
0,0,1.6378801748166153e-24
0,0,2.051480146113914e-26
-1,0,1.7433324563964899e-47
-1,0,7.867740270313114e-51
0,0,6.28296588101103e-12
-1,0,8.676684781615533e-81
0,0,7.52887819820643e-20
0,0,1.0510906014110416e-07
-1,0,1.2135865947251452e-37
-1,0,2.433829455617438e-35
-1,0,1.943143842650292e-33
-1,0,1.391858299898775e-45
-1,0,9.229925940281934e-64
0,1,0.9998805588889411
0,0,1.0448773478729135e-23
0,0,1.1684344090910294e-21
-1,0,1.233294590564664e-51
0,1,0.9999999999998244
-1,0,1.0941263282709296e-69
-1,0,4.681967030412411e-46
0,0,4.021260223775965e-23
0,0,1.0536610231398921e-16
0,0,5.970581385081073e-31
0,0,1.8484611324812796e-18
-1,0,5.94495925862807e-53
0,0,4.245457968866722e-16
-1,0,2.5716157835131653e-31
-1,0,1.3130002084389378e-37
0,0,1.3955828345478274e-17
0,0,7.83577854712105e-36
-1,0,9.814481160420657e-38
0,0,2.433829455617438e-35
0,0,3.0665511937131826e-21
-1,0,7.882374010762086e-20
-1,0,4.78629311450749e-44
-1,0,1.5122885034547598e-58
0,1,0.9999999999998244
-1,0,5.659887869237483e-41
0,0,1.742314081836831e-07
-1,0,1.3670737500189912e-62
0,0,7.0545868775634765e-25
0,0,4.031093714143766e-32
-1,0,4.1689010523128414e-70
0,0,4.288123560592953e-15
0,0,7.882374010762086e-20
-1,0,8.678680472103954e-44
-1,0,4.47019344783231e-37
0,1,0.9996116960617354
0,0,1.232574371382551e-11
0,0,3.8315517428773746e-14
-1,0,7.848547625921419e-42
-1,0,1.3020545938597487e-44
0,0,1.5501230937363183e-28
0,0,7.472195782437812e-30
-1,0,2.158318424659944e-44
0,0,5.334872278921898e-30
-1,0,1.8222159257099913e-41
0,0,7.0545868775634765e-25
0,0,3.4347599283583545e-25
0,0,5.641486308317911e-29
-1,0,2.978865835779427e-73
-1,0,5.339217327360255e-33
0,0,4.255839706859435e-25
0,0,3.207919147301181e-18
0,0,1.1114993872456326e-06
-1,0,5.641486308317911e-29
0,0,2.4259165318935036e-23
0,1,0.9999999999986742
0,0,6.28296588101103e-12
0,0,6.2610984633213815e-37
0,0,2.419998726815956e-14
-1,0,1.0482855586031127e-35
0,0,2.0360352355280738e-36
0,0,2.5632548856305507e-19
-1,0,1.0429375180844631e-54
0,0,9.281065416666805e-39
-1,0,7.805301446959193e-67
-1,0,2.8078062917645664e-62
0,0,2.5826991605847565e-09
0,1,0.6852339549891829
0,0,5.036714918634063e-25
0,0,7.472195782437812e-30
0,0,2.1764621505274283e-37
0,0,3.6018887813938043e-31
-1,0,6.216468993253837e-56
-1,0,7.940341620303329e-47
-1,0,2.2805072532474184e-40
0,0,1.7598210305496517e-06
0,1,0.9994562134587763
0,0,8.362590651058703e-31
0,0,2.454289242248749e-28
0,0,4.7552210897010193e-20
0,0,4.4967754568839694e-21
0,0,7.908084963093105e-32
0,0,8.82164615727456e-21
0,1,0.9999999994294435
0,0,4.235099762581829e-07
0,0,3.1610737127348973e-47
0,0,3.802705266256332e-24
-1,0,2.1342284028137228e-48
0,0,4.466555609949195e-34
0,1,0.9979104483238276
-1,0,4.172296461998271e-73
0,0,4.048467287056672e-10
0,0,0.00040402476746441646
-1,0,2.0548232104291692e-32
0,0,3.2262529832870655e-39
-1,0,7.030033887609685e-50
-1,0,1.2165542693907305e-46
-1,0,3.3311176184227666e-71
0,0,1.7249788304049932e-08
-1,0,5.217388869085824e-69
-1,0,6.20130447654878e-47
0,1,0.9999999978041865
0,0,9.321065797052941e-17
0,1,0.999999999999946
-1,0,1.1482989083576206e-78
-1,0,8.313156459266569e-47
-1,0,1.392991914991358e-48
-1,0,2.262409021143833e-56
-1,0,1.3545741115231133e-66
0,0,3.197479261009754e-06
0,0,7.020205869383544e-07
-1,0,2.0426764333212087e-48
-1,0,6.266197887389683e-40
-1,0,9.913113781274879e-37
0,0,0.08144701269382977
-1,0,1.6418854065167402e-33
0,0,9.9558382212241e-15
-1,0,1.1741559174190386e-39
0,0,1.833051734226253e-25
0,1,0.7530330563244314
0,1,0.9998749515923812
0,0,1.4142059272224276e-28
0,0,3.623307416025082e-15
-1,0,9.296189715413143e-45
0,0,9.336255279878453e-23
0,0,7.908084963093105e-32
0,0,9.313480325268148e-14
-1,0,1.3813794624453301e-55
-1,0,2.3015511488972238e-36
0,0,1.8484611324812796e-18
0,0,6.04533099575532e-39
0,0,4.534577228969419e-14
-1,0,1.0823585476682909e-67
-1,0,1.9415625146013764e-30
-1,0,1.518457047683406e-73
-1,0,4.484774452297555e-49
0,1,0.6478195940674748
0,1,0.9994562134587763
0,0,4.500437907670954e-24
-1,0,8.798102927907653e-49
0,0,5.012169152929402e-07
0,0,2.5470566488750235e-41
0,0,1.4733909111975146e-10
0,0,5.028520509584594e-19
0,0,3.56605102764933e-32
-1,0,9.37433736771586e-38
0,1,0.7830138077938198
0,0,4.252376309784844e-22
0,0,5.627724410131669e-20
-1,0,3.0200055100590737e-10
-1,0,1.4730521004355505e-47
0,0,6.250912061522534e-31
0,0,8.81446711257395e-18
0,0,8.308294840778003e-07
-1,0,2.1817844172801784e-46
0,0,9.37433736771586e-38
-1,0,8.819617591366942e-58
0,0,2.6901672238006203e-28
-1,0,8.247182788321659e-63
0,0,6.2880831152900875e-15
-1,0,1.1693860540113193e-24
0,0,2.878052280143287e-32
0,0,5.6185684669065964e-14
0,0,1.5577136286616914e-46
0,1,0.9999999998245457
0,0,1.7147819081190954e-24
-1,0,1.2864739576259093e-45
0,0,1.1142186588304187e-15
0,0,4.799100966101762e-16
0,0,1.4548380322418274e-39
-1,0,1.0914573055507457e-60
0,0,3.796518511010118e-18
0,0,5.646081082099326e-32
0,0,8.39863243477405e-09
-1,0,1.9415625146013764e-30
-1,0,1.6348394267714128e-55
0,0,2.286609762587253e-12
0,0,5.815377909404565e-55
-1,0,8.227064528052457e-54
0,0,4.284633890939898e-12
-1,0,2.1233402055275355e-67
0,0,5.040817129361416e-28
0,0,1.3218837125950284e-24
-1,0,1.315139855830149e-43
0,0,1.3910261329174636e-05
0,0,2.169385985455384e-25
0,0,4.027813215079277e-29
0,0,2.4358117161707646e-38
0,0,9.273512497142755e-36
0,0,5.330530766478646e-27
0,0,0.00020598973967975843
0,0,4.027813215079277e-29
-1,0,3.5377506488192595e-48
0,0,1.0448773478729135e-23
0,1,0.9998805588889411
0,1,0.9975279983946987
0,0,6.04533099575532e-39
0,0,9.414739740045001e-16
0,0,3.197479261009754e-06
0,1,0.9998805588889411
-1,1,0.9999999999997089
0,0,4.227239029384288e-38
0,0,5.049031576816325e-34
-1,0,1.7926846632105335e-64
-1,0,4.5077717604507894e-30
0,0,7.816663870477094e-27
0,0,1.1049301545955205e-22
-1,0,7.920971871451542e-38
0,1,0.9999999999939615
-1,0,4.010528275327284e-51
-1,0,9.359085927799089e-32
0,0,8.917558178994746e-23
-1,0,1.040393365860364e-45
-1,0,8.662568377284049e-75
0,0,4.482155414379841e-09
0,0,4.529845103607647e-48
0,0,0.041384726703908505
-1,0,2.280095463021066e-09
-1,0,6.286637150352865e-52
0,1,0.9083862650298646
0,0,5.040817129361416e-28
-1,0,5.940121258157313e-50
-1,0,9.359085927799089e-32
-1,0,8.64143682125006e-66
0,0,1.0440270279832427e-20
-1,0,5.015100382589812e-47
-1,0,3.2019635993763507e-49
-1,0,1.4572088166334175e-45
-1,0,5.261248418401097e-62
-1,0,4.746392953519159e-51
0,0,6.28296588101103e-12
-1,0,5.225891055460911e-75
0,0,1.2480057755519856e-19
0,0,2.309058414068372e-48
-1,0,5.94980119946419e-56
0,0,7.108101405034634e-15
-1,0,1.9100970930402845e-53
0,0,2.065360061963469e-13
-1,0,3.7441246888705843e-50
-1,0,3.1993578453708243e-46
0,0,4.021260223775965e-23
0,0,0.00010501250477294228
-1,0,3.9423218354282975e-71
0,0,2.0464757449049265e-17
-1,0,9.752459513505674e-60
0,0,4.284633890939898e-12
0,0,3.581420317625673e-10
0,0,9.972062120611823e-21
-1,0,1.5472452679712762e-59
0,0,8.82164615727456e-21
0,0,4.822600869845467e-34
0,0,1.94993039940267e-08
-1,0,8.191758939855939e-76
0,0,4.787391699240734e-07
0,0,5.334872278921898e-30
0,0,9.366708543593605e-35
0,0,2.1443068875420427e-20
0,1,0.7830138077938198
0,0,4.527199560472966e-08
0,0,1.6242262507690925e-31
-1,0,1.2175451060878485e-49
-1,0,6.916103494846711e-73
-1,0,2.4358117161707646e-38
-1,0,7.434074866357561e-49
0,0,6.660317457160297e-20
0,0,2.1822862362579864e-09
0,0,4.9470271162620715e-42
0,0,3.369492307318045e-30
0,0,3.805802423547981e-27
0,0,2.5758064538322005e-37
0,0,1.5631540757046255e-21
-1,0,8.72117763087531e-62
-1,0,2.5779043491939984e-40
0,0,1.8345446844149003e-28
0,0,9.848759068766026e-13
0,0,7.397849591138284e-31
0,0,3.638086693919988e-30
-1,0,1.102878835909747e-53
-1,0,9.19991738739246e-52
0,0,8.39863243477405e-09
-1,0,2.252700129113182e-78
-1,0,1.3670737500189912e-62
-1,0,6.631735400389162e-42
0,0,6.682042270575227e-32
0,0,2.7355866700354198e-14
-1,0,4.7707318054567175e-32
0,0,7.52887819820643e-20
0,0,6.716306866666559e-13
0,0,3.834672394515762e-17
0,0,4.252376309784844e-22
-1,0,3.2183828294565544e-30
0,0,4.014717893765146e-17
-1,0,5.294707802804126e-40
-1,0,1.4370986184775242e-77
-1,0,2.865701419363643e-54
0,0,3.197479261009754e-06
0,0,3.0409873840214733e-28
0,0,2.2959367219801966e-27
-1,0,5.3435659146735726e-36
0,0,0.24581950490428955
0,0,5.066665722411517e-09
0,0,1.5657013704564707e-27
0,0,0.24581950490428955
0,0,8.198430812682145e-79
0,0,0.013708596884227979
0,0,1.0448773478729135e-23
-1,0,5.38848616091857e-29
-1,0,1.1643677558899383e-46
-1,0,2.978865835779427e-73
-1,0,5.617276459016502e-51
0,0,6.61284233113623e-39
0,0,1.149498484560128e-44
0,0,7.453968033230415e-21
0,0,6.34610782177089e-11
0,0,2.2828843849918488e-06
0,0,4.027813215079277e-29
-1,0,1.382504542927536e-58
-1,0,5.200425971351079e-57
0,0,0.00024377618858677555
0,0,1.732014957021721e-23
0,0,1.1891293867519963e-10
0,0,4.75135129667646e-17
0,0,1.1693860540113193e-24
0,0,0.17071943780201443
-1,0,4.742530344820908e-48
0,0,1.5501230937363183e-28
0,0,6.705375374065342e-07
0,0,1.828580169472237e-16
0,0,6.31373187127903e-30
-1,0,1.9494820446491418e-45
0,0,1.8033448640498184e-48
0,0,0.00040402476746441646
0,1,0.999999999998431
0,0,1.0440270279832427e-20
-1,0,3.777149804973816e-37
-1,0,1.6335089964737252e-52
0,0,9.343859300987676e-26
-1,0,2.3841109810408467e-80
-1,0,1.632179648878564e-49
0,0,7.020205869383544e-07
0,0,1.1504347068976433e-47
-1,0,5.940121258157313e-50
0,0,2.0670422183572948e-16
0,0,1.3175859730924685e-12
0,0,7.453968033230415e-21
-1,1,0.9999999999994289
-1,0,4.175694637114633e-76
0,0,7.066082936978882e-31
0,0,1.548225830337815e-31
-1,0,3.5197020992999586e-67
0,0,6.256003189158061e-34
0,0,5.330530766478646e-27
0,0,1.0448773478729135e-23
0,0,1.648961753639649e-11
0,0,7.447902003290713e-18
0,0,1.936826247563229e-21
0,0,3.604822381376425e-34
-1,0,4.9631634703849295e-54
0,0,2.380779654783076e-37
0,0,4.0508328934053866e-50
-1,0,4.047536330621298e-47
-1,0,2.305301725538316e-42
-1,0,1.7021673351389226e-80
-1,0,2.5522549449923856e-41
0,0,1.828580169472237e-16
-1,0,7.74653793263897e-77
0,1,0.996541059690448
-1,0,2.2777160407565907e-43
-1,0,3.5197020992999586e-67
-1,0,2.0460051512251297e-54
0,0,1.5606109252363924e-15
0,0,1.107632123487792e-31
-1,0,5.01918498910826e-50
0,0,1.1142186588304187e-15
0,1,0.9993565019537483
0,0,7.767267233130505e-49
-1,0,1.47940079443788e-25
-1,0,9.130654274262153e-62
0,0,4.045171014696255e-07
0,0,2.4318488082253254e-32
0,0,2.888103287862245e-07
-1,0,1.1094371058238429e-37
-1,0,6.159629620004466e-60
-1,0,1.1681657238405313e-58
0,1,0.995717740418475
-1,0,4.0040034055016206e-45
0,0,0.003042324308450278
-1,0,7.319553133141664e-75
0,0,2.427892347674536e-26
0,0,3.033569168948816e-19
0,1,0.9998805588889411
0,0,1.9384037181046687e-24
0,0,1.5606109252363924e-15
0,0,1.6312264862217223e-09
0,1,0.9932368483549658
-1,0,3.549290184772087e-60
-1,0,2.8540598612580598e-39
-1,0,1.304176404425399e-50
0,0,1.6281980935008012e-40
0,0,1.939982473435238e-27
-1,0,1.7912257786552198e-61
0,0,3.3922896372222005e-17
0,0,3.4180216238495594e-07
-1,0,1.3813794624453301e-55
-1,0,7.472195782437812e-30
0,0,2.5501779230839485e-38
0,0,3.395052526757302e-20
0,1,0.9998805588889411
0,0,7.007177675642549e-38
-1,0,1.8266719274996128e-50
0,0,9.351469515279853e-29
0,0,1.3805727646999305e-15
0,0,4.9470271162620715e-42
-1,0,1.1643677558899383e-46
0,0,6.361626437401153e-20
0,0,2.273092814283679e-28
-1,0,5.239875246459016e-47
0,1,0.9998805588889411
-1,0,6.653366984036333e-54
-1,0,3.2019635993763507e-49
0,0,4.790191366299667e-47
0,1,0.9975279983946987
0,0,1.112405895979798e-09
0,1,0.999999999996922
-1,0,9.921187631463338e-40
-1,0,1.1094371058238429e-37
-1,0,1.1634201948544515e-43
0,0,0.00034140752203900887
-1,0,3.391509569309257e-54
-1,0,2.1653584892465557e-56
-1,0,8.714080347336863e-59
-1,0,4.230681953110083e-41
0,0,1.113311909066677e-12
0,0,5.070792352583759e-12
0,1,0.9999999999999545
0,0,9.305901025666618e-11
0,0,4.27764477072113e-06
0,0,4.0179877271937115e-20
0,1,0.998233833172175
0,0,1.2957098519973083e-26
0,0,2.7311359730592563e-08
0,1,0.9816338355075809
0,0,5.330530766478646e-27
-1,0,1.9206802077709954e-28
0,0,5.053143818988408e-37
0,0,1.8405286545824947e-40
0,0,1.8345446844149003e-28
-1,0,4.746392953519159e-51
0,0,5.03261604628071e-22
-1,0,2.4155059644569688e-45
-1,0,5.316304633822056e-55
0,0,7.060332567449385e-28
-1,0,1.640549242209476e-30
-1,0,7.313596489881136e-72
-1,0,3.4116771837809905e-38
0,0,1.9415625146013764e-30
-1,0,1.025200439509799e-74
0,0,3.987737636156239e-30
-1,1,0.9999999999995175
-1,0,1.9510698228509413e-48
-1,0,2.158318424659944e-44
-1,0,6.329171315156579e-39
0,1,0.9083862650298646
0,0,5.665797289303462e-07
0,0,1.0536610231398921e-16
0,0,0.0025718657341300983
0,0,0.02990112525388578
0,0,1.1049301545955205e-22
0,0,2.1929723084666376e-27
0,0,1.244961377612367e-10
0,0,6.676604432863693e-29
-1,0,2.3802321868439864e-74
0,0,2.307709917270032e-08
0,0,3.207919147301181e-18
-1,0,1.2757494748605525e-52
0,0,1.6503047696413446e-14
-1,0,5.66449763038305e-44
0,0,9.359085927799089e-32
0,0,1.5450832969768696e-16
-1,0,1.6295241982721285e-43
0,1,0.9990989279903383
-1,0,2.7011402725704737e-43
-1,0,3.4172368068023845e-44
-1,0,5.24841407633071e-53
0,0,4.791293137272075e-10
0,0,2.746744982306506e-29
-1,0,2.659529275743772e-69
0,0,1.1040309638062498e-19
-1,0,5.8248545706363646e-61
0,0,0.01160793322096587
-1,0,1.6057281592514359e-72
-1,0,3.045942935955951e-34
0,0,1.2396187560370935e-32
0,0,1.734837425183222e-29
0,1,0.9995404815407174
-1,0,6.698382371600431e-41
-1,0,4.7010645244675385e-61
-1,0,1.2312881001206258e-45
-1,0,1.5472452679712762e-59
-1,0,1.3545741115231133e-66
0,0,3.787257231398219e-09
-1,0,1.0361668962988503e-30
-1,0,2.433829455617438e-35
-1,0,9.359085927799089e-32
0,0,2.7039620249656493e-09
0,0,2.6934450273366903e-40
-1,0,5.834346674907289e-67
0,1,0.9999999999998941
-1,0,1.5472452679712762e-59
0,0,7.048845863512871e-22
0,1,0.951104399013151
-1,0,1.459583464423205e-51
0,0,5.6552818595099e-38
-1,0,1.727392551557571e-51
0,0,1.646251897763279e-05
-1,0,8.783788984113879e-43
0,0,5.339217327360255e-33
0,0,3.4180216238495594e-07
0,0,8.769498328179838e-37
-1,0,1.2302860793919933e-42
0,0,2.2828843849918488e-06
-1,0,1.277828418959879e-58
-1,0,5.956016689069447e-22
0,0,5.675033411334493e-13
-1,0,5.906365316063741e-29
-1,0,3.783304997238489e-43
-1,0,7.012884752555549e-41
0,0,1.936826247563229e-21
0,1,0.9998805588889411
-1,0,1.5459861216914146e-56
-1,0,2.151301248897345e-32
-1,0,4.0508328934053866e-50
0,0,1.9321015342186386e-12
0,0,1.6298963422228797e-06
-1,0,2.258728228155556e-50
0,0,3.2053085466781307e-15
-1,0,1.946310363589857e-39
0,0,1.5250014320596084e-51
0,0,1.049139346902292e-38
0,0,4.252376309784844e-22
-1,0,1.8222159257099913e-41
0,0,1.0431774000828583e-17
-1,0,1.3780097115535033e-46
-1,0,1.4583956572102927e-48
-1,0,1.278869161096898e-61
0,0,5.044922681181822e-31
0,0,6.3034598383334515e-24
-1,0,2.2417230158030694e-60
-1,0,7.920971871451542e-38
-1,0,7.035759580028909e-53
-1,0,1.100188462234794e-44
0,0,3.796518511010118e-18
-1,0,2.573710265735046e-34
-1,0,2.427892347674536e-26
-1,0,8.7909430426579e-46
0,0,4.238550881844789e-10
0,0,7.370770739119499e-25
0,1,0.9583694221824939
0,0,0.009825961931035833
0,0,2.8686950886959757e-20
0,0,2.4259165318935036e-23
-1,0,2.573710265735046e-34
0,0,3.0409873840214733e-28
0,0,5.960867635757781e-25
-1,0,8.389867987721564e-43
-1,0,7.848547625921419e-42
0,0,2.4135402286992343e-42
-1,0,4.9298093387798036e-67
0,0,1.116034374495416e-21
0,0,8.308294840778003e-07
0,0,1.2302860793919933e-42
0,1,0.9999999767798534
0,0,7.460039003718371e-24
0,0,0.00014707774493516926
-1,0,5.6552818595099e-38
0,1,0.5677175264054021
0,0,1.8207330086498854e-38
0,0,1.4599191775337103e-14
0,0,1.0510906014110416e-07
-1,0,6.698382371600431e-41
0,0,5.049031576816325e-34
0,1,0.9999999999993241
-1,0,1.0482855586031127e-35
0,0,4.7436211555379044e-11
-1,0,2.271637266996614e-71
0,0,0.3612910141494263
0,0,9.963946868827056e-18
0,1,0.9214744111588653
0,1,0.999999999999754
-1,0,4.504103341383476e-27
0,1,0.9998805588889411
0,0,1.9510698228509413e-48
-1,0,7.077597730217313e-37
-1,0,2.9812920075172143e-76
0,0,3.06156211347767e-15
-1,0,2.305301725538316e-42
0,0,8.850420854278487e-33
0,0,9.872842980795532e-22
0,0,1.037010814413349e-33
0,0,3.2183828294565544e-30
-1,0,8.857629181919924e-36
0,1,0.9999999999999105
0,0,1.7203752326477123e-36
0,0,1.149498484560128e-44
0,0,4.68578031261868e-49
-1,0,1.360412178306336e-44
0,0,2.419998726815956e-14
0,0,3.0409873840214733e-28
-1,0,2.5995752895380954e-33
0,0,3.197479261009754e-06
0,0,3.232253604199606e-08
0,1,0.9999999999956888
-1,0,1.3615201817414372e-47
0,0,1.640549242209476e-30
0,0,9.88893163226103e-28
0,0,3.0360398944490377e-22
-1,0,7.490468105332897e-39
-1,0,7.403874855311932e-34
0,0,1.3165137215303971e-09
-1,0,2.5237680096636667e-45
0,0,1.244961377612367e-10
0,0,2.41606148720688e-08
0,0,1.1629426353078543e-49
0,0,1.2802051381675538e-27
0,0,1.732014957021721e-23
0,0,7.940341620303329e-47
0,0,7.829401800258732e-33
-1,0,6.334326181946486e-42
-1,0,9.854513906144088e-53
0,0,7.52887819820643e-20
0,0,4.7707318054567175e-32
0,0,0.0013126465350366196
0,0,1.923810122274827e-34
-1,0,7.914525794367556e-35
-1,0,2.4233849306951414e-57
-1,0,4.0040034055016206e-45
0,0,5.675033411334493e-13
0,1,0.5564240532004004
0,0,9.24336223461183e-24
-1,0,4.2039465752520674e-63
0,0,3.587256553048226e-16
-1,0,1.8222159257099913e-41
0,0,3.389528996123036e-14
-1,0,4.697238803988491e-58
0,0,0.0367860510579545
-1,0,7.345117293630633e-50
0,0,7.0545868775634765e-25
-1,0,3.032871589961331e-56
-1,0,1.3108640421154913e-31
0,0,4.3021106843079686e-27
-1,0,1.5397057439993737e-41
0,0,0.06969986277065736
0,1,0.9999999999999545
0,0,1.81629149431837e-29
-1,0,2.573710265735046e-34
-1,0,1.1712916697177693e-30
0,0,0.002173999232644471
0,0,2.712781892743208e-21
0,0,5.339217327360255e-33
0,0,8.83602179260611e-27
0,0,5.040817129361416e-28
0,0,5.632307975375918e-23
0,0,9.273512497142755e-36
0,0,2.1658565349229757e-19
-1,0,2.6797038734852666e-59
0,1,0.9997657107404383
0,1,0.9999999928594738
0,0,3.1915532998090347e-37
0,1,0.9999999999997922
0,0,7.901649373359156e-29
0,1,0.9995404815407174
0,0,1.1772978927040375e-11
-1,0,9.381972405222036e-41
-1,0,1.543470902372709e-50
-1,0,9.192430506033977e-49
0,1,0.9975279983946987
0,0,5.020339432305583e-13
0,0,2.546028948724942e-32
-1,0,5.669111146001743e-47
0,0,0.25442472219205403
-1,0,1.0321367463790658e-61
0,0,4.602576135363293e-31
0,0,1.385075956313809e-27
-1,0,9.296189715413143e-45
-1,0,3.027937304260319e-50
0,0,3.045942935955951e-34
0,0,5.573979195787842e-30
0,0,0.00014707774493516926
0,0,2.7172026054456337e-27
0,0,6.006085452248122e-15
0,1,0.9999999999973992
0,0,3.234886254991489e-11
-1,0,8.714080347336863e-59
0,0,5.931817588182763e-07
-1,0,7.914525794367556e-35
0,0,1.7598210305496517e-06
-1,0,1.4359291094043531e-74
0,0,7.8230302427851e-30
0,1,0.999858646546025
0,0,8.740986728401187e-25
0,0,3.632167762432051e-24
0,0,3.0311004541219195e-16
-1,0,8.355785185159647e-28
0,0,1.47940079443788e-25
0,0,0.24581950490428955
0,0,2.0360352355280738e-36
0,0,9.359085927799089e-32
-1,0,9.303761104660064e-48
0,0,1.742314081836831e-07
0,0,2.7039620249656493e-09
0,0,1.3944471109681036e-14
0,0,0.14817349570447372
0,0,4.0616726947486607e-22
0,0,0.0013126465350366196
0,0,4.689596700596752e-52
-1,0,8.714080347336863e-59
-1,0,1.9269451372450114e-40
0,0,1.1058300777411465e-25
0,1,0.9999993253060184
0,1,0.9999999939665167
-1,0,7.496568803726682e-42
0,0,0.0013126465350366196
0,0,1.3955828345478274e-17
0,0,3.596028741565813e-25
0,0,7.497730858500664e-05
-1,0,1.2133075265843426e-74
0,0,5.9657225333556735e-28
-1,0,6.329171315156579e-39
-1,0,4.917783512518937e-58
0,1,0.999999999999946
0,0,2.7172026054456337e-27
0,0,2.5932338595484057e-24
-1,0,1.647240955157606e-45
-1,0,2.4155059644569688e-45
0,0,2.2495524236788168e-35
0,0,4.281147042884141e-09
-1,0,2.058171722556843e-38
0,1,0.9999999999997922
0,1,0.9998805588889411
0,0,6.217898819086403e-19
-1,0,6.631735400389162e-42
-1,0,3.580596759786742e-47
0,1,0.9975279983946987
0,0,1.3154406156422896e-06
-1,0,5.883392629144586e-60
0,0,1.1763397953153622e-08
0,1,0.9583694221824939
0,0,9.286947265086835e-11
0,0,1.55138560942096e-31
-1,0,8.671617772700603e-41
-1,0,8.260622285912105e-69
-1,0,1.294880159981203e-69
0,1,0.999858646546025
-1,0,4.017063777992501e-57
0,0,7.119684671000674e-21
0,1,0.998233833172175
-1,0,8.692823132487485e-50
-1,0,6.687484537196587e-35
-1,0,4.6694717861326225e-74
0,0,2.065360061963469e-13
0,0,1.3828225274154256e-21
0,0,1.3910261329174636e-05
0,0,5.024428305831158e-16
-1,0,5.225891055460911e-75
0,0,1.393312311619446e-11
0,0,1.4622982420909946e-20
-1,0,1.8390308346463473e-37
0,0,8.88856520274725e-11
0,0,5.304555758594713e-09
0,1,0.9993565019537483
0,0,1.385075956313809e-27
-1,0,2.8710315305943877e-23
0,0,1.6378801748166153e-24
-1,0,1.6031157435059116e-66
0,0,3.646983181207847e-39
0,0,1.0457283603154467e-26
-1,0,5.612705126401782e-48
0,0,3.2053085466781307e-15
0,0,2.0464757449049265e-17
0,0,7.974563627254879e-25
0,0,4.709808351248838e-30
-1,0,1.6348394267714128e-55
-1,0,6.513645378701929e-59
-1,0,2.999020262916922e-60
0,0,8.828831049031173e-24
-1,0,2.183561396836482e-49
-1,0,4.742530344820908e-48
-1,0,1.4421178073614388e-52
-1,0,1.6139621129722775e-53
0,0,1.8300694777432462e-19
0,1,0.9963792435860248
0,0,9.939640618274006e-09
-1,0,2.1548069803323655e-38
-1,0,1.0896815751855777e-54
0,0,6.293204517320368e-18
-1,0,1.8941738765359204e-60
0,0,8.383040323559765e-40
-1,0,6.687484537196587e-35
0,0,4.759094034523305e-23
0,0,1.332996019025807e-17
-1,0,4.495741408904358e-58
-1,0,3.604822381376425e-34
0,0,7.908084963093105e-32
0,0,9.351469515279853e-29
-1,0,2.174690948328966e-34
0,0,1.7437334332040087e-10
0,0,0.059537192980607785
0,0,1.864000068537346e-11
-1,0,1.5262434871162828e-54
0,0,2.0619994296892084e-07
0,0,2.4259165318935036e-23
0,0,3.2157637135019546e-27
0,0,3.240157782009982e-17
0,0,1.961074641247431e-29
-1,0,1.5551793294485353e-40
0,0,8.903049889241954e-17
0,0,2.1658565349229757e-19
-1,0,7.740233809678027e-74
0,0,9.872842980795532e-22
0,0,1.383948783218569e-24
0,0,2.288472118363846e-15
0,0,3.0923299034630655e-14
0,0,5.281791839576413e-31
0,1,0.9999999999999243
0,0,6.0158728879141e-21
-1,0,6.687484537196587e-35
0,0,2.675344168791728e-53
0,0,1.1013377794976757e-10
-1,0,1.4583956572102927e-48
0,0,5.0790556472829244e-18
0,0,6.34610782177089e-11
0,0,3.2157637135019546e-27
-1,0,2.707745574235793e-52
0,1,0.999999999998143
-1,0,3.050906563390897e-40
0,0,2.1822862362579864e-09
-1,0,3.619526259799896e-49
0,0,2.1658565349229757e-19
-1,0,9.846494314950593e-50
-1,0,5.027364185119825e-56
0,0,0.059537192980607785
0,1,0.9999999999999545
-1,0,9.937355064718066e-46
0,0,4.500437907670954e-24
0,0,4.259305924737836e-28
-1,0,6.631735400389162e-42
-1,0,4.172296461998271e-73
0,0,0.003042324308450278
0,1,0.9999461360071845
0,0,6.716306866666559e-13
0,0,5.960867635757781e-25
0,0,3.4579988462861393e-12
-1,0,3.3618562584598515e-67
0,0,4.787391699240734e-07
-1,0,1.5472452679712762e-59
0,1,0.9699191026903693
0,0,9.720752087140127e-48
0,0,5.313200019138955e-15
-1,0,1.7231787328716886e-42
0,0,7.096536933931475e-09
0,0,2.2828843849918488e-06
-1,0,7.089131287807255e-43
-1,0,3.388749563028412e-51
0,0,1.5450832969768696e-16
-1,0,1.0429375180844631e-54
0,0,7.472195782437812e-30
-1,0,6.904851442272413e-67
0,0,4.943001231731042e-39
0,0,2.2978066742015118e-30
-1,0,8.313156459266569e-47
-1,0,1.2353043507584072e-57
-1,0,2.2860839493229377e-49
0,0,6.001197707320965e-12
0,0,0.0070351474193042236
-1,0,5.888184426327323e-63
0,0,6.241825639054572e-71
0,0,7.472195782437812e-30
0,0,7.381084353003991e-68
0,0,2.1640939635613518e-16
0,0,1.8469568571044408e-15
0,0,4.7707318054567175e-32
0,0,6.967357969347238e-17
-1,0,4.269721526179681e-37
-1,0,3.340031502106774e-43
-1,0,7.440129634625645e-52
-1,0,4.937842889439795e-73
-1,0,7.829401800258732e-33
0,0,4.934959288782281e-33
0,0,3.805802423547981e-27
0,0,4.4894594943780166e-15
0,0,5.941487522319699e-13
0,0,1.8315599989986171e-22
0,1,0.9999999999998517
-1,0,2.271637266996614e-71
0,0,1.8270920731981182e-13
0,0,1.6325550601629224e-12
0,0,1.5413139677470816e-07
-1,0,1.6980150510984922e-71
0,0,3.4180216238495594e-07
0,0,2.2023752744634195e-05
-1,0,3.3942718235089514e-57
-1,0,2.5522549449923856e-41
-1,0,4.697238803988491e-58
0,0,3.62625846066245e-18
-1,0,8.676684781615533e-81
0,0,2.427892347674536e-26
0,0,8.807293910170932e-15
0,0,3.0311004541219195e-16
-1,0,1.643222659078504e-36
-1,0,1.625549120627163e-34
0,0,1.547601143831972e-22
0,0,1.9206802077709954e-28
0,0,6.29833009053569e-21
-1,0,4.047536330621298e-47
0,0,1.1504347068976433e-47
0,0,0.28767782301502726
-1,0,8.369401659748302e-34
0,0,1.3175859730924685e-12
0,0,1.3910261329174636e-05
-1,0,1.023532504775573e-68
-1,0,8.16512570000169e-64
0,0,2.169385985455384e-25
-1,0,3.1449468566894663e-66
0,1,0.9998020269621882
0,0,2.0498106541156183e-23
0,0,3.01809280308785e-38
0,0,2.044810325482085e-14
0,0,6.676604432863693e-29
0,0,1.1214992939794102e-39
0,0,3.4208066391677616e-10
0,0,0.00014707774493516926
-1,0,1.8266719274996128e-50
0,0,1.112405895979798e-09
0,0,7.037377847699805e-16
0,0,4.031093714143766e-32
-1,0,3.223627462611041e-36
0,1,0.9999997925218902
0,0,1.7362503835917817e-32
0,0,1.0457283603154467e-26
0,0,1.2195292011345989e-55
0,0,1.819251298385844e-35
0,0,2.1729211875326244e-31
0,0,3.6018887813938043e-31
-1,0,7.434074866357561e-49
0,0,5.632307975375918e-23
-1,0,6.676604432863693e-29
-1,0,2.8078062917645664e-62
0,0,3.4180216238495594e-07
-1,0,2.8633693151031184e-51
0,0,3.834672394515762e-17
0,0,1.3097972625839851e-28
0,0,7.478281598727064e-33
0,0,1.0448773478729135e-23
0,0,4.255839706859435e-25
0,0,4.4894594943780166e-15
0,0,3.790341821199789e-12
0,0,6.682042270575227e-32
0,0,1.0482855586031127e-35
0,1,0.9999999999999243
0,0,1.3910261329174636e-05
-1,0,2.521714170387829e-42
-1,0,6.55087203578392e-80
0,0,2.4239423240289203e-20
0,0,1.3805727646999305e-15
-1,0,3.1791398186207146e-68
-1,0,1.2225114077030121e-64
-1,0,2.856384383326254e-42
0,1,0.9999963631396123
0,0,1.7217764121562713e-39
-1,0,6.968567518168302e-63
0,0,3.4235927558749635e-13
-1,0,9.822474678130136e-41
-1,0,7.307644694129089e-69
0,0,4.295111428782668e-21
0,0,1.2416388220054213e-38
0,0,4.766849389830948e-29
0,0,2.065360061963469e-13
0,0,3.8284336306751185e-11
0,0,3.3922896372222005e-17
0,0,2.051480146113914e-26
-1,0,5.608137513931793e-45
0,0,6.308593764113644e-27
0,0,3.0360398944490377e-22
0,0,3.4089007651205997e-35
-1,0,1.3873330573694646e-33
-1,0,8.7909430426579e-46
0,1,0.9999999999988798
0,0,4.75135129667646e-17
-1,0,1.946310363589857e-39
0,1,0.9999999999994289
0,0,7.888793901454001e-23
0,0,2.3095895115517215e-11
0,1,0.9999999999990534
-1,0,4.5187949541065195e-39
-1,0,1.1532479514974848e-56
0,0,1.3805727646999305e-15
0,0,0.0015531210928195823
0,0,8.873316656122791e-05
0,0,3.587256553048226e-16
0,0,5.632307975375918e-23
-1,0,4.945889531465209e-79
0,0,9.963946868827056e-18
-1,0,8.850420854278487e-33
0,1,0.9999999615097016
0,0,6.29833009053569e-21
0,0,7.882374010762086e-20
-1,0,2.2879458768396567e-52
0,0,9.832726107210103e-07
0,0,4.5077717604507894e-30
0,0,1.734837425183222e-29
0,0,4.048467287056672e-10
-1,0,4.220361585193731e-32
-1,0,7.760946240690533e-46
0,0,3.0665511937131826e-21
-1,0,3.1585012348684007e-44
0,0,3.2131467289806698e-24
-1,0,8.319927205706716e-50
-1,0,2.3015511488972238e-36
-1,0,2.875710124767539e-29
-1,0,6.687484537196587e-35
-1,0,1.1712916697177693e-30
-1,0,1.8910921782849973e-54
-1,0,4.9338244790211617e-70
0,0,0.47246231894250557
0,1,0.9999999999997922
-1,0,5.002866496502554e-38
0,0,3.197479261009754e-06
0,0,1.1646355662282207e-09
0,0,5.016253883788931e-10
-1,0,7.415940109694486e-40
0,0,2.4056932697883617e-30
-1,0,1.0378554198667032e-36
0,1,0.9998327148965551
0,0,3.2027000705484146e-12
0,0,6.649481551906991e-14
0,1,0.9999999999998745
-1,0,1.8207330086498854e-38
0,0,1.84996663303257e-21
0,0,4.259305924737836e-28
0,0,3.796518511010118e-18
-1,0,1.1473644241302914e-75
0,0,9.947736172329814e-12
-1,0,1.2416388220054213e-38
0,0,0.009825961931035833
0,0,3.2157637135019546e-27
-1,0,5.24841407633071e-53
-1,0,2.8850901980595577e-41
0,1,0.992005843600266
-1,0,3.546401776822283e-57
0,0,6.716306866666559e-13
0,1,0.9996116960617354
0,1,0.9993565019537483
0,0,1.7291970808332152e-17
-1,0,1.5564459632428406e-43
-1,0,6.658785895738872e-57
0,0,4.511443167304446e-33
-1,0,6.5684018014795354e-52
-1,1,0.9999999999988798
0,0,1.1031325047773203e-16
0,0,0.195906971427103
0,0,9.9558382212241e-15
0,0,1.4670680081976434e-32
0,0,3.240157782009982e-17
0,0,3.0311004541219195e-16
0,0,1.0908199164976047e-20
0,0,9.88893163226103e-28
-1,0,2.2860839493229377e-49
0,0,1.648961753639649e-11
0,0,1.53907372714059e-47
0,0,6.984395774330788e-26
0,0,1.2054308837081271e-50
-1,0,3.9689948185585506e-58
0,1,0.9998805588889411
0,0,4.255839706859435e-25
0,0,6.371993257850351e-26
-1,0,4.4085025803292833e-69
0,0,4.0616726947486607e-22
-1,1,0.999999999998431
0,0,1.1684344090910294e-21
0,0,7.522751206467332e-17
0,0,4.252376309784844e-22
0,0,0.0013126465350366196
0,0,3.6174125163797505e-09
0,0,8.475414395904624e-05
0,0,7.8230302427851e-30
-1,1,0.9999999999939615
0,0,1.3944471109681036e-14
-1,0,4.431108776786326e-50
0,0,8.89580459828451e-14
0,0,1.1049301545955205e-22
0,1,0.9995404815407174
0,0,2.5653425582224008e-22
0,0,1.936826247563229e-21
0,0,5.5365201766018914e-43
0,0,6.671171020457649e-26
-1,0,9.913113781274879e-37
0,0,9.229925940281934e-64
-1,0,5.006941138990964e-41
0,0,1.6516488794508114e-17
-1,0,1.6938728961813737e-62
0,0,4.284633890939898e-12
0,0,2.4239423240289203e-20
-1,0,1.1019813144810706e-50
0,0,7.510512176782339e-11
0,0,9.305901025666618e-11
0,0,3.825317909951081e-08
0,1,0.7830138077938198
0,0,8.405472868635131e-12
-1,0,5.9851816972402814e-40
-1,0,3.3618562584598515e-67
0,0,3.8377955878047986e-20
0,0,2.8698530324713043e-29
-1,0,6.318874163235277e-33
-1,0,6.271301464742816e-43
0,1,0.7203891326024138
0,0,1.3712948503295975e-28
0,0,6.34610782177089e-11
-1,0,8.145207610615105e-55
0,1,0.9999999999244293
0,0,2.1764621505274283e-37
-1,0,1.0346607080699582e-70
-1,0,8.812440197510748e-55
-1,0,8.83602179260611e-27
0,0,1.3862040474481952e-30
0,1,0.9999984335483707
0,0,0.14817349570447372
0,1,0.9426474162673402
0,0,3.796518511010118e-18
0,1,0.9998020269621882
-1,0,3.350926112108472e-55
0,0,4.747484652884506e-14
0,1,0.9999999999999545
0,0,3.0533914095326583e-43
0,0,6.20635520071289e-50
0,0,7.453968033230415e-21
0,0,9.88088403196471e-25
0,1,0.9951619999287069
0,0,8.272647534337451e-29
0,0,1.730605445398075e-20
0,0,5.93421547608751e-16
-1,0,4.15873139334436e-61
-1,0,1.543470902372709e-50
0,0,5.646081082099326e-32
-1,0,1.311931690497927e-34
-1,0,1.6005075779916083e-60
-1,0,5.303335987068368e-46
0,0,1.8345446844149003e-28
-1,1,0.9999999999992002
0,0,1.8424479774336362e-06
0,0,1.3044763729629003e-13
0,1,0.9998020269621882
0,0,1.1763397953153622e-08
-1,0,5.521744298938084e-71
-1,0,1.8062835704635613e-54
-1,0,2.271637266996614e-71
0,0,2.519662002523883e-39
0,0,7.447902003290713e-18
-1,0,6.271301464742816e-43
0,0,9.704937052905052e-42
0,0,4.5382704678472834e-17
0,0,7.856746033200837e-08
0,0,9.399422559249699e-10
-1,0,5.646081082099326e-32
0,0,1.7437334332040087e-10
0,1,0.9083862650298646
0,0,1.2843809477949827e-39
-1,0,1.3567815071848547e-72
0,0,8.828831049031173e-24
0,0,3.258675867602502e-38
-1,0,6.169667269170699e-66
0,0,1.0770843559255283e-49
-1,0,2.4358117161707646e-38
0,0,9.872842980795532e-22
0,0,5.062516872574578e-06
0,0,1.936826247563229e-21
0,1,0.9999999999939615
-1,0,8.676684781615533e-81
-1,0,1.4560229419059314e-42
0,0,3.3978176665597694e-23
0,0,0.0367860510579545
0,0,0.11047258117099837
-1,0,1.7362503835917817e-32
0,0,8.843218392765145e-30
0,1,0.9998805588889411
-1,0,4.488427128727502e-52
0,0,4.014717893765146e-17
0,0,2.6064636687312718e-05
0,1,0.9998805588889411
0,0,6.71084113997029e-10
-1,0,4.556781831279872e-32
0,0,1.9415625146013764e-30
-1,0,2.4318488082253254e-32
0,1,0.9998805588889411
0,0,3.808902103355266e-30
0,0,5.330530766478646e-27
0,0,1.7362503835917817e-32
-1,0,1.3556773600771915e-69
-1,0,7.066082936978882e-31
0,0,1.2446750948942842e-47
0,1,0.9992385207630193
-1,0,3.3454743722937816e-49
0,1,0.9996718776349768
0,0,6.705375374065342e-07
0,0,9.343859300987676e-26
0,0,4.504103341383476e-27
-1,0,1.6335089964737252e-52
0,0,4.7232644009916385e-33
0,0,1.6378801748166153e-24
0,0,1.1130558994135856e-49
0,1,0.8933691021372658
0,0,1.4658741100722708e-29
-1,0,1.2988783488465757e-35
0,0,1.0852548783606978e-39
0,0,7.460039003718371e-24
-1,0,2.556414065150677e-47
0,0,7.901649373359156e-29
0,1,0.9999999999992002
-1,0,3.2262529832870655e-39
0,0,1.0843716992868143e-36
0,0,4.0179877271937115e-20
-1,0,1.1464307003851e-72
0,1,0.9970757539106633
0,0,1.1013377794976757e-10
0,1,0.9998327148965551
-1,0,1.4730521004355505e-47
-1,0,4.979352458527829e-66
-1,0,2.3963363750903553e-61
-1,0,4.0508328934053866e-50
-1,0,9.744522974050597e-57
-1,0,1.9147679972645311e-62
0,1,0.9426474162673402
0,0,1.4730521004355505e-47
0,0,3.7441246888705843e-50
-1,0,1.8222159257099913e-41
0,0,8.910301081209826e-20
0,0,1.7362503835917817e-32
0,1,0.9699191026903693
0,0,3.0434641513727923e-31
0,0,1.2972885948713747e-38
-1,0,2.5190825981422333e-76
-1,0,8.83602179260611e-27
0,0,1.3154406156422896e-06
-1,0,1.392991914991358e-48
0,0,6.716306866666559e-13
0,0,1.0966115035602482e-32
-1,0,8.655518789883477e-72
0,0,2.5826991605847565e-09
0,0,5.627724410131669e-20
0,0,1.7334256166384623e-26
-1,0,8.213679626760746e-48
0,0,6.250912061522534e-31
-1,0,8.776640747533828e-40
0,0,8.298132843077709e-10
0,1,0.5145458140907258
0,0,1.730605445398075e-20
0,0,0.0005657986584487429
-1,0,1.2988783488465757e-35
0,0,9.963946868827056e-18
0,0,1.935250060765373e-18
0,0,4.266246832097746e-34
-1,0,2.0426764333212087e-48
-1,0,6.144603757835797e-51
-1,0,4.778506125518662e-38
0,1,0.9999999974012914
-1,0,9.303761104660064e-48
0,0,9.939640618274006e-09
-1,0,2.382170794481675e-77
0,0,1.648961753639649e-11
-1,1,0.999999999999754
0,0,1.94993039940267e-08
-1,0,1.9336751566663606e-15
0,0,0.06969986277065736
-1,0,1.1741559174190386e-39
0,1,0.995908998538239
0,0,1.379449256294559e-12
-1,0,6.5189504925269685e-62
-1,0,4.654290289339702e-62
0,0,4.291616072429488e-18
0,0,1.3076663072460286e-22
0,0,1.1753686901975342e-05
0,0,5.675033411334493e-13
-1,0,1.24265008910658e-41
0,1,0.9999984335483707
-1,0,1.207395237581824e-56
0,0,3.3922896372222005e-17
0,0,1.2272849072116175e-33
-1,0,7.071837989963259e-34
0,0,4.7629701337101997e-26
-1,0,8.850420854278487e-33
0,1,0.9888388702745229
-1,0,2.707745574235793e-52
0,1,0.9998805588889411
-1,0,1.2376019765853162e-26
0,0,2.273092814283679e-28
-1,0,4.0508328934053866e-50
-1,0,4.2039465752520674e-63
0,0,1.0519467847682617e-10
0,1,0.9999999999997089
0,0,1.383948783218569e-24
-1,0,4.73481455502469e-42
-1,0,5.517250710276817e-68
-1,0,1.2906702150674437e-57
0,0,1.5488616054853637e-25
0,0,1.1703384740098063e-27
0,0,5.52751261675961e-37
-1,0,3.1662249557274037e-53
0,1,0.7203891326024138
-1,0,3.032871589961331e-56
0,0,2.384659341126357e-43
-1,0,2.3885453497540598e-49
0,0,3.4089007651205997e-35
-1,0,3.5579695312710355e-69
0,0,0.022520688130870985
0,0,3.2295190033169595e-05
-1,0,2.6573649541180693e-66
0,0,3.8315517428773746e-14
-1,0,8.362590651058703e-31
-1,0,8.233765155923364e-57
-1,0,5.911175823616906e-32
0,1,0.8762257613637073
0,0,5.32185833806907e-21
0,0,0.3612910141494263
0,0,2.1822862362579864e-09
-1,0,9.40491484867111e-50
0,0,1.4524711049629157e-33
0,0,1.94993039940267e-08
0,0,3.571862216199946e-38
-1,0,1.8062835704635613e-54
0,0,3.8377955878047986e-20
0,0,0.14817349570447372
0,0,8.5037804749104e-17
0,0,8.376218215742594e-37
0,0,1.0966115035602482e-32
0,0,7.497730858500664e-05
-1,0,2.0564967849619377e-35
-1,0,9.88088403196471e-25
0,0,1.6365472699619523e-21
-1,0,1.632179648878564e-49
0,0,5.9657225333556735e-28
-1,0,1.7302074871095864e-57
0,0,1.472191650983598e-07
-1,0,7.428025025452384e-46
-1,0,1.518457047683406e-73
0,0,5.028520509584594e-19
0,0,1.4634892278093264e-23
0,0,2.273092814283679e-28
0,0,1.644561000781062e-39
-1,0,5.612705126401782e-48
0,1,0.9992385207630193
0,0,1.0925975018883873e-26
-1,0,7.307644694129089e-69
-1,0,1.2312881001206258e-45
0,0,4.534577228969419e-14
0,1,0.9916336422919959
0,1,0.9989337726694628
0,0,1.843951974486688e-09
-1,0,2.0564967849619377e-35
0,0,1.2999362353425032e-38
-1,0,8.620356813745442e-57
0,0,0.01618318896968751
0,0,2.4239423240289203e-20
0,0,7.52887819820643e-20
-1,0,8.812440197510748e-55
0,0,2.0464757449049265e-17
-1,0,1.304176404425399e-50
0,1,0.9995404815407174
0,0,1.2165542693907305e-46
0,0,2.169385985455384e-25
-1,0,4.1689010523128414e-70
-1,0,3.8275532701945874e-48
0,0,0.1281449658120072
0,0,3.5989575687712366e-28
0,0,0.14247520701454364
0,0,1.936826247563229e-21
0,1,0.9999999999978024
0,0,8.685748923804656e-47
-1,0,2.2978066742015118e-30
0,0,6.250912061522534e-31
-1,0,7.030033887609685e-50
0,1,0.9999999999995175
-1,0,4.241027558199196e-50
0,0,0.026543175832607572
0,1,0.998233833172175
-1,0,5.815377909404565e-55
0,0,4.259305924737836e-28
0,1,0.999999999999936
-1,0,2.5647526494500607e-59
-1,0,4.007264512391281e-48
0,0,1.6281980935008012e-40
0,0,9.328657446912176e-20
0,0,4.4967754568839694e-21
-1,0,1.2292848741066042e-39
0,0,1.7203752326477123e-36
0,0,9.313480325268148e-14
0,0,2.305778791629422e-05
0,0,7.856746033200837e-08
-1,0,1.047432465115792e-32
-1,0,1.1751122222879363e-42
-1,0,1.4347605520762153e-71
0,0,1.7390797537471444e-38
-1,0,4.0508328934053866e-50
0,0,3.1811768464532055e-25
-1,1,0.9999999999992002
0,0,1.5488616054853637e-25
0,0,6.2880831152900875e-15
0,0,5.044922681181822e-31
0,0,1.1058300777411465e-25
-1,0,5.049031576816325e-34
-1,0,7.030033887609685e-50
-1,0,7.446189334269782e-55
-1,0,6.5348917729486765e-71
0,0,0.0002884921269176837
-1,0,2.4397810820174225e-44
0,0,1.7291970808332152e-17
-1,0,1.5551793294485353e-40
0,0,2.5632548856305507e-19
0,0,0.08144701269382977
0,0,3.2157637135019546e-27
0,0,5.281791839576413e-31
0,0,9.343859300987676e-26
0,0,1.4745909316855616e-13
0,1,0.9744636507168131
0,0,4.255839706859435e-25
0,0,3.033569168948816e-19
0,0,1.3208079652693636e-21
-1,0,2.5278807078972538e-51
-1,0,1.903449135399398e-78
0,1,0.9583694221824939
0,0,2.8710315305943877e-23
-1,0,1.1643677558899383e-46
0,0,3.56605102764933e-32
0,0,1.3044763729629003e-13
0,0,8.279385287815223e-32
0,0,1.4658741100722708e-29
0,0,1.107632123487792e-31
0,0,3.1296219416889725e-48
0,0,1.470655540047054e-41
-1,0,4.9137814263962204e-55
-1,0,3.55218094521936e-63
-1,0,3.5579695312710355e-69
-1,0,1.4619619819069313e-57
-1,0,4.0137946964726494e-54
-1,0,4.0508328934053866e-50
0,0,1.1067307338395804e-28
0,0,4.3021106843079686e-27
-1,0,7.434074866357561e-49
0,0,1.165584118493112e-12
0,0,5.913561859441099e-41
-1,0,8.198430812682145e-79
-1,0,3.93270489607024e-62
-1,0,1.4347605520762153e-71
0,0,1.037010814413349e-33
0,0,1.6338847135188113e-15
0,0,1.179216401449781e-17
0,0,0.008315245403467647
0,0,5.670415072971314e-10
0,0,1.306602130027202e-19
0,0,2.569523005778337e-28
0,1,0.9995404815407174
0,0,6.2880831152900875e-15
0,0,6.644070211626927e-11
0,0,9.947736172329814e-12
0,1,0.9987383846518528
-1,0,2.9691808769224676e-61
0,0,2.7288389848682037e-05
-1,0,4.20737052816916e-66
-1,0,2.382170794481675e-77
-1,0,4.511443167304446e-33
0,0,1.0237679235024148e-31
0,0,1.379449256294559e-12
-1,0,9.175364626904693e-80
-1,0,3.348199132594854e-52
-1,0,8.699903102841407e-53
0,0,8.873316656122791e-05
0,0,3.232253604199606e-08
-1,0,1.2302860793919933e-42
0,0,1.3165137215303971e-09
0,0,7.0545868775634765e-25
0,1,0.999518916614214
-1,0,5.069626307598437e-49
0,0,7.460039003718371e-24
0,0,0.06969986277065736
-1,0,3.22100407858044e-33
0,0,6.324020643390781e-36
-1,0,5.2925344364925785e-46
0,1,0.9999999999992002
0,0,2.7149913493356813e-24
0,0,1.1466943864474914e-35
0,0,6.5310755279537e-31
-1,0,2.875710124767539e-29
0,0,7.037377847699805e-16
0,0,6.28296588101103e-12
-1,0,5.970581385081073e-31
0,0,3.523378973716262e-33
-1,0,2.83833374358483e-64
-1,0,9.68691969801768e-73
0,1,0.9999999978041865
0,1,0.9999999988806987
-1,1,0.9999999999998244
0,0,3.1585012348684007e-44
0,1,0.9999999999859805
0,0,2.8710315305943877e-23
-1,0,3.035341747310234e-59
0,0,1.939982473435238e-27
-1,0,5.970581385081073e-31
-1,0,9.720752087140127e-48
0,0,6.698382371600431e-41
0,0,4.541966714725971e-20
0,0,3.223627462611041e-36
0,0,3.374983186435037e-36
0,0,8.857629181919924e-36
0,1,0.9998248619036796
0,0,2.866360548191062e-17
0,0,3.777149804973816e-37
0,0,2.2922013815935168e-21
